[2026-01-01 15:50:40.913] [13579] [HailoRT] [info] [device.cpp:49] [Device] OS Version: Linux 6.12.47+rpt-rpi-2712 #1 SMP PREEMPT Debian 1:6.12.47-1+rpt1~bookworm (2025-09-16) aarch64
[2026-01-01 15:50:40.915] [13579] [HailoRT] [info] [control.cpp:108] [control__parse_identify_results] firmware_version is: 4.20.0
[2026-01-01 15:50:40.915] [13579] [HailoRT] [info] [control.cpp:108] [control__parse_identify_results] firmware_version is: 4.20.0
[2026-01-01 15:50:40.967] [13587] [HailoRT] [info] [device.cpp:49] [Device] OS Version: Linux 6.12.47+rpt-rpi-2712 #1 SMP PREEMPT Debian 1:6.12.47-1+rpt1~bookworm (2025-09-16) aarch64
[2026-01-01 15:50:40.968] [13587] [HailoRT] [info] [control.cpp:108] [control__parse_identify_results] firmware_version is: 4.20.0
[2026-01-01 15:50:40.969] [13587] [HailoRT] [info] [control.cpp:108] [control__parse_identify_results] firmware_version is: 4.20.0
[2026-01-01 15:50:41.011] [13595] [HailoRT] [info] [device.cpp:49] [Device] OS Version: Linux 6.12.47+rpt-rpi-2712 #1 SMP PREEMPT Debian 1:6.12.47-1+rpt1~bookworm (2025-09-16) aarch64
[2026-01-01 15:50:41.012] [13595] [HailoRT] [info] [control.cpp:108] [control__parse_identify_results] firmware_version is: 4.20.0
[2026-01-01 15:50:41.013] [13595] [HailoRT] [info] [control.cpp:108] [control__parse_identify_results] firmware_version is: 4.20.0
[2026-01-01 15:51:05.951] [13646] [HailoRT] [info] [device.cpp:49] [Device] OS Version: Linux 6.12.47+rpt-rpi-2712 #1 SMP PREEMPT Debian 1:6.12.47-1+rpt1~bookworm (2025-09-16) aarch64
[2026-01-01 15:51:05.952] [13646] [HailoRT] [info] [control.cpp:108] [control__parse_identify_results] firmware_version is: 4.20.0
[2026-01-01 15:51:05.953] [13646] [HailoRT] [info] [control.cpp:108] [control__parse_identify_results] firmware_version is: 4.20.0
[2026-01-01 15:51:05.995] [13654] [HailoRT] [info] [device.cpp:49] [Device] OS Version: Linux 6.12.47+rpt-rpi-2712 #1 SMP PREEMPT Debian 1:6.12.47-1+rpt1~bookworm (2025-09-16) aarch64
[2026-01-01 15:51:05.996] [13654] [HailoRT] [info] [control.cpp:108] [control__parse_identify_results] firmware_version is: 4.20.0
[2026-01-01 15:51:05.997] [13654] [HailoRT] [info] [control.cpp:108] [control__parse_identify_results] firmware_version is: 4.20.0
[2026-01-01 15:51:06.039] [13662] [HailoRT] [info] [device.cpp:49] [Device] OS Version: Linux 6.12.47+rpt-rpi-2712 #1 SMP PREEMPT Debian 1:6.12.47-1+rpt1~bookworm (2025-09-16) aarch64
[2026-01-01 15:51:06.042] [13662] [HailoRT] [info] [control.cpp:108] [control__parse_identify_results] firmware_version is: 4.20.0
[2026-01-01 15:51:06.043] [13662] [HailoRT] [info] [control.cpp:108] [control__parse_identify_results] firmware_version is: 4.20.0
[2026-01-01 15:51:06.133] [13618] [HailoRT] [info] [vdevice.cpp:523] [create] Creating vdevice with params: device_count: 1, scheduling_algorithm: ROUND_ROBIN, multi_process_service: false
[2026-01-01 15:51:06.146] [13618] [HailoRT] [info] [device.cpp:49] [Device] OS Version: Linux 6.12.47+rpt-rpi-2712 #1 SMP PREEMPT Debian 1:6.12.47-1+rpt1~bookworm (2025-09-16) aarch64
[2026-01-01 15:51:06.147] [13618] [HailoRT] [info] [control.cpp:108] [control__parse_identify_results] firmware_version is: 4.20.0
[2026-01-01 15:51:06.147] [13618] [HailoRT] [info] [vdevice.cpp:651] [create] VDevice Infos: 0001:01:00.0
[2026-01-01 15:51:06.168] [13618] [HailoRT] [info] [hef.cpp:1929] [get_network_group_and_network_name] No name was given. Addressing all networks of default network_group: yolov6n
[2026-01-01 15:51:06.168] [13618] [HailoRT] [info] [hef.cpp:1929] [get_network_group_and_network_name] No name was given. Addressing all networks of default network_group: yolov6n
[2026-01-01 15:51:06.188] [13618] [HailoRT] [info] [internal_buffer_manager.cpp:202] [print_execution_results] Default Internal buffer planner failed to meet requirements
[2026-01-01 15:51:06.188] [13618] [HailoRT] [info] [internal_buffer_manager.cpp:212] [print_execution_results] Default Internal buffer planner executed successfully
[2026-01-01 15:51:06.194] [13618] [HailoRT] [info] [device_internal.cpp:57] [configure] Configuring HEF took 13.460051 milliseconds
[2026-01-01 15:51:06.194] [13618] [HailoRT] [info] [vdevice.cpp:749] [configure] Configuring HEF on VDevice took 14.514238 milliseconds
[2026-01-01 15:51:06.194] [13618] [HailoRT] [info] [infer_model.cpp:436] [configure] Configuring network group 'yolov6n' with params: batch size: 2, power mode: PERFORMANCE, latency: NONE
[2026-01-01 15:51:06.194] [13618] [HailoRT] [info] [multi_io_elements.cpp:756] [create] Created (AsyncHwEl)
[2026-01-01 15:51:06.194] [13618] [HailoRT] [info] [queue_elements.cpp:450] [create] Created (EntryPushQEl0yolov6n/input_layer1 | timeout: 10s)
[2026-01-01 15:51:06.194] [13618] [HailoRT] [info] [filter_elements.cpp:101] [create] Created (PreInferEl3yolov6n/input_layer1 | Reorder - src_order: RGB4, src_shape: (640, 640, 3), dst_order: NHCW, dst_shape: (640, 640, 3))
[2026-01-01 15:51:06.194] [13618] [HailoRT] [info] [queue_elements.cpp:450] [create] Created (PushQEl3yolov6n/input_layer1 | timeout: 10s)
[2026-01-01 15:51:06.194] [13618] [HailoRT] [info] [multi_io_elements.cpp:135] [create] Created (NmsPPMuxEl0YOLOX-Post-Process | Op YOLOX, Name: YOLOX-Post-Process, Score threshold: 0.300, IoU threshold: 0.45, Classes: 80, Cross classes: false, NMS results order: BY_CLASS, Max bboxes per class: 100, Image height: 640, Image width: 640)
[2026-01-01 15:51:06.195] [13618] [HailoRT] [info] [queue_elements.cpp:942] [create] Created (MultiPushQEl0YOLOX-Post-Process | timeout: 10s)
[2026-01-01 15:51:06.195] [13618] [HailoRT] [info] [edge_elements.cpp:187] [create] Created (LastAsyncEl0NmsPPMuxEl0YOLOX-Post-Process)
[2026-01-01 15:51:06.195] [13618] [HailoRT] [info] [pipeline.cpp:891] [print_deep_description] EntryPushQEl0yolov6n/input_layer1 | inputs: user | outputs: PreInferEl3yolov6n/input_layer1(running in thread_id: 13692)
[2026-01-01 15:51:06.195] [13618] [HailoRT] [info] [pipeline.cpp:891] [print_deep_description] PreInferEl3yolov6n/input_layer1 | inputs: EntryPushQEl0yolov6n/input_layer1[0] | outputs: PushQEl3yolov6n/input_layer1
[2026-01-01 15:51:06.195] [13618] [HailoRT] [info] [pipeline.cpp:891] [print_deep_description] PushQEl3yolov6n/input_layer1 | inputs: PreInferEl3yolov6n/input_layer1[0] | outputs: AsyncHwEl(running in thread_id: 13693)
[2026-01-01 15:51:06.195] [13618] [HailoRT] [info] [pipeline.cpp:891] [print_deep_description] AsyncHwEl | inputs: PushQEl3yolov6n/input_layer1[0] | outputs: MultiPushQEl0YOLOX-Post-Process MultiPushQEl0YOLOX-Post-Process MultiPushQEl0YOLOX-Post-Process MultiPushQEl0YOLOX-Post-Process MultiPushQEl0YOLOX-Post-Process MultiPushQEl0YOLOX-Post-Process MultiPushQEl0YOLOX-Post-Process MultiPushQEl0YOLOX-Post-Process MultiPushQEl0YOLOX-Post-Process
[2026-01-01 15:51:06.195] [13618] [HailoRT] [info] [pipeline.cpp:891] [print_deep_description] MultiPushQEl0YOLOX-Post-Process | inputs: AsyncHwEl[0] AsyncHwEl[1] AsyncHwEl[2] AsyncHwEl[3] AsyncHwEl[4] AsyncHwEl[5] AsyncHwEl[6] AsyncHwEl[7] AsyncHwEl[8] | outputs: NmsPPMuxEl0YOLOX-Post-Process(running in thread_id: 13694)
[2026-01-01 15:51:06.195] [13618] [HailoRT] [info] [pipeline.cpp:891] [print_deep_description] NmsPPMuxEl0YOLOX-Post-Process | inputs: MultiPushQEl0YOLOX-Post-Process[0] | outputs: LastAsyncEl0NmsPPMuxEl0YOLOX-Post-Process
[2026-01-01 15:51:06.195] [13618] [HailoRT] [info] [pipeline.cpp:891] [print_deep_description] LastAsyncEl0NmsPPMuxEl0YOLOX-Post-Process | inputs: NmsPPMuxEl0YOLOX-Post-Process[0] | outputs: user
[2026-01-01 15:51:07.382] [13684] [HailoRT] [info] [hef.cpp:1929] [get_network_group_and_network_name] No name was given. Addressing all networks of default network_group: yolov6n
[2026-01-01 15:51:20.933] [13618] [HailoRT] [info] [async_infer_runner.cpp:86] [shutdown] Pipeline was aborted. Shutting it down
[2026-01-01 15:51:20.934] [13618] [HailoRT] [info] [queue_elements.cpp:1131] [execute_deactivate] enqueue() in element MultiPushQEl0YOLOX-Post-Process was aborted, got status = HAILO_SHUTDOWN_EVENT_SIGNALED(57)
[2026-01-01 15:51:20.934] [13618] [HailoRT] [info] [queue_elements.cpp:1131] [execute_deactivate] enqueue() in element MultiPushQEl0YOLOX-Post-Process was aborted, got status = HAILO_SHUTDOWN_EVENT_SIGNALED(57)
[2026-01-01 15:51:20.934] [13618] [HailoRT] [info] [queue_elements.cpp:1131] [execute_deactivate] enqueue() in element MultiPushQEl0YOLOX-Post-Process was aborted, got status = HAILO_SHUTDOWN_EVENT_SIGNALED(57)
[2026-01-01 15:51:20.934] [13618] [HailoRT] [info] [queue_elements.cpp:1131] [execute_deactivate] enqueue() in element MultiPushQEl0YOLOX-Post-Process was aborted, got status = HAILO_SHUTDOWN_EVENT_SIGNALED(57)
[2026-01-01 15:51:20.934] [13618] [HailoRT] [info] [queue_elements.cpp:1131] [execute_deactivate] enqueue() in element MultiPushQEl0YOLOX-Post-Process was aborted, got status = HAILO_SHUTDOWN_EVENT_SIGNALED(57)
[2026-01-01 15:51:20.934] [13618] [HailoRT] [info] [queue_elements.cpp:1131] [execute_deactivate] enqueue() in element MultiPushQEl0YOLOX-Post-Process was aborted, got status = HAILO_SHUTDOWN_EVENT_SIGNALED(57)
[2026-01-01 15:51:20.934] [13618] [HailoRT] [info] [queue_elements.cpp:1131] [execute_deactivate] enqueue() in element MultiPushQEl0YOLOX-Post-Process was aborted, got status = HAILO_SHUTDOWN_EVENT_SIGNALED(57)
[2026-01-01 15:51:20.934] [13618] [HailoRT] [info] [queue_elements.cpp:1131] [execute_deactivate] enqueue() in element MultiPushQEl0YOLOX-Post-Process was aborted, got status = HAILO_SHUTDOWN_EVENT_SIGNALED(57)
[2026-01-01 15:51:20.934] [13618] [HailoRT] [info] [queue_elements.cpp:1131] [execute_deactivate] enqueue() in element MultiPushQEl0YOLOX-Post-Process was aborted, got status = HAILO_SHUTDOWN_EVENT_SIGNALED(57)
[2026-01-01 15:51:20.934] [13618] [HailoRT] [info] [queue_elements.cpp:570] [execute_deactivate] enqueue() in element PushQEl3yolov6n/input_layer1 was aborted, got status = HAILO_SHUTDOWN_EVENT_SIGNALED(57)
[2026-01-01 15:51:20.934] [13618] [HailoRT] [info] [queue_elements.cpp:570] [execute_deactivate] enqueue() in element EntryPushQEl0yolov6n/input_layer1 was aborted, got status = HAILO_SHUTDOWN_EVENT_SIGNALED(57)
[2026-01-01 15:51:20.934] [13618] [HailoRT] [info] [queue_elements.cpp:46] [~BaseQueueElement] Queue element EntryPushQEl0yolov6n/input_layer1 has 0 frames in his Queue on destruction
[2026-01-01 15:51:20.934] [13618] [HailoRT] [info] [queue_elements.cpp:46] [~BaseQueueElement] Queue element PushQEl3yolov6n/input_layer1 has 0 frames in his Queue on destruction
[2026-01-01 16:07:07.667] [15203] [HailoRT] [info] [device.cpp:49] [Device] OS Version: Linux 6.12.47+rpt-rpi-2712 #1 SMP PREEMPT Debian 1:6.12.47-1+rpt1~bookworm (2025-09-16) aarch64
[2026-01-01 16:07:07.668] [15203] [HailoRT] [info] [control.cpp:108] [control__parse_identify_results] firmware_version is: 4.20.0
[2026-01-01 16:07:07.669] [15203] [HailoRT] [info] [control.cpp:108] [control__parse_identify_results] firmware_version is: 4.20.0
[2026-01-01 16:07:07.711] [15211] [HailoRT] [info] [device.cpp:49] [Device] OS Version: Linux 6.12.47+rpt-rpi-2712 #1 SMP PREEMPT Debian 1:6.12.47-1+rpt1~bookworm (2025-09-16) aarch64
[2026-01-01 16:07:07.712] [15211] [HailoRT] [info] [control.cpp:108] [control__parse_identify_results] firmware_version is: 4.20.0
[2026-01-01 16:07:07.713] [15211] [HailoRT] [info] [control.cpp:108] [control__parse_identify_results] firmware_version is: 4.20.0
[2026-01-01 16:07:07.759] [15219] [HailoRT] [info] [device.cpp:49] [Device] OS Version: Linux 6.12.47+rpt-rpi-2712 #1 SMP PREEMPT Debian 1:6.12.47-1+rpt1~bookworm (2025-09-16) aarch64
[2026-01-01 16:07:07.761] [15219] [HailoRT] [info] [control.cpp:108] [control__parse_identify_results] firmware_version is: 4.20.0
[2026-01-01 16:07:07.762] [15219] [HailoRT] [info] [control.cpp:108] [control__parse_identify_results] firmware_version is: 4.20.0
[2026-01-01 16:07:07.852] [15177] [HailoRT] [info] [vdevice.cpp:523] [create] Creating vdevice with params: device_count: 1, scheduling_algorithm: ROUND_ROBIN, multi_process_service: false
[2026-01-01 16:07:07.863] [15177] [HailoRT] [info] [device.cpp:49] [Device] OS Version: Linux 6.12.47+rpt-rpi-2712 #1 SMP PREEMPT Debian 1:6.12.47-1+rpt1~bookworm (2025-09-16) aarch64
[2026-01-01 16:07:07.864] [15177] [HailoRT] [info] [control.cpp:108] [control__parse_identify_results] firmware_version is: 4.20.0
[2026-01-01 16:07:07.864] [15177] [HailoRT] [info] [vdevice.cpp:651] [create] VDevice Infos: 0001:01:00.0
[2026-01-01 16:07:07.884] [15177] [HailoRT] [info] [hef.cpp:1929] [get_network_group_and_network_name] No name was given. Addressing all networks of default network_group: yolov6n
[2026-01-01 16:07:07.884] [15177] [HailoRT] [info] [hef.cpp:1929] [get_network_group_and_network_name] No name was given. Addressing all networks of default network_group: yolov6n
[2026-01-01 16:07:07.902] [15177] [HailoRT] [info] [internal_buffer_manager.cpp:202] [print_execution_results] Default Internal buffer planner failed to meet requirements
[2026-01-01 16:07:07.902] [15177] [HailoRT] [info] [internal_buffer_manager.cpp:212] [print_execution_results] Default Internal buffer planner executed successfully
[2026-01-01 16:07:07.908] [15177] [HailoRT] [info] [device_internal.cpp:57] [configure] Configuring HEF took 11.484037 milliseconds
[2026-01-01 16:07:07.908] [15177] [HailoRT] [info] [vdevice.cpp:749] [configure] Configuring HEF on VDevice took 11.825944 milliseconds
[2026-01-01 16:07:07.908] [15177] [HailoRT] [info] [infer_model.cpp:436] [configure] Configuring network group 'yolov6n' with params: batch size: 2, power mode: PERFORMANCE, latency: NONE
[2026-01-01 16:07:07.908] [15177] [HailoRT] [info] [multi_io_elements.cpp:756] [create] Created (AsyncHwEl)
[2026-01-01 16:07:07.908] [15177] [HailoRT] [info] [queue_elements.cpp:450] [create] Created (EntryPushQEl0yolov6n/input_layer1 | timeout: 10s)
[2026-01-01 16:07:07.908] [15177] [HailoRT] [info] [filter_elements.cpp:101] [create] Created (PreInferEl3yolov6n/input_layer1 | Reorder - src_order: RGB4, src_shape: (640, 640, 3), dst_order: NHCW, dst_shape: (640, 640, 3))
[2026-01-01 16:07:07.908] [15177] [HailoRT] [info] [queue_elements.cpp:450] [create] Created (PushQEl3yolov6n/input_layer1 | timeout: 10s)
[2026-01-01 16:07:07.908] [15177] [HailoRT] [info] [multi_io_elements.cpp:135] [create] Created (NmsPPMuxEl0YOLOX-Post-Process | Op YOLOX, Name: YOLOX-Post-Process, Score threshold: 0.300, IoU threshold: 0.45, Classes: 80, Cross classes: false, NMS results order: BY_CLASS, Max bboxes per class: 100, Image height: 640, Image width: 640)
[2026-01-01 16:07:07.909] [15177] [HailoRT] [info] [queue_elements.cpp:942] [create] Created (MultiPushQEl0YOLOX-Post-Process | timeout: 10s)
[2026-01-01 16:07:07.909] [15177] [HailoRT] [info] [edge_elements.cpp:187] [create] Created (LastAsyncEl0NmsPPMuxEl0YOLOX-Post-Process)
[2026-01-01 16:07:07.909] [15177] [HailoRT] [info] [pipeline.cpp:891] [print_deep_description] EntryPushQEl0yolov6n/input_layer1 | inputs: user | outputs: PreInferEl3yolov6n/input_layer1(running in thread_id: 15249)
[2026-01-01 16:07:07.909] [15177] [HailoRT] [info] [pipeline.cpp:891] [print_deep_description] PreInferEl3yolov6n/input_layer1 | inputs: EntryPushQEl0yolov6n/input_layer1[0] | outputs: PushQEl3yolov6n/input_layer1
[2026-01-01 16:07:07.909] [15177] [HailoRT] [info] [pipeline.cpp:891] [print_deep_description] PushQEl3yolov6n/input_layer1 | inputs: PreInferEl3yolov6n/input_layer1[0] | outputs: AsyncHwEl(running in thread_id: 15250)
[2026-01-01 16:07:07.909] [15177] [HailoRT] [info] [pipeline.cpp:891] [print_deep_description] AsyncHwEl | inputs: PushQEl3yolov6n/input_layer1[0] | outputs: MultiPushQEl0YOLOX-Post-Process MultiPushQEl0YOLOX-Post-Process MultiPushQEl0YOLOX-Post-Process MultiPushQEl0YOLOX-Post-Process MultiPushQEl0YOLOX-Post-Process MultiPushQEl0YOLOX-Post-Process MultiPushQEl0YOLOX-Post-Process MultiPushQEl0YOLOX-Post-Process MultiPushQEl0YOLOX-Post-Process
[2026-01-01 16:07:07.909] [15177] [HailoRT] [info] [pipeline.cpp:891] [print_deep_description] MultiPushQEl0YOLOX-Post-Process | inputs: AsyncHwEl[0] AsyncHwEl[1] AsyncHwEl[2] AsyncHwEl[3] AsyncHwEl[4] AsyncHwEl[5] AsyncHwEl[6] AsyncHwEl[7] AsyncHwEl[8] | outputs: NmsPPMuxEl0YOLOX-Post-Process(running in thread_id: 15251)
[2026-01-01 16:07:07.909] [15177] [HailoRT] [info] [pipeline.cpp:891] [print_deep_description] NmsPPMuxEl0YOLOX-Post-Process | inputs: MultiPushQEl0YOLOX-Post-Process[0] | outputs: LastAsyncEl0NmsPPMuxEl0YOLOX-Post-Process
[2026-01-01 16:07:07.909] [15177] [HailoRT] [info] [pipeline.cpp:891] [print_deep_description] LastAsyncEl0NmsPPMuxEl0YOLOX-Post-Process | inputs: NmsPPMuxEl0YOLOX-Post-Process[0] | outputs: user
[2026-01-01 16:07:09.137] [15241] [HailoRT] [info] [hef.cpp:1929] [get_network_group_and_network_name] No name was given. Addressing all networks of default network_group: yolov6n
[2026-01-01 16:07:45.434] [15177] [HailoRT] [info] [async_infer_runner.cpp:86] [shutdown] Pipeline was aborted. Shutting it down
[2026-01-01 16:07:45.434] [15177] [HailoRT] [info] [queue_elements.cpp:1131] [execute_deactivate] enqueue() in element MultiPushQEl0YOLOX-Post-Process was aborted, got status = HAILO_SHUTDOWN_EVENT_SIGNALED(57)
[2026-01-01 16:07:45.434] [15177] [HailoRT] [info] [queue_elements.cpp:1131] [execute_deactivate] enqueue() in element MultiPushQEl0YOLOX-Post-Process was aborted, got status = HAILO_SHUTDOWN_EVENT_SIGNALED(57)
[2026-01-01 16:07:45.434] [15177] [HailoRT] [info] [queue_elements.cpp:1131] [execute_deactivate] enqueue() in element MultiPushQEl0YOLOX-Post-Process was aborted, got status = HAILO_SHUTDOWN_EVENT_SIGNALED(57)
[2026-01-01 16:07:45.434] [15177] [HailoRT] [info] [queue_elements.cpp:1131] [execute_deactivate] enqueue() in element MultiPushQEl0YOLOX-Post-Process was aborted, got status = HAILO_SHUTDOWN_EVENT_SIGNALED(57)
[2026-01-01 16:07:45.434] [15177] [HailoRT] [info] [queue_elements.cpp:1131] [execute_deactivate] enqueue() in element MultiPushQEl0YOLOX-Post-Process was aborted, got status = HAILO_SHUTDOWN_EVENT_SIGNALED(57)
[2026-01-01 16:07:45.434] [15177] [HailoRT] [info] [queue_elements.cpp:1131] [execute_deactivate] enqueue() in element MultiPushQEl0YOLOX-Post-Process was aborted, got status = HAILO_SHUTDOWN_EVENT_SIGNALED(57)
[2026-01-01 16:07:45.434] [15177] [HailoRT] [info] [queue_elements.cpp:1131] [execute_deactivate] enqueue() in element MultiPushQEl0YOLOX-Post-Process was aborted, got status = HAILO_SHUTDOWN_EVENT_SIGNALED(57)
[2026-01-01 16:07:45.434] [15177] [HailoRT] [info] [queue_elements.cpp:1131] [execute_deactivate] enqueue() in element MultiPushQEl0YOLOX-Post-Process was aborted, got status = HAILO_SHUTDOWN_EVENT_SIGNALED(57)
[2026-01-01 16:07:45.434] [15177] [HailoRT] [info] [queue_elements.cpp:1131] [execute_deactivate] enqueue() in element MultiPushQEl0YOLOX-Post-Process was aborted, got status = HAILO_SHUTDOWN_EVENT_SIGNALED(57)
[2026-01-01 16:07:45.434] [15177] [HailoRT] [info] [queue_elements.cpp:570] [execute_deactivate] enqueue() in element PushQEl3yolov6n/input_layer1 was aborted, got status = HAILO_SHUTDOWN_EVENT_SIGNALED(57)
[2026-01-01 16:07:45.434] [15177] [HailoRT] [info] [queue_elements.cpp:570] [execute_deactivate] enqueue() in element EntryPushQEl0yolov6n/input_layer1 was aborted, got status = HAILO_SHUTDOWN_EVENT_SIGNALED(57)
[2026-01-01 16:07:45.434] [15177] [HailoRT] [info] [queue_elements.cpp:46] [~BaseQueueElement] Queue element EntryPushQEl0yolov6n/input_layer1 has 0 frames in his Queue on destruction
[2026-01-01 16:07:45.434] [15177] [HailoRT] [info] [queue_elements.cpp:46] [~BaseQueueElement] Queue element PushQEl3yolov6n/input_layer1 has 0 frames in his Queue on destruction
[2026-01-01 16:21:18.410] [18599] [HailoRT] [info] [device.cpp:49] [Device] OS Version: Linux 6.12.47+rpt-rpi-2712 #1 SMP PREEMPT Debian 1:6.12.47-1+rpt1~bookworm (2025-09-16) aarch64
[2026-01-01 16:21:18.411] [18599] [HailoRT] [info] [control.cpp:108] [control__parse_identify_results] firmware_version is: 4.20.0
[2026-01-01 16:21:18.412] [18599] [HailoRT] [info] [control.cpp:108] [control__parse_identify_results] firmware_version is: 4.20.0
[2026-01-01 16:21:18.459] [18607] [HailoRT] [info] [device.cpp:49] [Device] OS Version: Linux 6.12.47+rpt-rpi-2712 #1 SMP PREEMPT Debian 1:6.12.47-1+rpt1~bookworm (2025-09-16) aarch64
[2026-01-01 16:21:18.460] [18607] [HailoRT] [info] [control.cpp:108] [control__parse_identify_results] firmware_version is: 4.20.0
[2026-01-01 16:21:18.461] [18607] [HailoRT] [info] [control.cpp:108] [control__parse_identify_results] firmware_version is: 4.20.0
[2026-01-01 16:21:18.512] [18615] [HailoRT] [info] [device.cpp:49] [Device] OS Version: Linux 6.12.47+rpt-rpi-2712 #1 SMP PREEMPT Debian 1:6.12.47-1+rpt1~bookworm (2025-09-16) aarch64
[2026-01-01 16:21:18.515] [18615] [HailoRT] [info] [control.cpp:108] [control__parse_identify_results] firmware_version is: 4.20.0
[2026-01-01 16:21:18.516] [18615] [HailoRT] [info] [control.cpp:108] [control__parse_identify_results] firmware_version is: 4.20.0
[2026-01-01 16:21:18.599] [18568] [HailoRT] [info] [vdevice.cpp:523] [create] Creating vdevice with params: device_count: 1, scheduling_algorithm: ROUND_ROBIN, multi_process_service: false
[2026-01-01 16:21:18.611] [18568] [HailoRT] [info] [device.cpp:49] [Device] OS Version: Linux 6.12.47+rpt-rpi-2712 #1 SMP PREEMPT Debian 1:6.12.47-1+rpt1~bookworm (2025-09-16) aarch64
[2026-01-01 16:21:18.612] [18568] [HailoRT] [info] [control.cpp:108] [control__parse_identify_results] firmware_version is: 4.20.0
[2026-01-01 16:21:18.612] [18568] [HailoRT] [info] [vdevice.cpp:651] [create] VDevice Infos: 0001:01:00.0
[2026-01-01 16:21:18.637] [18568] [HailoRT] [info] [hef.cpp:1929] [get_network_group_and_network_name] No name was given. Addressing all networks of default network_group: yolov6n
[2026-01-01 16:21:18.637] [18568] [HailoRT] [info] [hef.cpp:1929] [get_network_group_and_network_name] No name was given. Addressing all networks of default network_group: yolov6n
[2026-01-01 16:21:18.660] [18568] [HailoRT] [info] [internal_buffer_manager.cpp:202] [print_execution_results] Default Internal buffer planner failed to meet requirements
[2026-01-01 16:21:18.660] [18568] [HailoRT] [info] [internal_buffer_manager.cpp:212] [print_execution_results] Default Internal buffer planner executed successfully
[2026-01-01 16:21:18.667] [18568] [HailoRT] [info] [device_internal.cpp:57] [configure] Configuring HEF took 13.015151 milliseconds
[2026-01-01 16:21:18.667] [18568] [HailoRT] [info] [vdevice.cpp:749] [configure] Configuring HEF on VDevice took 13.455983 milliseconds
[2026-01-01 16:21:18.667] [18568] [HailoRT] [info] [infer_model.cpp:436] [configure] Configuring network group 'yolov6n' with params: batch size: 2, power mode: PERFORMANCE, latency: NONE
[2026-01-01 16:21:18.667] [18568] [HailoRT] [info] [multi_io_elements.cpp:756] [create] Created (AsyncHwEl)
[2026-01-01 16:21:18.667] [18568] [HailoRT] [info] [queue_elements.cpp:450] [create] Created (EntryPushQEl0yolov6n/input_layer1 | timeout: 10s)
[2026-01-01 16:21:18.667] [18568] [HailoRT] [info] [filter_elements.cpp:101] [create] Created (PreInferEl3yolov6n/input_layer1 | Reorder - src_order: RGB4, src_shape: (640, 640, 3), dst_order: NHCW, dst_shape: (640, 640, 3))
[2026-01-01 16:21:18.667] [18568] [HailoRT] [info] [queue_elements.cpp:450] [create] Created (PushQEl3yolov6n/input_layer1 | timeout: 10s)
[2026-01-01 16:21:18.667] [18568] [HailoRT] [info] [multi_io_elements.cpp:135] [create] Created (NmsPPMuxEl0YOLOX-Post-Process | Op YOLOX, Name: YOLOX-Post-Process, Score threshold: 0.300, IoU threshold: 0.45, Classes: 80, Cross classes: false, NMS results order: BY_CLASS, Max bboxes per class: 100, Image height: 640, Image width: 640)
[2026-01-01 16:21:18.668] [18568] [HailoRT] [info] [queue_elements.cpp:942] [create] Created (MultiPushQEl0YOLOX-Post-Process | timeout: 10s)
[2026-01-01 16:21:18.668] [18568] [HailoRT] [info] [edge_elements.cpp:187] [create] Created (LastAsyncEl0NmsPPMuxEl0YOLOX-Post-Process)
[2026-01-01 16:21:18.668] [18568] [HailoRT] [info] [pipeline.cpp:891] [print_deep_description] EntryPushQEl0yolov6n/input_layer1 | inputs: user | outputs: PreInferEl3yolov6n/input_layer1(running in thread_id: 18645)
[2026-01-01 16:21:18.668] [18568] [HailoRT] [info] [pipeline.cpp:891] [print_deep_description] PreInferEl3yolov6n/input_layer1 | inputs: EntryPushQEl0yolov6n/input_layer1[0] | outputs: PushQEl3yolov6n/input_layer1
[2026-01-01 16:21:18.668] [18568] [HailoRT] [info] [pipeline.cpp:891] [print_deep_description] PushQEl3yolov6n/input_layer1 | inputs: PreInferEl3yolov6n/input_layer1[0] | outputs: AsyncHwEl(running in thread_id: 18646)
[2026-01-01 16:21:18.668] [18568] [HailoRT] [info] [pipeline.cpp:891] [print_deep_description] AsyncHwEl | inputs: PushQEl3yolov6n/input_layer1[0] | outputs: MultiPushQEl0YOLOX-Post-Process MultiPushQEl0YOLOX-Post-Process MultiPushQEl0YOLOX-Post-Process MultiPushQEl0YOLOX-Post-Process MultiPushQEl0YOLOX-Post-Process MultiPushQEl0YOLOX-Post-Process MultiPushQEl0YOLOX-Post-Process MultiPushQEl0YOLOX-Post-Process MultiPushQEl0YOLOX-Post-Process
[2026-01-01 16:21:18.668] [18568] [HailoRT] [info] [pipeline.cpp:891] [print_deep_description] MultiPushQEl0YOLOX-Post-Process | inputs: AsyncHwEl[0] AsyncHwEl[1] AsyncHwEl[2] AsyncHwEl[3] AsyncHwEl[4] AsyncHwEl[5] AsyncHwEl[6] AsyncHwEl[7] AsyncHwEl[8] | outputs: NmsPPMuxEl0YOLOX-Post-Process(running in thread_id: 18647)
[2026-01-01 16:21:18.668] [18568] [HailoRT] [info] [pipeline.cpp:891] [print_deep_description] NmsPPMuxEl0YOLOX-Post-Process | inputs: MultiPushQEl0YOLOX-Post-Process[0] | outputs: LastAsyncEl0NmsPPMuxEl0YOLOX-Post-Process
[2026-01-01 16:21:18.668] [18568] [HailoRT] [info] [pipeline.cpp:891] [print_deep_description] LastAsyncEl0NmsPPMuxEl0YOLOX-Post-Process | inputs: NmsPPMuxEl0YOLOX-Post-Process[0] | outputs: user
[2026-01-01 16:21:19.852] [18638] [HailoRT] [info] [hef.cpp:1929] [get_network_group_and_network_name] No name was given. Addressing all networks of default network_group: yolov6n
[2026-01-01 16:21:22.081] [18568] [HailoRT] [info] [async_infer_runner.cpp:86] [shutdown] Pipeline was aborted. Shutting it down
[2026-01-01 16:21:22.082] [18568] [HailoRT] [info] [queue_elements.cpp:1131] [execute_deactivate] enqueue() in element MultiPushQEl0YOLOX-Post-Process was aborted, got status = HAILO_SHUTDOWN_EVENT_SIGNALED(57)
[2026-01-01 16:21:22.082] [18568] [HailoRT] [info] [queue_elements.cpp:1131] [execute_deactivate] enqueue() in element MultiPushQEl0YOLOX-Post-Process was aborted, got status = HAILO_SHUTDOWN_EVENT_SIGNALED(57)
[2026-01-01 16:21:22.082] [18568] [HailoRT] [info] [queue_elements.cpp:1131] [execute_deactivate] enqueue() in element MultiPushQEl0YOLOX-Post-Process was aborted, got status = HAILO_SHUTDOWN_EVENT_SIGNALED(57)
[2026-01-01 16:21:22.082] [18568] [HailoRT] [info] [queue_elements.cpp:1131] [execute_deactivate] enqueue() in element MultiPushQEl0YOLOX-Post-Process was aborted, got status = HAILO_SHUTDOWN_EVENT_SIGNALED(57)
[2026-01-01 16:21:22.082] [18568] [HailoRT] [info] [queue_elements.cpp:1131] [execute_deactivate] enqueue() in element MultiPushQEl0YOLOX-Post-Process was aborted, got status = HAILO_SHUTDOWN_EVENT_SIGNALED(57)
[2026-01-01 16:21:22.082] [18568] [HailoRT] [info] [queue_elements.cpp:1131] [execute_deactivate] enqueue() in element MultiPushQEl0YOLOX-Post-Process was aborted, got status = HAILO_SHUTDOWN_EVENT_SIGNALED(57)
[2026-01-01 16:21:22.082] [18568] [HailoRT] [info] [queue_elements.cpp:1131] [execute_deactivate] enqueue() in element MultiPushQEl0YOLOX-Post-Process was aborted, got status = HAILO_SHUTDOWN_EVENT_SIGNALED(57)
[2026-01-01 16:21:22.082] [18568] [HailoRT] [info] [queue_elements.cpp:1131] [execute_deactivate] enqueue() in element MultiPushQEl0YOLOX-Post-Process was aborted, got status = HAILO_SHUTDOWN_EVENT_SIGNALED(57)
[2026-01-01 16:21:22.082] [18568] [HailoRT] [info] [queue_elements.cpp:1131] [execute_deactivate] enqueue() in element MultiPushQEl0YOLOX-Post-Process was aborted, got status = HAILO_SHUTDOWN_EVENT_SIGNALED(57)
[2026-01-01 16:21:22.082] [18568] [HailoRT] [info] [queue_elements.cpp:570] [execute_deactivate] enqueue() in element PushQEl3yolov6n/input_layer1 was aborted, got status = HAILO_SHUTDOWN_EVENT_SIGNALED(57)
[2026-01-01 16:21:22.082] [18568] [HailoRT] [info] [queue_elements.cpp:570] [execute_deactivate] enqueue() in element EntryPushQEl0yolov6n/input_layer1 was aborted, got status = HAILO_SHUTDOWN_EVENT_SIGNALED(57)
[2026-01-01 16:21:22.082] [18568] [HailoRT] [info] [queue_elements.cpp:46] [~BaseQueueElement] Queue element EntryPushQEl0yolov6n/input_layer1 has 0 frames in his Queue on destruction
[2026-01-01 16:21:22.082] [18568] [HailoRT] [info] [queue_elements.cpp:46] [~BaseQueueElement] Queue element PushQEl3yolov6n/input_layer1 has 0 frames in his Queue on destruction
[2026-01-01 16:41:01.099] [22253] [HailoRT] [info] [device.cpp:49] [Device] OS Version: Linux 6.12.47+rpt-rpi-2712 #1 SMP PREEMPT Debian 1:6.12.47-1+rpt1~bookworm (2025-09-16) aarch64
[2026-01-01 16:41:01.100] [22253] [HailoRT] [info] [control.cpp:108] [control__parse_identify_results] firmware_version is: 4.20.0
[2026-01-01 16:41:01.101] [22253] [HailoRT] [info] [control.cpp:108] [control__parse_identify_results] firmware_version is: 4.20.0
[2026-01-01 16:41:01.147] [22261] [HailoRT] [info] [device.cpp:49] [Device] OS Version: Linux 6.12.47+rpt-rpi-2712 #1 SMP PREEMPT Debian 1:6.12.47-1+rpt1~bookworm (2025-09-16) aarch64
[2026-01-01 16:41:01.148] [22261] [HailoRT] [info] [control.cpp:108] [control__parse_identify_results] firmware_version is: 4.20.0
[2026-01-01 16:41:01.149] [22261] [HailoRT] [info] [control.cpp:108] [control__parse_identify_results] firmware_version is: 4.20.0
[2026-01-01 16:41:01.199] [22270] [HailoRT] [info] [device.cpp:49] [Device] OS Version: Linux 6.12.47+rpt-rpi-2712 #1 SMP PREEMPT Debian 1:6.12.47-1+rpt1~bookworm (2025-09-16) aarch64
[2026-01-01 16:41:01.201] [22270] [HailoRT] [info] [control.cpp:108] [control__parse_identify_results] firmware_version is: 4.20.0
[2026-01-01 16:41:01.203] [22270] [HailoRT] [info] [control.cpp:108] [control__parse_identify_results] firmware_version is: 4.20.0
[2026-01-01 16:41:01.293] [22225] [HailoRT] [info] [vdevice.cpp:523] [create] Creating vdevice with params: device_count: 1, scheduling_algorithm: ROUND_ROBIN, multi_process_service: false
[2026-01-01 16:41:01.303] [22225] [HailoRT] [info] [device.cpp:49] [Device] OS Version: Linux 6.12.47+rpt-rpi-2712 #1 SMP PREEMPT Debian 1:6.12.47-1+rpt1~bookworm (2025-09-16) aarch64
[2026-01-01 16:41:01.304] [22225] [HailoRT] [info] [control.cpp:108] [control__parse_identify_results] firmware_version is: 4.20.0
[2026-01-01 16:41:01.304] [22225] [HailoRT] [info] [vdevice.cpp:651] [create] VDevice Infos: 0001:01:00.0
[2026-01-01 16:41:01.326] [22225] [HailoRT] [info] [hef.cpp:1929] [get_network_group_and_network_name] No name was given. Addressing all networks of default network_group: yolov6n
[2026-01-01 16:41:01.326] [22225] [HailoRT] [info] [hef.cpp:1929] [get_network_group_and_network_name] No name was given. Addressing all networks of default network_group: yolov6n
[2026-01-01 16:41:01.343] [22225] [HailoRT] [info] [internal_buffer_manager.cpp:202] [print_execution_results] Default Internal buffer planner failed to meet requirements
[2026-01-01 16:41:01.343] [22225] [HailoRT] [info] [internal_buffer_manager.cpp:212] [print_execution_results] Default Internal buffer planner executed successfully
[2026-01-01 16:41:01.350] [22225] [HailoRT] [info] [device_internal.cpp:57] [configure] Configuring HEF took 12.172562 milliseconds
[2026-01-01 16:41:01.350] [22225] [HailoRT] [info] [vdevice.cpp:749] [configure] Configuring HEF on VDevice took 12.520765 milliseconds
[2026-01-01 16:41:01.350] [22225] [HailoRT] [info] [infer_model.cpp:436] [configure] Configuring network group 'yolov6n' with params: batch size: 2, power mode: PERFORMANCE, latency: NONE
[2026-01-01 16:41:01.350] [22225] [HailoRT] [info] [multi_io_elements.cpp:756] [create] Created (AsyncHwEl)
[2026-01-01 16:41:01.350] [22225] [HailoRT] [info] [queue_elements.cpp:450] [create] Created (EntryPushQEl0yolov6n/input_layer1 | timeout: 10s)
[2026-01-01 16:41:01.350] [22225] [HailoRT] [info] [filter_elements.cpp:101] [create] Created (PreInferEl3yolov6n/input_layer1 | Reorder - src_order: RGB4, src_shape: (640, 640, 3), dst_order: NHCW, dst_shape: (640, 640, 3))
[2026-01-01 16:41:01.350] [22225] [HailoRT] [info] [queue_elements.cpp:450] [create] Created (PushQEl3yolov6n/input_layer1 | timeout: 10s)
[2026-01-01 16:41:01.351] [22225] [HailoRT] [info] [multi_io_elements.cpp:135] [create] Created (NmsPPMuxEl0YOLOX-Post-Process | Op YOLOX, Name: YOLOX-Post-Process, Score threshold: 0.300, IoU threshold: 0.45, Classes: 80, Cross classes: false, NMS results order: BY_CLASS, Max bboxes per class: 100, Image height: 640, Image width: 640)
[2026-01-01 16:41:01.351] [22225] [HailoRT] [info] [queue_elements.cpp:942] [create] Created (MultiPushQEl0YOLOX-Post-Process | timeout: 10s)
[2026-01-01 16:41:01.351] [22225] [HailoRT] [info] [edge_elements.cpp:187] [create] Created (LastAsyncEl0NmsPPMuxEl0YOLOX-Post-Process)
[2026-01-01 16:41:01.351] [22225] [HailoRT] [info] [pipeline.cpp:891] [print_deep_description] EntryPushQEl0yolov6n/input_layer1 | inputs: user | outputs: PreInferEl3yolov6n/input_layer1(running in thread_id: 22300)
[2026-01-01 16:41:01.351] [22225] [HailoRT] [info] [pipeline.cpp:891] [print_deep_description] PreInferEl3yolov6n/input_layer1 | inputs: EntryPushQEl0yolov6n/input_layer1[0] | outputs: PushQEl3yolov6n/input_layer1
[2026-01-01 16:41:01.351] [22225] [HailoRT] [info] [pipeline.cpp:891] [print_deep_description] PushQEl3yolov6n/input_layer1 | inputs: PreInferEl3yolov6n/input_layer1[0] | outputs: AsyncHwEl(running in thread_id: 22301)
[2026-01-01 16:41:01.351] [22225] [HailoRT] [info] [pipeline.cpp:891] [print_deep_description] AsyncHwEl | inputs: PushQEl3yolov6n/input_layer1[0] | outputs: MultiPushQEl0YOLOX-Post-Process MultiPushQEl0YOLOX-Post-Process MultiPushQEl0YOLOX-Post-Process MultiPushQEl0YOLOX-Post-Process MultiPushQEl0YOLOX-Post-Process MultiPushQEl0YOLOX-Post-Process MultiPushQEl0YOLOX-Post-Process MultiPushQEl0YOLOX-Post-Process MultiPushQEl0YOLOX-Post-Process
[2026-01-01 16:41:01.351] [22225] [HailoRT] [info] [pipeline.cpp:891] [print_deep_description] MultiPushQEl0YOLOX-Post-Process | inputs: AsyncHwEl[0] AsyncHwEl[1] AsyncHwEl[2] AsyncHwEl[3] AsyncHwEl[4] AsyncHwEl[5] AsyncHwEl[6] AsyncHwEl[7] AsyncHwEl[8] | outputs: NmsPPMuxEl0YOLOX-Post-Process(running in thread_id: 22302)
[2026-01-01 16:41:01.351] [22225] [HailoRT] [info] [pipeline.cpp:891] [print_deep_description] NmsPPMuxEl0YOLOX-Post-Process | inputs: MultiPushQEl0YOLOX-Post-Process[0] | outputs: LastAsyncEl0NmsPPMuxEl0YOLOX-Post-Process
[2026-01-01 16:41:01.351] [22225] [HailoRT] [info] [pipeline.cpp:891] [print_deep_description] LastAsyncEl0NmsPPMuxEl0YOLOX-Post-Process | inputs: NmsPPMuxEl0YOLOX-Post-Process[0] | outputs: user
[2026-01-01 16:41:02.579] [22292] [HailoRT] [info] [hef.cpp:1929] [get_network_group_and_network_name] No name was given. Addressing all networks of default network_group: yolov6n
[2026-01-01 16:53:16.945] [26377] [HailoRT] [info] [device.cpp:49] [Device] OS Version: Linux 6.12.47+rpt-rpi-2712 #1 SMP PREEMPT Debian 1:6.12.47-1+rpt1~bookworm (2025-09-16) aarch64
[2026-01-01 16:53:16.947] [26377] [HailoRT] [info] [control.cpp:108] [control__parse_identify_results] firmware_version is: 4.20.0
[2026-01-01 16:53:16.948] [26377] [HailoRT] [info] [control.cpp:108] [control__parse_identify_results] firmware_version is: 4.20.0
[2026-01-01 16:53:17.011] [26385] [HailoRT] [info] [device.cpp:49] [Device] OS Version: Linux 6.12.47+rpt-rpi-2712 #1 SMP PREEMPT Debian 1:6.12.47-1+rpt1~bookworm (2025-09-16) aarch64
[2026-01-01 16:53:17.012] [26385] [HailoRT] [info] [control.cpp:108] [control__parse_identify_results] firmware_version is: 4.20.0
[2026-01-01 16:53:17.013] [26385] [HailoRT] [info] [control.cpp:108] [control__parse_identify_results] firmware_version is: 4.20.0
[2026-01-01 16:53:17.071] [26393] [HailoRT] [info] [device.cpp:49] [Device] OS Version: Linux 6.12.47+rpt-rpi-2712 #1 SMP PREEMPT Debian 1:6.12.47-1+rpt1~bookworm (2025-09-16) aarch64
[2026-01-01 16:53:17.072] [26393] [HailoRT] [info] [control.cpp:108] [control__parse_identify_results] firmware_version is: 4.20.0
[2026-01-01 16:53:17.073] [26393] [HailoRT] [info] [control.cpp:108] [control__parse_identify_results] firmware_version is: 4.20.0
[2026-01-01 16:53:17.169] [26349] [HailoRT] [info] [vdevice.cpp:523] [create] Creating vdevice with params: device_count: 1, scheduling_algorithm: ROUND_ROBIN, multi_process_service: false
[2026-01-01 16:53:17.182] [26349] [HailoRT] [info] [device.cpp:49] [Device] OS Version: Linux 6.12.47+rpt-rpi-2712 #1 SMP PREEMPT Debian 1:6.12.47-1+rpt1~bookworm (2025-09-16) aarch64
[2026-01-01 16:53:17.183] [26349] [HailoRT] [info] [control.cpp:108] [control__parse_identify_results] firmware_version is: 4.20.0
[2026-01-01 16:53:17.183] [26349] [HailoRT] [info] [vdevice.cpp:651] [create] VDevice Infos: 0001:01:00.0
[2026-01-01 16:53:17.204] [26349] [HailoRT] [info] [hef.cpp:1929] [get_network_group_and_network_name] No name was given. Addressing all networks of default network_group: yolov6n
[2026-01-01 16:53:17.204] [26349] [HailoRT] [info] [hef.cpp:1929] [get_network_group_and_network_name] No name was given. Addressing all networks of default network_group: yolov6n
[2026-01-01 16:53:17.222] [26349] [HailoRT] [info] [internal_buffer_manager.cpp:202] [print_execution_results] Default Internal buffer planner failed to meet requirements
[2026-01-01 16:53:17.222] [26349] [HailoRT] [info] [internal_buffer_manager.cpp:212] [print_execution_results] Default Internal buffer planner executed successfully
[2026-01-01 16:53:17.228] [26349] [HailoRT] [info] [device_internal.cpp:57] [configure] Configuring HEF took 13.472535 milliseconds
[2026-01-01 16:53:17.228] [26349] [HailoRT] [info] [vdevice.cpp:749] [configure] Configuring HEF on VDevice took 13.823107 milliseconds
[2026-01-01 16:53:17.228] [26349] [HailoRT] [info] [infer_model.cpp:436] [configure] Configuring network group 'yolov6n' with params: batch size: 2, power mode: PERFORMANCE, latency: NONE
[2026-01-01 16:53:17.228] [26349] [HailoRT] [info] [multi_io_elements.cpp:756] [create] Created (AsyncHwEl)
[2026-01-01 16:53:17.228] [26349] [HailoRT] [info] [queue_elements.cpp:450] [create] Created (EntryPushQEl0yolov6n/input_layer1 | timeout: 10s)
[2026-01-01 16:53:17.228] [26349] [HailoRT] [info] [filter_elements.cpp:101] [create] Created (PreInferEl3yolov6n/input_layer1 | Reorder - src_order: RGB4, src_shape: (640, 640, 3), dst_order: NHCW, dst_shape: (640, 640, 3))
[2026-01-01 16:53:17.229] [26349] [HailoRT] [info] [queue_elements.cpp:450] [create] Created (PushQEl3yolov6n/input_layer1 | timeout: 10s)
[2026-01-01 16:53:17.229] [26349] [HailoRT] [info] [multi_io_elements.cpp:135] [create] Created (NmsPPMuxEl0YOLOX-Post-Process | Op YOLOX, Name: YOLOX-Post-Process, Score threshold: 0.300, IoU threshold: 0.45, Classes: 80, Cross classes: false, NMS results order: BY_CLASS, Max bboxes per class: 100, Image height: 640, Image width: 640)
[2026-01-01 16:53:17.229] [26349] [HailoRT] [info] [queue_elements.cpp:942] [create] Created (MultiPushQEl0YOLOX-Post-Process | timeout: 10s)
[2026-01-01 16:53:17.229] [26349] [HailoRT] [info] [edge_elements.cpp:187] [create] Created (LastAsyncEl0NmsPPMuxEl0YOLOX-Post-Process)
[2026-01-01 16:53:17.229] [26349] [HailoRT] [info] [pipeline.cpp:891] [print_deep_description] EntryPushQEl0yolov6n/input_layer1 | inputs: user | outputs: PreInferEl3yolov6n/input_layer1(running in thread_id: 26423)
[2026-01-01 16:53:17.229] [26349] [HailoRT] [info] [pipeline.cpp:891] [print_deep_description] PreInferEl3yolov6n/input_layer1 | inputs: EntryPushQEl0yolov6n/input_layer1[0] | outputs: PushQEl3yolov6n/input_layer1
[2026-01-01 16:53:17.229] [26349] [HailoRT] [info] [pipeline.cpp:891] [print_deep_description] PushQEl3yolov6n/input_layer1 | inputs: PreInferEl3yolov6n/input_layer1[0] | outputs: AsyncHwEl(running in thread_id: 26424)
[2026-01-01 16:53:17.229] [26349] [HailoRT] [info] [pipeline.cpp:891] [print_deep_description] AsyncHwEl | inputs: PushQEl3yolov6n/input_layer1[0] | outputs: MultiPushQEl0YOLOX-Post-Process MultiPushQEl0YOLOX-Post-Process MultiPushQEl0YOLOX-Post-Process MultiPushQEl0YOLOX-Post-Process MultiPushQEl0YOLOX-Post-Process MultiPushQEl0YOLOX-Post-Process MultiPushQEl0YOLOX-Post-Process MultiPushQEl0YOLOX-Post-Process MultiPushQEl0YOLOX-Post-Process
[2026-01-01 16:53:17.229] [26349] [HailoRT] [info] [pipeline.cpp:891] [print_deep_description] MultiPushQEl0YOLOX-Post-Process | inputs: AsyncHwEl[0] AsyncHwEl[1] AsyncHwEl[2] AsyncHwEl[3] AsyncHwEl[4] AsyncHwEl[5] AsyncHwEl[6] AsyncHwEl[7] AsyncHwEl[8] | outputs: NmsPPMuxEl0YOLOX-Post-Process(running in thread_id: 26425)
[2026-01-01 16:53:17.229] [26349] [HailoRT] [info] [pipeline.cpp:891] [print_deep_description] NmsPPMuxEl0YOLOX-Post-Process | inputs: MultiPushQEl0YOLOX-Post-Process[0] | outputs: LastAsyncEl0NmsPPMuxEl0YOLOX-Post-Process
[2026-01-01 16:53:17.229] [26349] [HailoRT] [info] [pipeline.cpp:891] [print_deep_description] LastAsyncEl0NmsPPMuxEl0YOLOX-Post-Process | inputs: NmsPPMuxEl0YOLOX-Post-Process[0] | outputs: user
[2026-01-01 16:53:18.445] [26415] [HailoRT] [info] [hef.cpp:1929] [get_network_group_and_network_name] No name was given. Addressing all networks of default network_group: yolov6n
[2026-01-02 16:00:06.050] [8586] [HailoRT] [info] [device.cpp:49] [Device] OS Version: Linux 6.12.47+rpt-rpi-2712 #1 SMP PREEMPT Debian 1:6.12.47-1+rpt1~bookworm (2025-09-16) aarch64
[2026-01-02 16:00:06.052] [8586] [HailoRT] [info] [control.cpp:108] [control__parse_identify_results] firmware_version is: 4.20.0
[2026-01-02 16:00:06.053] [8586] [HailoRT] [info] [control.cpp:108] [control__parse_identify_results] firmware_version is: 4.20.0
[2026-01-02 16:00:06.130] [8594] [HailoRT] [info] [device.cpp:49] [Device] OS Version: Linux 6.12.47+rpt-rpi-2712 #1 SMP PREEMPT Debian 1:6.12.47-1+rpt1~bookworm (2025-09-16) aarch64
[2026-01-02 16:00:06.131] [8594] [HailoRT] [info] [control.cpp:108] [control__parse_identify_results] firmware_version is: 4.20.0
[2026-01-02 16:00:06.132] [8594] [HailoRT] [info] [control.cpp:108] [control__parse_identify_results] firmware_version is: 4.20.0
[2026-01-02 16:00:06.182] [8602] [HailoRT] [info] [device.cpp:49] [Device] OS Version: Linux 6.12.47+rpt-rpi-2712 #1 SMP PREEMPT Debian 1:6.12.47-1+rpt1~bookworm (2025-09-16) aarch64
[2026-01-02 16:00:06.183] [8602] [HailoRT] [info] [control.cpp:108] [control__parse_identify_results] firmware_version is: 4.20.0
[2026-01-02 16:00:06.184] [8602] [HailoRT] [info] [control.cpp:108] [control__parse_identify_results] firmware_version is: 4.20.0
[2026-01-02 16:04:24.662] [8791] [HailoRT] [info] [device.cpp:49] [Device] OS Version: Linux 6.12.47+rpt-rpi-2712 #1 SMP PREEMPT Debian 1:6.12.47-1+rpt1~bookworm (2025-09-16) aarch64
[2026-01-02 16:04:24.663] [8791] [HailoRT] [info] [control.cpp:108] [control__parse_identify_results] firmware_version is: 4.20.0
[2026-01-02 16:04:24.664] [8791] [HailoRT] [info] [control.cpp:108] [control__parse_identify_results] firmware_version is: 4.20.0
[2026-01-02 16:04:24.714] [8799] [HailoRT] [info] [device.cpp:49] [Device] OS Version: Linux 6.12.47+rpt-rpi-2712 #1 SMP PREEMPT Debian 1:6.12.47-1+rpt1~bookworm (2025-09-16) aarch64
[2026-01-02 16:04:24.715] [8799] [HailoRT] [info] [control.cpp:108] [control__parse_identify_results] firmware_version is: 4.20.0
[2026-01-02 16:04:24.716] [8799] [HailoRT] [info] [control.cpp:108] [control__parse_identify_results] firmware_version is: 4.20.0
[2026-01-02 16:04:24.778] [8807] [HailoRT] [info] [device.cpp:49] [Device] OS Version: Linux 6.12.47+rpt-rpi-2712 #1 SMP PREEMPT Debian 1:6.12.47-1+rpt1~bookworm (2025-09-16) aarch64
[2026-01-02 16:04:24.779] [8807] [HailoRT] [info] [control.cpp:108] [control__parse_identify_results] firmware_version is: 4.20.0
[2026-01-02 16:04:24.780] [8807] [HailoRT] [info] [control.cpp:108] [control__parse_identify_results] firmware_version is: 4.20.0
[2026-01-02 16:04:24.861] [8759] [HailoRT] [info] [vdevice.cpp:523] [create] Creating vdevice with params: device_count: 1, scheduling_algorithm: ROUND_ROBIN, multi_process_service: false
[2026-01-02 16:04:24.874] [8759] [HailoRT] [info] [device.cpp:49] [Device] OS Version: Linux 6.12.47+rpt-rpi-2712 #1 SMP PREEMPT Debian 1:6.12.47-1+rpt1~bookworm (2025-09-16) aarch64
[2026-01-02 16:04:24.875] [8759] [HailoRT] [info] [control.cpp:108] [control__parse_identify_results] firmware_version is: 4.20.0
[2026-01-02 16:04:24.875] [8759] [HailoRT] [info] [vdevice.cpp:651] [create] VDevice Infos: 0001:01:00.0
[2026-01-02 16:04:24.895] [8759] [HailoRT] [info] [hef.cpp:1929] [get_network_group_and_network_name] No name was given. Addressing all networks of default network_group: yolov6n
[2026-01-02 16:04:24.896] [8759] [HailoRT] [info] [hef.cpp:1929] [get_network_group_and_network_name] No name was given. Addressing all networks of default network_group: yolov6n
[2026-01-02 16:04:25.290] [8759] [HailoRT] [info] [internal_buffer_manager.cpp:202] [print_execution_results] Default Internal buffer planner failed to meet requirements
[2026-01-02 16:04:25.290] [8759] [HailoRT] [info] [internal_buffer_manager.cpp:212] [print_execution_results] Default Internal buffer planner executed successfully
[2026-01-02 16:04:25.296] [8759] [HailoRT] [info] [device_internal.cpp:57] [configure] Configuring HEF took 15.637239 milliseconds
[2026-01-02 16:04:25.296] [8759] [HailoRT] [info] [vdevice.cpp:749] [configure] Configuring HEF on VDevice took 16.378536 milliseconds
[2026-01-02 16:04:25.296] [8759] [HailoRT] [info] [infer_model.cpp:436] [configure] Configuring network group 'yolov6n' with params: batch size: 2, power mode: PERFORMANCE, latency: NONE
[2026-01-02 16:04:25.313] [8759] [HailoRT] [info] [multi_io_elements.cpp:756] [create] Created (AsyncHwEl)
[2026-01-02 16:04:25.314] [8759] [HailoRT] [info] [queue_elements.cpp:450] [create] Created (EntryPushQEl0yolov6n/input_layer1 | timeout: 10s)
[2026-01-02 16:04:25.314] [8759] [HailoRT] [info] [filter_elements.cpp:101] [create] Created (PreInferEl3yolov6n/input_layer1 | Reorder - src_order: RGB4, src_shape: (640, 640, 3), dst_order: NHCW, dst_shape: (640, 640, 3))
[2026-01-02 16:04:25.314] [8759] [HailoRT] [info] [queue_elements.cpp:450] [create] Created (PushQEl3yolov6n/input_layer1 | timeout: 10s)
[2026-01-02 16:04:25.314] [8759] [HailoRT] [info] [multi_io_elements.cpp:135] [create] Created (NmsPPMuxEl0YOLOX-Post-Process | Op YOLOX, Name: YOLOX-Post-Process, Score threshold: 0.300, IoU threshold: 0.45, Classes: 80, Cross classes: false, NMS results order: BY_CLASS, Max bboxes per class: 100, Image height: 640, Image width: 640)
[2026-01-02 16:04:25.315] [8759] [HailoRT] [info] [queue_elements.cpp:942] [create] Created (MultiPushQEl0YOLOX-Post-Process | timeout: 10s)
[2026-01-02 16:04:25.315] [8759] [HailoRT] [info] [edge_elements.cpp:187] [create] Created (LastAsyncEl0NmsPPMuxEl0YOLOX-Post-Process)
[2026-01-02 16:04:25.315] [8759] [HailoRT] [info] [pipeline.cpp:891] [print_deep_description] EntryPushQEl0yolov6n/input_layer1 | inputs: user | outputs: PreInferEl3yolov6n/input_layer1(running in thread_id: 8847)
[2026-01-02 16:04:25.337] [8759] [HailoRT] [info] [pipeline.cpp:891] [print_deep_description] PreInferEl3yolov6n/input_layer1 | inputs: EntryPushQEl0yolov6n/input_layer1[0] | outputs: PushQEl3yolov6n/input_layer1
[2026-01-02 16:04:25.337] [8759] [HailoRT] [info] [pipeline.cpp:891] [print_deep_description] PushQEl3yolov6n/input_layer1 | inputs: PreInferEl3yolov6n/input_layer1[0] | outputs: AsyncHwEl(running in thread_id: 8848)
[2026-01-02 16:04:25.337] [8759] [HailoRT] [info] [pipeline.cpp:891] [print_deep_description] AsyncHwEl | inputs: PushQEl3yolov6n/input_layer1[0] | outputs: MultiPushQEl0YOLOX-Post-Process MultiPushQEl0YOLOX-Post-Process MultiPushQEl0YOLOX-Post-Process MultiPushQEl0YOLOX-Post-Process MultiPushQEl0YOLOX-Post-Process MultiPushQEl0YOLOX-Post-Process MultiPushQEl0YOLOX-Post-Process MultiPushQEl0YOLOX-Post-Process MultiPushQEl0YOLOX-Post-Process
[2026-01-02 16:04:25.337] [8759] [HailoRT] [info] [pipeline.cpp:891] [print_deep_description] MultiPushQEl0YOLOX-Post-Process | inputs: AsyncHwEl[0] AsyncHwEl[1] AsyncHwEl[2] AsyncHwEl[3] AsyncHwEl[4] AsyncHwEl[5] AsyncHwEl[6] AsyncHwEl[7] AsyncHwEl[8] | outputs: NmsPPMuxEl0YOLOX-Post-Process(running in thread_id: 8849)
[2026-01-02 16:04:25.337] [8759] [HailoRT] [info] [pipeline.cpp:891] [print_deep_description] NmsPPMuxEl0YOLOX-Post-Process | inputs: MultiPushQEl0YOLOX-Post-Process[0] | outputs: LastAsyncEl0NmsPPMuxEl0YOLOX-Post-Process
[2026-01-02 16:04:25.337] [8759] [HailoRT] [info] [pipeline.cpp:891] [print_deep_description] LastAsyncEl0NmsPPMuxEl0YOLOX-Post-Process | inputs: NmsPPMuxEl0YOLOX-Post-Process[0] | outputs: user
[2026-01-02 16:04:26.552] [8839] [HailoRT] [info] [hef.cpp:1929] [get_network_group_and_network_name] No name was given. Addressing all networks of default network_group: yolov6n
[2026-01-02 16:04:36.006] [8759] [HailoRT] [info] [async_infer_runner.cpp:86] [shutdown] Pipeline was aborted. Shutting it down
[2026-01-02 16:04:36.006] [8759] [HailoRT] [info] [queue_elements.cpp:1131] [execute_deactivate] enqueue() in element MultiPushQEl0YOLOX-Post-Process was aborted, got status = HAILO_SHUTDOWN_EVENT_SIGNALED(57)
[2026-01-02 16:04:36.006] [8759] [HailoRT] [info] [queue_elements.cpp:1131] [execute_deactivate] enqueue() in element MultiPushQEl0YOLOX-Post-Process was aborted, got status = HAILO_SHUTDOWN_EVENT_SIGNALED(57)
[2026-01-02 16:04:36.006] [8759] [HailoRT] [info] [queue_elements.cpp:1131] [execute_deactivate] enqueue() in element MultiPushQEl0YOLOX-Post-Process was aborted, got status = HAILO_SHUTDOWN_EVENT_SIGNALED(57)
[2026-01-02 16:04:36.006] [8759] [HailoRT] [info] [queue_elements.cpp:1131] [execute_deactivate] enqueue() in element MultiPushQEl0YOLOX-Post-Process was aborted, got status = HAILO_SHUTDOWN_EVENT_SIGNALED(57)
[2026-01-02 16:04:36.006] [8759] [HailoRT] [info] [queue_elements.cpp:1131] [execute_deactivate] enqueue() in element MultiPushQEl0YOLOX-Post-Process was aborted, got status = HAILO_SHUTDOWN_EVENT_SIGNALED(57)
[2026-01-02 16:04:36.006] [8759] [HailoRT] [info] [queue_elements.cpp:1131] [execute_deactivate] enqueue() in element MultiPushQEl0YOLOX-Post-Process was aborted, got status = HAILO_SHUTDOWN_EVENT_SIGNALED(57)
[2026-01-02 16:04:36.006] [8759] [HailoRT] [info] [queue_elements.cpp:1131] [execute_deactivate] enqueue() in element MultiPushQEl0YOLOX-Post-Process was aborted, got status = HAILO_SHUTDOWN_EVENT_SIGNALED(57)
[2026-01-02 16:04:36.006] [8759] [HailoRT] [info] [queue_elements.cpp:1131] [execute_deactivate] enqueue() in element MultiPushQEl0YOLOX-Post-Process was aborted, got status = HAILO_SHUTDOWN_EVENT_SIGNALED(57)
[2026-01-02 16:04:36.006] [8759] [HailoRT] [info] [queue_elements.cpp:1131] [execute_deactivate] enqueue() in element MultiPushQEl0YOLOX-Post-Process was aborted, got status = HAILO_SHUTDOWN_EVENT_SIGNALED(57)
[2026-01-02 16:04:36.006] [8759] [HailoRT] [info] [queue_elements.cpp:570] [execute_deactivate] enqueue() in element PushQEl3yolov6n/input_layer1 was aborted, got status = HAILO_SHUTDOWN_EVENT_SIGNALED(57)
[2026-01-02 16:04:36.006] [8759] [HailoRT] [info] [queue_elements.cpp:570] [execute_deactivate] enqueue() in element EntryPushQEl0yolov6n/input_layer1 was aborted, got status = HAILO_SHUTDOWN_EVENT_SIGNALED(57)
[2026-01-02 16:04:36.006] [8759] [HailoRT] [info] [queue_elements.cpp:46] [~BaseQueueElement] Queue element EntryPushQEl0yolov6n/input_layer1 has 0 frames in his Queue on destruction
[2026-01-02 16:04:36.006] [8759] [HailoRT] [info] [queue_elements.cpp:46] [~BaseQueueElement] Queue element PushQEl3yolov6n/input_layer1 has 0 frames in his Queue on destruction
[2026-01-02 16:16:06.386] [9372] [HailoRT] [info] [device.cpp:49] [Device] OS Version: Linux 6.12.47+rpt-rpi-2712 #1 SMP PREEMPT Debian 1:6.12.47-1+rpt1~bookworm (2025-09-16) aarch64
[2026-01-02 16:16:06.387] [9372] [HailoRT] [info] [control.cpp:108] [control__parse_identify_results] firmware_version is: 4.20.0
[2026-01-02 16:16:06.388] [9372] [HailoRT] [info] [control.cpp:108] [control__parse_identify_results] firmware_version is: 4.20.0
[2026-01-02 16:16:06.438] [9380] [HailoRT] [info] [device.cpp:49] [Device] OS Version: Linux 6.12.47+rpt-rpi-2712 #1 SMP PREEMPT Debian 1:6.12.47-1+rpt1~bookworm (2025-09-16) aarch64
[2026-01-02 16:16:06.439] [9380] [HailoRT] [info] [control.cpp:108] [control__parse_identify_results] firmware_version is: 4.20.0
[2026-01-02 16:16:06.440] [9380] [HailoRT] [info] [control.cpp:108] [control__parse_identify_results] firmware_version is: 4.20.0
[2026-01-02 16:16:06.482] [9389] [HailoRT] [info] [device.cpp:49] [Device] OS Version: Linux 6.12.47+rpt-rpi-2712 #1 SMP PREEMPT Debian 1:6.12.47-1+rpt1~bookworm (2025-09-16) aarch64
[2026-01-02 16:16:06.484] [9389] [HailoRT] [info] [control.cpp:108] [control__parse_identify_results] firmware_version is: 4.20.0
[2026-01-02 16:16:06.485] [9389] [HailoRT] [info] [control.cpp:108] [control__parse_identify_results] firmware_version is: 4.20.0
[2026-01-02 16:16:06.587] [9344] [HailoRT] [info] [vdevice.cpp:523] [create] Creating vdevice with params: device_count: 1, scheduling_algorithm: ROUND_ROBIN, multi_process_service: false
[2026-01-02 16:16:06.598] [9344] [HailoRT] [info] [device.cpp:49] [Device] OS Version: Linux 6.12.47+rpt-rpi-2712 #1 SMP PREEMPT Debian 1:6.12.47-1+rpt1~bookworm (2025-09-16) aarch64
[2026-01-02 16:16:06.599] [9344] [HailoRT] [info] [control.cpp:108] [control__parse_identify_results] firmware_version is: 4.20.0
[2026-01-02 16:16:06.599] [9344] [HailoRT] [info] [vdevice.cpp:651] [create] VDevice Infos: 0001:01:00.0
[2026-01-02 16:16:06.620] [9344] [HailoRT] [info] [hef.cpp:1929] [get_network_group_and_network_name] No name was given. Addressing all networks of default network_group: yolov6n
[2026-01-02 16:16:06.620] [9344] [HailoRT] [info] [hef.cpp:1929] [get_network_group_and_network_name] No name was given. Addressing all networks of default network_group: yolov6n
[2026-01-02 16:16:06.638] [9344] [HailoRT] [info] [internal_buffer_manager.cpp:202] [print_execution_results] Default Internal buffer planner failed to meet requirements
[2026-01-02 16:16:06.638] [9344] [HailoRT] [info] [internal_buffer_manager.cpp:212] [print_execution_results] Default Internal buffer planner executed successfully
[2026-01-02 16:16:06.644] [9344] [HailoRT] [info] [device_internal.cpp:57] [configure] Configuring HEF took 13.558043 milliseconds
[2026-01-02 16:16:06.644] [9344] [HailoRT] [info] [vdevice.cpp:749] [configure] Configuring HEF on VDevice took 13.907201 milliseconds
[2026-01-02 16:16:06.644] [9344] [HailoRT] [info] [infer_model.cpp:436] [configure] Configuring network group 'yolov6n' with params: batch size: 2, power mode: PERFORMANCE, latency: NONE
[2026-01-02 16:16:06.644] [9344] [HailoRT] [info] [multi_io_elements.cpp:756] [create] Created (AsyncHwEl)
[2026-01-02 16:16:06.644] [9344] [HailoRT] [info] [queue_elements.cpp:450] [create] Created (EntryPushQEl0yolov6n/input_layer1 | timeout: 10s)
[2026-01-02 16:16:06.644] [9344] [HailoRT] [info] [filter_elements.cpp:101] [create] Created (PreInferEl3yolov6n/input_layer1 | Reorder - src_order: RGB4, src_shape: (640, 640, 3), dst_order: NHCW, dst_shape: (640, 640, 3))
[2026-01-02 16:16:06.644] [9344] [HailoRT] [info] [queue_elements.cpp:450] [create] Created (PushQEl3yolov6n/input_layer1 | timeout: 10s)
[2026-01-02 16:16:06.644] [9344] [HailoRT] [info] [multi_io_elements.cpp:135] [create] Created (NmsPPMuxEl0YOLOX-Post-Process | Op YOLOX, Name: YOLOX-Post-Process, Score threshold: 0.300, IoU threshold: 0.45, Classes: 80, Cross classes: false, NMS results order: BY_CLASS, Max bboxes per class: 100, Image height: 640, Image width: 640)
[2026-01-02 16:16:06.645] [9344] [HailoRT] [info] [queue_elements.cpp:942] [create] Created (MultiPushQEl0YOLOX-Post-Process | timeout: 10s)
[2026-01-02 16:16:06.645] [9344] [HailoRT] [info] [edge_elements.cpp:187] [create] Created (LastAsyncEl0NmsPPMuxEl0YOLOX-Post-Process)
[2026-01-02 16:16:06.645] [9344] [HailoRT] [info] [pipeline.cpp:891] [print_deep_description] EntryPushQEl0yolov6n/input_layer1 | inputs: user | outputs: PreInferEl3yolov6n/input_layer1(running in thread_id: 9419)
[2026-01-02 16:16:06.645] [9344] [HailoRT] [info] [pipeline.cpp:891] [print_deep_description] PreInferEl3yolov6n/input_layer1 | inputs: EntryPushQEl0yolov6n/input_layer1[0] | outputs: PushQEl3yolov6n/input_layer1
[2026-01-02 16:16:06.645] [9344] [HailoRT] [info] [pipeline.cpp:891] [print_deep_description] PushQEl3yolov6n/input_layer1 | inputs: PreInferEl3yolov6n/input_layer1[0] | outputs: AsyncHwEl(running in thread_id: 9420)
[2026-01-02 16:16:06.645] [9344] [HailoRT] [info] [pipeline.cpp:891] [print_deep_description] AsyncHwEl | inputs: PushQEl3yolov6n/input_layer1[0] | outputs: MultiPushQEl0YOLOX-Post-Process MultiPushQEl0YOLOX-Post-Process MultiPushQEl0YOLOX-Post-Process MultiPushQEl0YOLOX-Post-Process MultiPushQEl0YOLOX-Post-Process MultiPushQEl0YOLOX-Post-Process MultiPushQEl0YOLOX-Post-Process MultiPushQEl0YOLOX-Post-Process MultiPushQEl0YOLOX-Post-Process
[2026-01-02 16:16:06.645] [9344] [HailoRT] [info] [pipeline.cpp:891] [print_deep_description] MultiPushQEl0YOLOX-Post-Process | inputs: AsyncHwEl[0] AsyncHwEl[1] AsyncHwEl[2] AsyncHwEl[3] AsyncHwEl[4] AsyncHwEl[5] AsyncHwEl[6] AsyncHwEl[7] AsyncHwEl[8] | outputs: NmsPPMuxEl0YOLOX-Post-Process(running in thread_id: 9421)
[2026-01-02 16:16:06.645] [9344] [HailoRT] [info] [pipeline.cpp:891] [print_deep_description] NmsPPMuxEl0YOLOX-Post-Process | inputs: MultiPushQEl0YOLOX-Post-Process[0] | outputs: LastAsyncEl0NmsPPMuxEl0YOLOX-Post-Process
[2026-01-02 16:16:06.645] [9344] [HailoRT] [info] [pipeline.cpp:891] [print_deep_description] LastAsyncEl0NmsPPMuxEl0YOLOX-Post-Process | inputs: NmsPPMuxEl0YOLOX-Post-Process[0] | outputs: user
[2026-01-02 16:16:07.833] [9411] [HailoRT] [info] [hef.cpp:1929] [get_network_group_and_network_name] No name was given. Addressing all networks of default network_group: yolov6n
[2026-01-02 16:16:33.602] [9344] [HailoRT] [info] [async_infer_runner.cpp:86] [shutdown] Pipeline was aborted. Shutting it down
[2026-01-02 16:16:33.602] [9344] [HailoRT] [info] [queue_elements.cpp:1131] [execute_deactivate] enqueue() in element MultiPushQEl0YOLOX-Post-Process was aborted, got status = HAILO_SHUTDOWN_EVENT_SIGNALED(57)
[2026-01-02 16:16:33.602] [9344] [HailoRT] [info] [queue_elements.cpp:1131] [execute_deactivate] enqueue() in element MultiPushQEl0YOLOX-Post-Process was aborted, got status = HAILO_SHUTDOWN_EVENT_SIGNALED(57)
[2026-01-02 16:16:33.602] [9344] [HailoRT] [info] [queue_elements.cpp:1131] [execute_deactivate] enqueue() in element MultiPushQEl0YOLOX-Post-Process was aborted, got status = HAILO_SHUTDOWN_EVENT_SIGNALED(57)
[2026-01-02 16:16:33.602] [9344] [HailoRT] [info] [queue_elements.cpp:1131] [execute_deactivate] enqueue() in element MultiPushQEl0YOLOX-Post-Process was aborted, got status = HAILO_SHUTDOWN_EVENT_SIGNALED(57)
[2026-01-02 16:16:33.602] [9344] [HailoRT] [info] [queue_elements.cpp:1131] [execute_deactivate] enqueue() in element MultiPushQEl0YOLOX-Post-Process was aborted, got status = HAILO_SHUTDOWN_EVENT_SIGNALED(57)
[2026-01-02 16:16:33.602] [9344] [HailoRT] [info] [queue_elements.cpp:1131] [execute_deactivate] enqueue() in element MultiPushQEl0YOLOX-Post-Process was aborted, got status = HAILO_SHUTDOWN_EVENT_SIGNALED(57)
[2026-01-02 16:16:33.602] [9344] [HailoRT] [info] [queue_elements.cpp:1131] [execute_deactivate] enqueue() in element MultiPushQEl0YOLOX-Post-Process was aborted, got status = HAILO_SHUTDOWN_EVENT_SIGNALED(57)
[2026-01-02 16:16:33.602] [9344] [HailoRT] [info] [queue_elements.cpp:1131] [execute_deactivate] enqueue() in element MultiPushQEl0YOLOX-Post-Process was aborted, got status = HAILO_SHUTDOWN_EVENT_SIGNALED(57)
[2026-01-02 16:16:33.602] [9344] [HailoRT] [info] [queue_elements.cpp:1131] [execute_deactivate] enqueue() in element MultiPushQEl0YOLOX-Post-Process was aborted, got status = HAILO_SHUTDOWN_EVENT_SIGNALED(57)
[2026-01-02 16:16:33.602] [9344] [HailoRT] [info] [queue_elements.cpp:570] [execute_deactivate] enqueue() in element PushQEl3yolov6n/input_layer1 was aborted, got status = HAILO_SHUTDOWN_EVENT_SIGNALED(57)
[2026-01-02 16:16:33.603] [9344] [HailoRT] [info] [queue_elements.cpp:570] [execute_deactivate] enqueue() in element EntryPushQEl0yolov6n/input_layer1 was aborted, got status = HAILO_SHUTDOWN_EVENT_SIGNALED(57)
[2026-01-02 16:16:33.603] [9344] [HailoRT] [info] [queue_elements.cpp:46] [~BaseQueueElement] Queue element EntryPushQEl0yolov6n/input_layer1 has 0 frames in his Queue on destruction
[2026-01-02 16:16:33.603] [9344] [HailoRT] [info] [queue_elements.cpp:46] [~BaseQueueElement] Queue element PushQEl3yolov6n/input_layer1 has 0 frames in his Queue on destruction
[2026-01-02 16:25:56.460] [9742] [HailoRT] [info] [device.cpp:49] [Device] OS Version: Linux 6.12.47+rpt-rpi-2712 #1 SMP PREEMPT Debian 1:6.12.47-1+rpt1~bookworm (2025-09-16) aarch64
[2026-01-02 16:25:56.462] [9742] [HailoRT] [info] [control.cpp:108] [control__parse_identify_results] firmware_version is: 4.20.0
[2026-01-02 16:25:56.462] [9742] [HailoRT] [info] [control.cpp:108] [control__parse_identify_results] firmware_version is: 4.20.0
[2026-01-02 16:25:56.518] [9750] [HailoRT] [info] [device.cpp:49] [Device] OS Version: Linux 6.12.47+rpt-rpi-2712 #1 SMP PREEMPT Debian 1:6.12.47-1+rpt1~bookworm (2025-09-16) aarch64
[2026-01-02 16:25:56.519] [9750] [HailoRT] [info] [control.cpp:108] [control__parse_identify_results] firmware_version is: 4.20.0
[2026-01-02 16:25:56.520] [9750] [HailoRT] [info] [control.cpp:108] [control__parse_identify_results] firmware_version is: 4.20.0
[2026-01-02 16:25:56.570] [9758] [HailoRT] [info] [device.cpp:49] [Device] OS Version: Linux 6.12.47+rpt-rpi-2712 #1 SMP PREEMPT Debian 1:6.12.47-1+rpt1~bookworm (2025-09-16) aarch64
[2026-01-02 16:25:56.571] [9758] [HailoRT] [info] [control.cpp:108] [control__parse_identify_results] firmware_version is: 4.20.0
[2026-01-02 16:25:56.572] [9758] [HailoRT] [info] [control.cpp:108] [control__parse_identify_results] firmware_version is: 4.20.0
[2026-01-02 16:25:56.667] [9714] [HailoRT] [info] [vdevice.cpp:523] [create] Creating vdevice with params: device_count: 1, scheduling_algorithm: ROUND_ROBIN, multi_process_service: false
[2026-01-02 16:25:56.678] [9714] [HailoRT] [info] [device.cpp:49] [Device] OS Version: Linux 6.12.47+rpt-rpi-2712 #1 SMP PREEMPT Debian 1:6.12.47-1+rpt1~bookworm (2025-09-16) aarch64
[2026-01-02 16:25:56.679] [9714] [HailoRT] [info] [control.cpp:108] [control__parse_identify_results] firmware_version is: 4.20.0
[2026-01-02 16:25:56.679] [9714] [HailoRT] [info] [vdevice.cpp:651] [create] VDevice Infos: 0001:01:00.0
[2026-01-02 16:25:56.701] [9714] [HailoRT] [info] [hef.cpp:1929] [get_network_group_and_network_name] No name was given. Addressing all networks of default network_group: yolov6n
[2026-01-02 16:25:56.701] [9714] [HailoRT] [info] [hef.cpp:1929] [get_network_group_and_network_name] No name was given. Addressing all networks of default network_group: yolov6n
[2026-01-02 16:25:56.718] [9714] [HailoRT] [info] [internal_buffer_manager.cpp:202] [print_execution_results] Default Internal buffer planner failed to meet requirements
[2026-01-02 16:25:56.718] [9714] [HailoRT] [info] [internal_buffer_manager.cpp:212] [print_execution_results] Default Internal buffer planner executed successfully
[2026-01-02 16:25:56.724] [9714] [HailoRT] [info] [device_internal.cpp:57] [configure] Configuring HEF took 11.895095 milliseconds
[2026-01-02 16:25:56.724] [9714] [HailoRT] [info] [vdevice.cpp:749] [configure] Configuring HEF on VDevice took 12.253592 milliseconds
[2026-01-02 16:25:56.724] [9714] [HailoRT] [info] [infer_model.cpp:436] [configure] Configuring network group 'yolov6n' with params: batch size: 2, power mode: PERFORMANCE, latency: NONE
[2026-01-02 16:25:56.724] [9714] [HailoRT] [info] [multi_io_elements.cpp:756] [create] Created (AsyncHwEl)
[2026-01-02 16:25:56.725] [9714] [HailoRT] [info] [queue_elements.cpp:450] [create] Created (EntryPushQEl0yolov6n/input_layer1 | timeout: 10s)
[2026-01-02 16:25:56.725] [9714] [HailoRT] [info] [filter_elements.cpp:101] [create] Created (PreInferEl3yolov6n/input_layer1 | Reorder - src_order: RGB4, src_shape: (640, 640, 3), dst_order: NHCW, dst_shape: (640, 640, 3))
[2026-01-02 16:25:56.725] [9714] [HailoRT] [info] [queue_elements.cpp:450] [create] Created (PushQEl3yolov6n/input_layer1 | timeout: 10s)
[2026-01-02 16:25:56.725] [9714] [HailoRT] [info] [multi_io_elements.cpp:135] [create] Created (NmsPPMuxEl0YOLOX-Post-Process | Op YOLOX, Name: YOLOX-Post-Process, Score threshold: 0.300, IoU threshold: 0.45, Classes: 80, Cross classes: false, NMS results order: BY_CLASS, Max bboxes per class: 100, Image height: 640, Image width: 640)
[2026-01-02 16:25:56.725] [9714] [HailoRT] [info] [queue_elements.cpp:942] [create] Created (MultiPushQEl0YOLOX-Post-Process | timeout: 10s)
[2026-01-02 16:25:56.725] [9714] [HailoRT] [info] [edge_elements.cpp:187] [create] Created (LastAsyncEl0NmsPPMuxEl0YOLOX-Post-Process)
[2026-01-02 16:25:56.725] [9714] [HailoRT] [info] [pipeline.cpp:891] [print_deep_description] EntryPushQEl0yolov6n/input_layer1 | inputs: user | outputs: PreInferEl3yolov6n/input_layer1(running in thread_id: 9788)
[2026-01-02 16:25:56.725] [9714] [HailoRT] [info] [pipeline.cpp:891] [print_deep_description] PreInferEl3yolov6n/input_layer1 | inputs: EntryPushQEl0yolov6n/input_layer1[0] | outputs: PushQEl3yolov6n/input_layer1
[2026-01-02 16:25:56.725] [9714] [HailoRT] [info] [pipeline.cpp:891] [print_deep_description] PushQEl3yolov6n/input_layer1 | inputs: PreInferEl3yolov6n/input_layer1[0] | outputs: AsyncHwEl(running in thread_id: 9789)
[2026-01-02 16:25:56.725] [9714] [HailoRT] [info] [pipeline.cpp:891] [print_deep_description] AsyncHwEl | inputs: PushQEl3yolov6n/input_layer1[0] | outputs: MultiPushQEl0YOLOX-Post-Process MultiPushQEl0YOLOX-Post-Process MultiPushQEl0YOLOX-Post-Process MultiPushQEl0YOLOX-Post-Process MultiPushQEl0YOLOX-Post-Process MultiPushQEl0YOLOX-Post-Process MultiPushQEl0YOLOX-Post-Process MultiPushQEl0YOLOX-Post-Process MultiPushQEl0YOLOX-Post-Process
[2026-01-02 16:25:56.726] [9714] [HailoRT] [info] [pipeline.cpp:891] [print_deep_description] MultiPushQEl0YOLOX-Post-Process | inputs: AsyncHwEl[0] AsyncHwEl[1] AsyncHwEl[2] AsyncHwEl[3] AsyncHwEl[4] AsyncHwEl[5] AsyncHwEl[6] AsyncHwEl[7] AsyncHwEl[8] | outputs: NmsPPMuxEl0YOLOX-Post-Process(running in thread_id: 9790)
[2026-01-02 16:25:56.726] [9714] [HailoRT] [info] [pipeline.cpp:891] [print_deep_description] NmsPPMuxEl0YOLOX-Post-Process | inputs: MultiPushQEl0YOLOX-Post-Process[0] | outputs: LastAsyncEl0NmsPPMuxEl0YOLOX-Post-Process
[2026-01-02 16:25:56.726] [9714] [HailoRT] [info] [pipeline.cpp:891] [print_deep_description] LastAsyncEl0NmsPPMuxEl0YOLOX-Post-Process | inputs: NmsPPMuxEl0YOLOX-Post-Process[0] | outputs: user
[2026-01-02 16:25:57.351] [9714] [HailoRT] [info] [async_infer_runner.cpp:86] [shutdown] Pipeline was aborted. Shutting it down
[2026-01-02 16:25:57.351] [9714] [HailoRT] [info] [queue_elements.cpp:1131] [execute_deactivate] enqueue() in element MultiPushQEl0YOLOX-Post-Process was aborted, got status = HAILO_SHUTDOWN_EVENT_SIGNALED(57)
[2026-01-02 16:25:57.351] [9714] [HailoRT] [info] [queue_elements.cpp:1131] [execute_deactivate] enqueue() in element MultiPushQEl0YOLOX-Post-Process was aborted, got status = HAILO_SHUTDOWN_EVENT_SIGNALED(57)
[2026-01-02 16:25:57.351] [9714] [HailoRT] [info] [queue_elements.cpp:1131] [execute_deactivate] enqueue() in element MultiPushQEl0YOLOX-Post-Process was aborted, got status = HAILO_SHUTDOWN_EVENT_SIGNALED(57)
[2026-01-02 16:25:57.351] [9714] [HailoRT] [info] [queue_elements.cpp:1131] [execute_deactivate] enqueue() in element MultiPushQEl0YOLOX-Post-Process was aborted, got status = HAILO_SHUTDOWN_EVENT_SIGNALED(57)
[2026-01-02 16:25:57.351] [9714] [HailoRT] [info] [queue_elements.cpp:1131] [execute_deactivate] enqueue() in element MultiPushQEl0YOLOX-Post-Process was aborted, got status = HAILO_SHUTDOWN_EVENT_SIGNALED(57)
[2026-01-02 16:25:57.351] [9714] [HailoRT] [info] [queue_elements.cpp:1131] [execute_deactivate] enqueue() in element MultiPushQEl0YOLOX-Post-Process was aborted, got status = HAILO_SHUTDOWN_EVENT_SIGNALED(57)
[2026-01-02 16:25:57.351] [9714] [HailoRT] [info] [queue_elements.cpp:1131] [execute_deactivate] enqueue() in element MultiPushQEl0YOLOX-Post-Process was aborted, got status = HAILO_SHUTDOWN_EVENT_SIGNALED(57)
[2026-01-02 16:25:57.351] [9714] [HailoRT] [info] [queue_elements.cpp:1131] [execute_deactivate] enqueue() in element MultiPushQEl0YOLOX-Post-Process was aborted, got status = HAILO_SHUTDOWN_EVENT_SIGNALED(57)
[2026-01-02 16:25:57.351] [9714] [HailoRT] [info] [queue_elements.cpp:1131] [execute_deactivate] enqueue() in element MultiPushQEl0YOLOX-Post-Process was aborted, got status = HAILO_SHUTDOWN_EVENT_SIGNALED(57)
[2026-01-02 16:25:57.351] [9714] [HailoRT] [info] [queue_elements.cpp:570] [execute_deactivate] enqueue() in element PushQEl3yolov6n/input_layer1 was aborted, got status = HAILO_SHUTDOWN_EVENT_SIGNALED(57)
[2026-01-02 16:25:57.351] [9714] [HailoRT] [info] [queue_elements.cpp:570] [execute_deactivate] enqueue() in element EntryPushQEl0yolov6n/input_layer1 was aborted, got status = HAILO_SHUTDOWN_EVENT_SIGNALED(57)
[2026-01-02 16:25:57.351] [9714] [HailoRT] [info] [queue_elements.cpp:46] [~BaseQueueElement] Queue element EntryPushQEl0yolov6n/input_layer1 has 0 frames in his Queue on destruction
[2026-01-02 16:25:57.351] [9714] [HailoRT] [info] [queue_elements.cpp:46] [~BaseQueueElement] Queue element PushQEl3yolov6n/input_layer1 has 0 frames in his Queue on destruction
[2026-01-02 16:26:35.525] [9852] [HailoRT] [info] [device.cpp:49] [Device] OS Version: Linux 6.12.47+rpt-rpi-2712 #1 SMP PREEMPT Debian 1:6.12.47-1+rpt1~bookworm (2025-09-16) aarch64
[2026-01-02 16:26:35.526] [9852] [HailoRT] [info] [control.cpp:108] [control__parse_identify_results] firmware_version is: 4.20.0
[2026-01-02 16:26:35.527] [9852] [HailoRT] [info] [control.cpp:108] [control__parse_identify_results] firmware_version is: 4.20.0
[2026-01-02 16:26:35.582] [9860] [HailoRT] [info] [device.cpp:49] [Device] OS Version: Linux 6.12.47+rpt-rpi-2712 #1 SMP PREEMPT Debian 1:6.12.47-1+rpt1~bookworm (2025-09-16) aarch64
[2026-01-02 16:26:35.583] [9860] [HailoRT] [info] [control.cpp:108] [control__parse_identify_results] firmware_version is: 4.20.0
[2026-01-02 16:26:35.584] [9860] [HailoRT] [info] [control.cpp:108] [control__parse_identify_results] firmware_version is: 4.20.0
[2026-01-02 16:26:35.634] [9868] [HailoRT] [info] [device.cpp:49] [Device] OS Version: Linux 6.12.47+rpt-rpi-2712 #1 SMP PREEMPT Debian 1:6.12.47-1+rpt1~bookworm (2025-09-16) aarch64
[2026-01-02 16:26:35.636] [9868] [HailoRT] [info] [control.cpp:108] [control__parse_identify_results] firmware_version is: 4.20.0
[2026-01-02 16:26:35.637] [9868] [HailoRT] [info] [control.cpp:108] [control__parse_identify_results] firmware_version is: 4.20.0
[2026-01-02 16:26:35.730] [9824] [HailoRT] [info] [vdevice.cpp:523] [create] Creating vdevice with params: device_count: 1, scheduling_algorithm: ROUND_ROBIN, multi_process_service: false
[2026-01-02 16:26:35.742] [9824] [HailoRT] [info] [device.cpp:49] [Device] OS Version: Linux 6.12.47+rpt-rpi-2712 #1 SMP PREEMPT Debian 1:6.12.47-1+rpt1~bookworm (2025-09-16) aarch64
[2026-01-02 16:26:35.743] [9824] [HailoRT] [info] [control.cpp:108] [control__parse_identify_results] firmware_version is: 4.20.0
[2026-01-02 16:26:35.743] [9824] [HailoRT] [info] [vdevice.cpp:651] [create] VDevice Infos: 0001:01:00.0
[2026-01-02 16:26:35.765] [9824] [HailoRT] [info] [hef.cpp:1929] [get_network_group_and_network_name] No name was given. Addressing all networks of default network_group: yolov6n
[2026-01-02 16:26:35.765] [9824] [HailoRT] [info] [hef.cpp:1929] [get_network_group_and_network_name] No name was given. Addressing all networks of default network_group: yolov6n
[2026-01-02 16:26:35.782] [9824] [HailoRT] [info] [internal_buffer_manager.cpp:202] [print_execution_results] Default Internal buffer planner failed to meet requirements
[2026-01-02 16:26:35.782] [9824] [HailoRT] [info] [internal_buffer_manager.cpp:212] [print_execution_results] Default Internal buffer planner executed successfully
[2026-01-02 16:26:35.788] [9824] [HailoRT] [info] [device_internal.cpp:57] [configure] Configuring HEF took 13.122871 milliseconds
[2026-01-02 16:26:35.789] [9824] [HailoRT] [info] [vdevice.cpp:749] [configure] Configuring HEF on VDevice took 13.473054 milliseconds
[2026-01-02 16:26:35.789] [9824] [HailoRT] [info] [infer_model.cpp:436] [configure] Configuring network group 'yolov6n' with params: batch size: 2, power mode: PERFORMANCE, latency: NONE
[2026-01-02 16:26:35.789] [9824] [HailoRT] [info] [multi_io_elements.cpp:756] [create] Created (AsyncHwEl)
[2026-01-02 16:26:35.789] [9824] [HailoRT] [info] [queue_elements.cpp:450] [create] Created (EntryPushQEl0yolov6n/input_layer1 | timeout: 10s)
[2026-01-02 16:26:35.789] [9824] [HailoRT] [info] [filter_elements.cpp:101] [create] Created (PreInferEl3yolov6n/input_layer1 | Reorder - src_order: RGB4, src_shape: (640, 640, 3), dst_order: NHCW, dst_shape: (640, 640, 3))
[2026-01-02 16:26:35.789] [9824] [HailoRT] [info] [queue_elements.cpp:450] [create] Created (PushQEl3yolov6n/input_layer1 | timeout: 10s)
[2026-01-02 16:26:35.789] [9824] [HailoRT] [info] [multi_io_elements.cpp:135] [create] Created (NmsPPMuxEl0YOLOX-Post-Process | Op YOLOX, Name: YOLOX-Post-Process, Score threshold: 0.300, IoU threshold: 0.45, Classes: 80, Cross classes: false, NMS results order: BY_CLASS, Max bboxes per class: 100, Image height: 640, Image width: 640)
[2026-01-02 16:26:35.790] [9824] [HailoRT] [info] [queue_elements.cpp:942] [create] Created (MultiPushQEl0YOLOX-Post-Process | timeout: 10s)
[2026-01-02 16:26:35.790] [9824] [HailoRT] [info] [edge_elements.cpp:187] [create] Created (LastAsyncEl0NmsPPMuxEl0YOLOX-Post-Process)
[2026-01-02 16:26:35.790] [9824] [HailoRT] [info] [pipeline.cpp:891] [print_deep_description] EntryPushQEl0yolov6n/input_layer1 | inputs: user | outputs: PreInferEl3yolov6n/input_layer1(running in thread_id: 9898)
[2026-01-02 16:26:35.790] [9824] [HailoRT] [info] [pipeline.cpp:891] [print_deep_description] PreInferEl3yolov6n/input_layer1 | inputs: EntryPushQEl0yolov6n/input_layer1[0] | outputs: PushQEl3yolov6n/input_layer1
[2026-01-02 16:26:35.790] [9824] [HailoRT] [info] [pipeline.cpp:891] [print_deep_description] PushQEl3yolov6n/input_layer1 | inputs: PreInferEl3yolov6n/input_layer1[0] | outputs: AsyncHwEl(running in thread_id: 9899)
[2026-01-02 16:26:35.790] [9824] [HailoRT] [info] [pipeline.cpp:891] [print_deep_description] AsyncHwEl | inputs: PushQEl3yolov6n/input_layer1[0] | outputs: MultiPushQEl0YOLOX-Post-Process MultiPushQEl0YOLOX-Post-Process MultiPushQEl0YOLOX-Post-Process MultiPushQEl0YOLOX-Post-Process MultiPushQEl0YOLOX-Post-Process MultiPushQEl0YOLOX-Post-Process MultiPushQEl0YOLOX-Post-Process MultiPushQEl0YOLOX-Post-Process MultiPushQEl0YOLOX-Post-Process
[2026-01-02 16:26:35.790] [9824] [HailoRT] [info] [pipeline.cpp:891] [print_deep_description] MultiPushQEl0YOLOX-Post-Process | inputs: AsyncHwEl[0] AsyncHwEl[1] AsyncHwEl[2] AsyncHwEl[3] AsyncHwEl[4] AsyncHwEl[5] AsyncHwEl[6] AsyncHwEl[7] AsyncHwEl[8] | outputs: NmsPPMuxEl0YOLOX-Post-Process(running in thread_id: 9900)
[2026-01-02 16:26:35.790] [9824] [HailoRT] [info] [pipeline.cpp:891] [print_deep_description] NmsPPMuxEl0YOLOX-Post-Process | inputs: MultiPushQEl0YOLOX-Post-Process[0] | outputs: LastAsyncEl0NmsPPMuxEl0YOLOX-Post-Process
[2026-01-02 16:26:35.790] [9824] [HailoRT] [info] [pipeline.cpp:891] [print_deep_description] LastAsyncEl0NmsPPMuxEl0YOLOX-Post-Process | inputs: NmsPPMuxEl0YOLOX-Post-Process[0] | outputs: user
[2026-01-02 16:26:37.015] [9890] [HailoRT] [info] [hef.cpp:1929] [get_network_group_and_network_name] No name was given. Addressing all networks of default network_group: yolov6n
[2026-01-02 16:29:47.384] [9824] [HailoRT] [info] [async_infer_runner.cpp:86] [shutdown] Pipeline was aborted. Shutting it down
[2026-01-02 16:29:47.384] [9824] [HailoRT] [info] [queue_elements.cpp:1131] [execute_deactivate] enqueue() in element MultiPushQEl0YOLOX-Post-Process was aborted, got status = HAILO_SHUTDOWN_EVENT_SIGNALED(57)
[2026-01-02 16:29:47.384] [9824] [HailoRT] [info] [queue_elements.cpp:1131] [execute_deactivate] enqueue() in element MultiPushQEl0YOLOX-Post-Process was aborted, got status = HAILO_SHUTDOWN_EVENT_SIGNALED(57)
[2026-01-02 16:29:47.384] [9824] [HailoRT] [info] [queue_elements.cpp:1131] [execute_deactivate] enqueue() in element MultiPushQEl0YOLOX-Post-Process was aborted, got status = HAILO_SHUTDOWN_EVENT_SIGNALED(57)
[2026-01-02 16:29:47.384] [9824] [HailoRT] [info] [queue_elements.cpp:1131] [execute_deactivate] enqueue() in element MultiPushQEl0YOLOX-Post-Process was aborted, got status = HAILO_SHUTDOWN_EVENT_SIGNALED(57)
[2026-01-02 16:29:47.384] [9824] [HailoRT] [info] [queue_elements.cpp:1131] [execute_deactivate] enqueue() in element MultiPushQEl0YOLOX-Post-Process was aborted, got status = HAILO_SHUTDOWN_EVENT_SIGNALED(57)
[2026-01-02 16:29:47.384] [9824] [HailoRT] [info] [queue_elements.cpp:1131] [execute_deactivate] enqueue() in element MultiPushQEl0YOLOX-Post-Process was aborted, got status = HAILO_SHUTDOWN_EVENT_SIGNALED(57)
[2026-01-02 16:29:47.384] [9824] [HailoRT] [info] [queue_elements.cpp:1131] [execute_deactivate] enqueue() in element MultiPushQEl0YOLOX-Post-Process was aborted, got status = HAILO_SHUTDOWN_EVENT_SIGNALED(57)
[2026-01-02 16:29:47.385] [9824] [HailoRT] [info] [queue_elements.cpp:1131] [execute_deactivate] enqueue() in element MultiPushQEl0YOLOX-Post-Process was aborted, got status = HAILO_SHUTDOWN_EVENT_SIGNALED(57)
[2026-01-02 16:29:47.385] [9824] [HailoRT] [info] [queue_elements.cpp:1131] [execute_deactivate] enqueue() in element MultiPushQEl0YOLOX-Post-Process was aborted, got status = HAILO_SHUTDOWN_EVENT_SIGNALED(57)
[2026-01-02 16:29:47.385] [9824] [HailoRT] [info] [queue_elements.cpp:570] [execute_deactivate] enqueue() in element PushQEl3yolov6n/input_layer1 was aborted, got status = HAILO_SHUTDOWN_EVENT_SIGNALED(57)
[2026-01-02 16:29:47.385] [9824] [HailoRT] [info] [queue_elements.cpp:570] [execute_deactivate] enqueue() in element EntryPushQEl0yolov6n/input_layer1 was aborted, got status = HAILO_SHUTDOWN_EVENT_SIGNALED(57)
[2026-01-02 16:29:47.385] [9824] [HailoRT] [info] [queue_elements.cpp:46] [~BaseQueueElement] Queue element EntryPushQEl0yolov6n/input_layer1 has 0 frames in his Queue on destruction
[2026-01-02 16:29:47.385] [9824] [HailoRT] [info] [queue_elements.cpp:46] [~BaseQueueElement] Queue element PushQEl3yolov6n/input_layer1 has 0 frames in his Queue on destruction
[2026-01-02 16:31:19.165] [10069] [HailoRT] [info] [device.cpp:49] [Device] OS Version: Linux 6.12.47+rpt-rpi-2712 #1 SMP PREEMPT Debian 1:6.12.47-1+rpt1~bookworm (2025-09-16) aarch64
[2026-01-02 16:31:19.166] [10069] [HailoRT] [info] [control.cpp:108] [control__parse_identify_results] firmware_version is: 4.20.0
[2026-01-02 16:31:19.167] [10069] [HailoRT] [info] [control.cpp:108] [control__parse_identify_results] firmware_version is: 4.20.0
[2026-01-02 16:31:19.214] [10077] [HailoRT] [info] [device.cpp:49] [Device] OS Version: Linux 6.12.47+rpt-rpi-2712 #1 SMP PREEMPT Debian 1:6.12.47-1+rpt1~bookworm (2025-09-16) aarch64
[2026-01-02 16:31:19.215] [10077] [HailoRT] [info] [control.cpp:108] [control__parse_identify_results] firmware_version is: 4.20.0
[2026-01-02 16:31:19.216] [10077] [HailoRT] [info] [control.cpp:108] [control__parse_identify_results] firmware_version is: 4.20.0
[2026-01-02 16:31:19.264] [10085] [HailoRT] [info] [device.cpp:49] [Device] OS Version: Linux 6.12.47+rpt-rpi-2712 #1 SMP PREEMPT Debian 1:6.12.47-1+rpt1~bookworm (2025-09-16) aarch64
[2026-01-02 16:31:19.266] [10085] [HailoRT] [info] [control.cpp:108] [control__parse_identify_results] firmware_version is: 4.20.0
[2026-01-02 16:31:19.267] [10085] [HailoRT] [info] [control.cpp:108] [control__parse_identify_results] firmware_version is: 4.20.0
[2026-01-02 16:31:19.347] [10041] [HailoRT] [info] [vdevice.cpp:523] [create] Creating vdevice with params: device_count: 1, scheduling_algorithm: ROUND_ROBIN, multi_process_service: false
[2026-01-02 16:31:19.358] [10041] [HailoRT] [info] [device.cpp:49] [Device] OS Version: Linux 6.12.47+rpt-rpi-2712 #1 SMP PREEMPT Debian 1:6.12.47-1+rpt1~bookworm (2025-09-16) aarch64
[2026-01-02 16:31:19.359] [10041] [HailoRT] [info] [control.cpp:108] [control__parse_identify_results] firmware_version is: 4.20.0
[2026-01-02 16:31:19.359] [10041] [HailoRT] [info] [vdevice.cpp:651] [create] VDevice Infos: 0001:01:00.0
[2026-01-02 16:31:19.380] [10041] [HailoRT] [info] [hef.cpp:1929] [get_network_group_and_network_name] No name was given. Addressing all networks of default network_group: yolov6n
[2026-01-02 16:31:19.380] [10041] [HailoRT] [info] [hef.cpp:1929] [get_network_group_and_network_name] No name was given. Addressing all networks of default network_group: yolov6n
[2026-01-02 16:31:19.398] [10041] [HailoRT] [info] [internal_buffer_manager.cpp:202] [print_execution_results] Default Internal buffer planner failed to meet requirements
[2026-01-02 16:31:19.398] [10041] [HailoRT] [info] [internal_buffer_manager.cpp:212] [print_execution_results] Default Internal buffer planner executed successfully
[2026-01-02 16:31:19.404] [10041] [HailoRT] [info] [device_internal.cpp:57] [configure] Configuring HEF took 13.227821 milliseconds
[2026-01-02 16:31:19.404] [10041] [HailoRT] [info] [vdevice.cpp:749] [configure] Configuring HEF on VDevice took 13.580189 milliseconds
[2026-01-02 16:31:19.404] [10041] [HailoRT] [info] [infer_model.cpp:436] [configure] Configuring network group 'yolov6n' with params: batch size: 2, power mode: PERFORMANCE, latency: NONE
[2026-01-02 16:31:19.404] [10041] [HailoRT] [info] [multi_io_elements.cpp:756] [create] Created (AsyncHwEl)
[2026-01-02 16:31:19.404] [10041] [HailoRT] [info] [queue_elements.cpp:450] [create] Created (EntryPushQEl0yolov6n/input_layer1 | timeout: 10s)
[2026-01-02 16:31:19.405] [10041] [HailoRT] [info] [filter_elements.cpp:101] [create] Created (PreInferEl3yolov6n/input_layer1 | Reorder - src_order: RGB4, src_shape: (640, 640, 3), dst_order: NHCW, dst_shape: (640, 640, 3))
[2026-01-02 16:31:19.405] [10041] [HailoRT] [info] [queue_elements.cpp:450] [create] Created (PushQEl3yolov6n/input_layer1 | timeout: 10s)
[2026-01-02 16:31:19.405] [10041] [HailoRT] [info] [multi_io_elements.cpp:135] [create] Created (NmsPPMuxEl0YOLOX-Post-Process | Op YOLOX, Name: YOLOX-Post-Process, Score threshold: 0.300, IoU threshold: 0.45, Classes: 80, Cross classes: false, NMS results order: BY_CLASS, Max bboxes per class: 100, Image height: 640, Image width: 640)
[2026-01-02 16:31:19.405] [10041] [HailoRT] [info] [queue_elements.cpp:942] [create] Created (MultiPushQEl0YOLOX-Post-Process | timeout: 10s)
[2026-01-02 16:31:19.405] [10041] [HailoRT] [info] [edge_elements.cpp:187] [create] Created (LastAsyncEl0NmsPPMuxEl0YOLOX-Post-Process)
[2026-01-02 16:31:19.405] [10041] [HailoRT] [info] [pipeline.cpp:891] [print_deep_description] EntryPushQEl0yolov6n/input_layer1 | inputs: user | outputs: PreInferEl3yolov6n/input_layer1(running in thread_id: 10115)
[2026-01-02 16:31:19.405] [10041] [HailoRT] [info] [pipeline.cpp:891] [print_deep_description] PreInferEl3yolov6n/input_layer1 | inputs: EntryPushQEl0yolov6n/input_layer1[0] | outputs: PushQEl3yolov6n/input_layer1
[2026-01-02 16:31:19.405] [10041] [HailoRT] [info] [pipeline.cpp:891] [print_deep_description] PushQEl3yolov6n/input_layer1 | inputs: PreInferEl3yolov6n/input_layer1[0] | outputs: AsyncHwEl(running in thread_id: 10116)
[2026-01-02 16:31:19.405] [10041] [HailoRT] [info] [pipeline.cpp:891] [print_deep_description] AsyncHwEl | inputs: PushQEl3yolov6n/input_layer1[0] | outputs: MultiPushQEl0YOLOX-Post-Process MultiPushQEl0YOLOX-Post-Process MultiPushQEl0YOLOX-Post-Process MultiPushQEl0YOLOX-Post-Process MultiPushQEl0YOLOX-Post-Process MultiPushQEl0YOLOX-Post-Process MultiPushQEl0YOLOX-Post-Process MultiPushQEl0YOLOX-Post-Process MultiPushQEl0YOLOX-Post-Process
[2026-01-02 16:31:19.405] [10041] [HailoRT] [info] [pipeline.cpp:891] [print_deep_description] MultiPushQEl0YOLOX-Post-Process | inputs: AsyncHwEl[0] AsyncHwEl[1] AsyncHwEl[2] AsyncHwEl[3] AsyncHwEl[4] AsyncHwEl[5] AsyncHwEl[6] AsyncHwEl[7] AsyncHwEl[8] | outputs: NmsPPMuxEl0YOLOX-Post-Process(running in thread_id: 10117)
[2026-01-02 16:31:19.405] [10041] [HailoRT] [info] [pipeline.cpp:891] [print_deep_description] NmsPPMuxEl0YOLOX-Post-Process | inputs: MultiPushQEl0YOLOX-Post-Process[0] | outputs: LastAsyncEl0NmsPPMuxEl0YOLOX-Post-Process
[2026-01-02 16:31:19.405] [10041] [HailoRT] [info] [pipeline.cpp:891] [print_deep_description] LastAsyncEl0NmsPPMuxEl0YOLOX-Post-Process | inputs: NmsPPMuxEl0YOLOX-Post-Process[0] | outputs: user
[2026-01-02 16:31:20.638] [10107] [HailoRT] [info] [hef.cpp:1929] [get_network_group_and_network_name] No name was given. Addressing all networks of default network_group: yolov6n
[2026-01-02 16:32:50.208] [10187] [HailoRT] [info] [device.cpp:49] [Device] OS Version: Linux 6.12.47+rpt-rpi-2712 #1 SMP PREEMPT Debian 1:6.12.47-1+rpt1~bookworm (2025-09-16) aarch64
[2026-01-02 16:32:50.210] [10187] [HailoRT] [info] [control.cpp:108] [control__parse_identify_results] firmware_version is: 4.20.0
[2026-01-02 16:32:50.211] [10187] [HailoRT] [info] [control.cpp:108] [control__parse_identify_results] firmware_version is: 4.20.0
[2026-01-02 16:32:50.274] [10195] [HailoRT] [info] [device.cpp:49] [Device] OS Version: Linux 6.12.47+rpt-rpi-2712 #1 SMP PREEMPT Debian 1:6.12.47-1+rpt1~bookworm (2025-09-16) aarch64
[2026-01-02 16:32:50.275] [10195] [HailoRT] [info] [control.cpp:108] [control__parse_identify_results] firmware_version is: 4.20.0
[2026-01-02 16:32:50.276] [10195] [HailoRT] [info] [control.cpp:108] [control__parse_identify_results] firmware_version is: 4.20.0
[2026-01-02 16:32:50.322] [10203] [HailoRT] [info] [device.cpp:49] [Device] OS Version: Linux 6.12.47+rpt-rpi-2712 #1 SMP PREEMPT Debian 1:6.12.47-1+rpt1~bookworm (2025-09-16) aarch64
[2026-01-02 16:32:50.323] [10203] [HailoRT] [info] [control.cpp:108] [control__parse_identify_results] firmware_version is: 4.20.0
[2026-01-02 16:32:50.324] [10203] [HailoRT] [info] [control.cpp:108] [control__parse_identify_results] firmware_version is: 4.20.0
[2026-01-02 16:32:50.419] [10159] [HailoRT] [info] [vdevice.cpp:523] [create] Creating vdevice with params: device_count: 1, scheduling_algorithm: ROUND_ROBIN, multi_process_service: false
[2026-01-02 16:32:50.430] [10159] [HailoRT] [info] [device.cpp:49] [Device] OS Version: Linux 6.12.47+rpt-rpi-2712 #1 SMP PREEMPT Debian 1:6.12.47-1+rpt1~bookworm (2025-09-16) aarch64
[2026-01-02 16:32:50.431] [10159] [HailoRT] [info] [control.cpp:108] [control__parse_identify_results] firmware_version is: 4.20.0
[2026-01-02 16:32:50.431] [10159] [HailoRT] [info] [vdevice.cpp:651] [create] VDevice Infos: 0001:01:00.0
[2026-01-02 16:32:50.452] [10159] [HailoRT] [info] [hef.cpp:1929] [get_network_group_and_network_name] No name was given. Addressing all networks of default network_group: yolov6n
[2026-01-02 16:32:50.452] [10159] [HailoRT] [info] [hef.cpp:1929] [get_network_group_and_network_name] No name was given. Addressing all networks of default network_group: yolov6n
[2026-01-02 16:32:50.470] [10159] [HailoRT] [info] [internal_buffer_manager.cpp:202] [print_execution_results] Default Internal buffer planner failed to meet requirements
[2026-01-02 16:32:50.470] [10159] [HailoRT] [info] [internal_buffer_manager.cpp:212] [print_execution_results] Default Internal buffer planner executed successfully
[2026-01-02 16:32:50.476] [10159] [HailoRT] [info] [device_internal.cpp:57] [configure] Configuring HEF took 12.942017 milliseconds
[2026-01-02 16:32:50.476] [10159] [HailoRT] [info] [vdevice.cpp:749] [configure] Configuring HEF on VDevice took 13.292849 milliseconds
[2026-01-02 16:32:50.476] [10159] [HailoRT] [info] [infer_model.cpp:436] [configure] Configuring network group 'yolov6n' with params: batch size: 2, power mode: PERFORMANCE, latency: NONE
[2026-01-02 16:32:50.476] [10159] [HailoRT] [info] [multi_io_elements.cpp:756] [create] Created (AsyncHwEl)
[2026-01-02 16:32:50.477] [10159] [HailoRT] [info] [queue_elements.cpp:450] [create] Created (EntryPushQEl0yolov6n/input_layer1 | timeout: 10s)
[2026-01-02 16:32:50.477] [10159] [HailoRT] [info] [filter_elements.cpp:101] [create] Created (PreInferEl3yolov6n/input_layer1 | Reorder - src_order: RGB4, src_shape: (640, 640, 3), dst_order: NHCW, dst_shape: (640, 640, 3))
[2026-01-02 16:32:50.477] [10159] [HailoRT] [info] [queue_elements.cpp:450] [create] Created (PushQEl3yolov6n/input_layer1 | timeout: 10s)
[2026-01-02 16:32:50.477] [10159] [HailoRT] [info] [multi_io_elements.cpp:135] [create] Created (NmsPPMuxEl0YOLOX-Post-Process | Op YOLOX, Name: YOLOX-Post-Process, Score threshold: 0.300, IoU threshold: 0.45, Classes: 80, Cross classes: false, NMS results order: BY_CLASS, Max bboxes per class: 100, Image height: 640, Image width: 640)
[2026-01-02 16:32:50.477] [10159] [HailoRT] [info] [queue_elements.cpp:942] [create] Created (MultiPushQEl0YOLOX-Post-Process | timeout: 10s)
[2026-01-02 16:32:50.477] [10159] [HailoRT] [info] [edge_elements.cpp:187] [create] Created (LastAsyncEl0NmsPPMuxEl0YOLOX-Post-Process)
[2026-01-02 16:32:50.477] [10159] [HailoRT] [info] [pipeline.cpp:891] [print_deep_description] EntryPushQEl0yolov6n/input_layer1 | inputs: user | outputs: PreInferEl3yolov6n/input_layer1(running in thread_id: 10233)
[2026-01-02 16:32:50.477] [10159] [HailoRT] [info] [pipeline.cpp:891] [print_deep_description] PreInferEl3yolov6n/input_layer1 | inputs: EntryPushQEl0yolov6n/input_layer1[0] | outputs: PushQEl3yolov6n/input_layer1
[2026-01-02 16:32:50.477] [10159] [HailoRT] [info] [pipeline.cpp:891] [print_deep_description] PushQEl3yolov6n/input_layer1 | inputs: PreInferEl3yolov6n/input_layer1[0] | outputs: AsyncHwEl(running in thread_id: 10234)
[2026-01-02 16:32:50.477] [10159] [HailoRT] [info] [pipeline.cpp:891] [print_deep_description] AsyncHwEl | inputs: PushQEl3yolov6n/input_layer1[0] | outputs: MultiPushQEl0YOLOX-Post-Process MultiPushQEl0YOLOX-Post-Process MultiPushQEl0YOLOX-Post-Process MultiPushQEl0YOLOX-Post-Process MultiPushQEl0YOLOX-Post-Process MultiPushQEl0YOLOX-Post-Process MultiPushQEl0YOLOX-Post-Process MultiPushQEl0YOLOX-Post-Process MultiPushQEl0YOLOX-Post-Process
[2026-01-02 16:32:50.477] [10159] [HailoRT] [info] [pipeline.cpp:891] [print_deep_description] MultiPushQEl0YOLOX-Post-Process | inputs: AsyncHwEl[0] AsyncHwEl[1] AsyncHwEl[2] AsyncHwEl[3] AsyncHwEl[4] AsyncHwEl[5] AsyncHwEl[6] AsyncHwEl[7] AsyncHwEl[8] | outputs: NmsPPMuxEl0YOLOX-Post-Process(running in thread_id: 10235)
[2026-01-02 16:32:50.478] [10159] [HailoRT] [info] [pipeline.cpp:891] [print_deep_description] NmsPPMuxEl0YOLOX-Post-Process | inputs: MultiPushQEl0YOLOX-Post-Process[0] | outputs: LastAsyncEl0NmsPPMuxEl0YOLOX-Post-Process
[2026-01-02 16:32:50.478] [10159] [HailoRT] [info] [pipeline.cpp:891] [print_deep_description] LastAsyncEl0NmsPPMuxEl0YOLOX-Post-Process | inputs: NmsPPMuxEl0YOLOX-Post-Process[0] | outputs: user
[2026-01-02 16:32:51.678] [10225] [HailoRT] [info] [hef.cpp:1929] [get_network_group_and_network_name] No name was given. Addressing all networks of default network_group: yolov6n
[2026-01-02 16:33:23.169] [10324] [HailoRT] [info] [device.cpp:49] [Device] OS Version: Linux 6.12.47+rpt-rpi-2712 #1 SMP PREEMPT Debian 1:6.12.47-1+rpt1~bookworm (2025-09-16) aarch64
[2026-01-02 16:33:23.170] [10324] [HailoRT] [info] [control.cpp:108] [control__parse_identify_results] firmware_version is: 4.20.0
[2026-01-02 16:33:23.171] [10324] [HailoRT] [info] [control.cpp:108] [control__parse_identify_results] firmware_version is: 4.20.0
[2026-01-02 16:33:23.222] [10332] [HailoRT] [info] [device.cpp:49] [Device] OS Version: Linux 6.12.47+rpt-rpi-2712 #1 SMP PREEMPT Debian 1:6.12.47-1+rpt1~bookworm (2025-09-16) aarch64
[2026-01-02 16:33:23.223] [10332] [HailoRT] [info] [control.cpp:108] [control__parse_identify_results] firmware_version is: 4.20.0
[2026-01-02 16:33:23.224] [10332] [HailoRT] [info] [control.cpp:108] [control__parse_identify_results] firmware_version is: 4.20.0
[2026-01-02 16:33:23.266] [10340] [HailoRT] [info] [device.cpp:49] [Device] OS Version: Linux 6.12.47+rpt-rpi-2712 #1 SMP PREEMPT Debian 1:6.12.47-1+rpt1~bookworm (2025-09-16) aarch64
[2026-01-02 16:33:23.268] [10340] [HailoRT] [info] [control.cpp:108] [control__parse_identify_results] firmware_version is: 4.20.0
[2026-01-02 16:33:23.269] [10340] [HailoRT] [info] [control.cpp:108] [control__parse_identify_results] firmware_version is: 4.20.0
[2026-01-02 16:33:23.357] [10296] [HailoRT] [info] [vdevice.cpp:523] [create] Creating vdevice with params: device_count: 1, scheduling_algorithm: ROUND_ROBIN, multi_process_service: false
[2026-01-02 16:33:23.369] [10296] [HailoRT] [info] [device.cpp:49] [Device] OS Version: Linux 6.12.47+rpt-rpi-2712 #1 SMP PREEMPT Debian 1:6.12.47-1+rpt1~bookworm (2025-09-16) aarch64
[2026-01-02 16:33:23.370] [10296] [HailoRT] [info] [control.cpp:108] [control__parse_identify_results] firmware_version is: 4.20.0
[2026-01-02 16:33:23.370] [10296] [HailoRT] [info] [vdevice.cpp:651] [create] VDevice Infos: 0001:01:00.0
[2026-01-02 16:33:23.391] [10296] [HailoRT] [info] [hef.cpp:1929] [get_network_group_and_network_name] No name was given. Addressing all networks of default network_group: yolov6n
[2026-01-02 16:33:23.391] [10296] [HailoRT] [info] [hef.cpp:1929] [get_network_group_and_network_name] No name was given. Addressing all networks of default network_group: yolov6n
[2026-01-02 16:33:23.408] [10296] [HailoRT] [info] [internal_buffer_manager.cpp:202] [print_execution_results] Default Internal buffer planner failed to meet requirements
[2026-01-02 16:33:23.408] [10296] [HailoRT] [info] [internal_buffer_manager.cpp:212] [print_execution_results] Default Internal buffer planner executed successfully
[2026-01-02 16:33:23.415] [10296] [HailoRT] [info] [device_internal.cpp:57] [configure] Configuring HEF took 13.013556 milliseconds
[2026-01-02 16:33:23.415] [10296] [HailoRT] [info] [vdevice.cpp:749] [configure] Configuring HEF on VDevice took 13.396036 milliseconds
[2026-01-02 16:33:23.415] [10296] [HailoRT] [info] [infer_model.cpp:436] [configure] Configuring network group 'yolov6n' with params: batch size: 2, power mode: PERFORMANCE, latency: NONE
[2026-01-02 16:33:23.415] [10296] [HailoRT] [info] [multi_io_elements.cpp:756] [create] Created (AsyncHwEl)
[2026-01-02 16:33:23.415] [10296] [HailoRT] [info] [queue_elements.cpp:450] [create] Created (EntryPushQEl0yolov6n/input_layer1 | timeout: 10s)
[2026-01-02 16:33:23.415] [10296] [HailoRT] [info] [filter_elements.cpp:101] [create] Created (PreInferEl3yolov6n/input_layer1 | Reorder - src_order: RGB4, src_shape: (640, 640, 3), dst_order: NHCW, dst_shape: (640, 640, 3))
[2026-01-02 16:33:23.415] [10296] [HailoRT] [info] [queue_elements.cpp:450] [create] Created (PushQEl3yolov6n/input_layer1 | timeout: 10s)
[2026-01-02 16:33:23.415] [10296] [HailoRT] [info] [multi_io_elements.cpp:135] [create] Created (NmsPPMuxEl0YOLOX-Post-Process | Op YOLOX, Name: YOLOX-Post-Process, Score threshold: 0.300, IoU threshold: 0.45, Classes: 80, Cross classes: false, NMS results order: BY_CLASS, Max bboxes per class: 100, Image height: 640, Image width: 640)
[2026-01-02 16:33:23.416] [10296] [HailoRT] [info] [queue_elements.cpp:942] [create] Created (MultiPushQEl0YOLOX-Post-Process | timeout: 10s)
[2026-01-02 16:33:23.416] [10296] [HailoRT] [info] [edge_elements.cpp:187] [create] Created (LastAsyncEl0NmsPPMuxEl0YOLOX-Post-Process)
[2026-01-02 16:33:23.416] [10296] [HailoRT] [info] [pipeline.cpp:891] [print_deep_description] EntryPushQEl0yolov6n/input_layer1 | inputs: user | outputs: PreInferEl3yolov6n/input_layer1(running in thread_id: 10370)
[2026-01-02 16:33:23.416] [10296] [HailoRT] [info] [pipeline.cpp:891] [print_deep_description] PreInferEl3yolov6n/input_layer1 | inputs: EntryPushQEl0yolov6n/input_layer1[0] | outputs: PushQEl3yolov6n/input_layer1
[2026-01-02 16:33:23.416] [10296] [HailoRT] [info] [pipeline.cpp:891] [print_deep_description] PushQEl3yolov6n/input_layer1 | inputs: PreInferEl3yolov6n/input_layer1[0] | outputs: AsyncHwEl(running in thread_id: 10371)
[2026-01-02 16:33:23.416] [10296] [HailoRT] [info] [pipeline.cpp:891] [print_deep_description] AsyncHwEl | inputs: PushQEl3yolov6n/input_layer1[0] | outputs: MultiPushQEl0YOLOX-Post-Process MultiPushQEl0YOLOX-Post-Process MultiPushQEl0YOLOX-Post-Process MultiPushQEl0YOLOX-Post-Process MultiPushQEl0YOLOX-Post-Process MultiPushQEl0YOLOX-Post-Process MultiPushQEl0YOLOX-Post-Process MultiPushQEl0YOLOX-Post-Process MultiPushQEl0YOLOX-Post-Process
[2026-01-02 16:33:23.416] [10296] [HailoRT] [info] [pipeline.cpp:891] [print_deep_description] MultiPushQEl0YOLOX-Post-Process | inputs: AsyncHwEl[0] AsyncHwEl[1] AsyncHwEl[2] AsyncHwEl[3] AsyncHwEl[4] AsyncHwEl[5] AsyncHwEl[6] AsyncHwEl[7] AsyncHwEl[8] | outputs: NmsPPMuxEl0YOLOX-Post-Process(running in thread_id: 10372)
[2026-01-02 16:33:23.416] [10296] [HailoRT] [info] [pipeline.cpp:891] [print_deep_description] NmsPPMuxEl0YOLOX-Post-Process | inputs: MultiPushQEl0YOLOX-Post-Process[0] | outputs: LastAsyncEl0NmsPPMuxEl0YOLOX-Post-Process
[2026-01-02 16:33:23.416] [10296] [HailoRT] [info] [pipeline.cpp:891] [print_deep_description] LastAsyncEl0NmsPPMuxEl0YOLOX-Post-Process | inputs: NmsPPMuxEl0YOLOX-Post-Process[0] | outputs: user
[2026-01-02 16:33:24.644] [10362] [HailoRT] [info] [hef.cpp:1929] [get_network_group_and_network_name] No name was given. Addressing all networks of default network_group: yolov6n
[2026-01-02 16:33:43.542] [10434] [HailoRT] [info] [device.cpp:49] [Device] OS Version: Linux 6.12.47+rpt-rpi-2712 #1 SMP PREEMPT Debian 1:6.12.47-1+rpt1~bookworm (2025-09-16) aarch64
[2026-01-02 16:33:43.543] [10434] [HailoRT] [info] [control.cpp:108] [control__parse_identify_results] firmware_version is: 4.20.0
[2026-01-02 16:33:43.544] [10434] [HailoRT] [info] [control.cpp:108] [control__parse_identify_results] firmware_version is: 4.20.0
[2026-01-02 16:33:43.586] [10442] [HailoRT] [info] [device.cpp:49] [Device] OS Version: Linux 6.12.47+rpt-rpi-2712 #1 SMP PREEMPT Debian 1:6.12.47-1+rpt1~bookworm (2025-09-16) aarch64
[2026-01-02 16:33:43.587] [10442] [HailoRT] [info] [control.cpp:108] [control__parse_identify_results] firmware_version is: 4.20.0
[2026-01-02 16:33:43.588] [10442] [HailoRT] [info] [control.cpp:108] [control__parse_identify_results] firmware_version is: 4.20.0
[2026-01-02 16:33:43.634] [10450] [HailoRT] [info] [device.cpp:49] [Device] OS Version: Linux 6.12.47+rpt-rpi-2712 #1 SMP PREEMPT Debian 1:6.12.47-1+rpt1~bookworm (2025-09-16) aarch64
[2026-01-02 16:33:43.635] [10450] [HailoRT] [info] [control.cpp:108] [control__parse_identify_results] firmware_version is: 4.20.0
[2026-01-02 16:33:43.636] [10450] [HailoRT] [info] [control.cpp:108] [control__parse_identify_results] firmware_version is: 4.20.0
[2026-01-02 16:33:43.725] [10406] [HailoRT] [info] [vdevice.cpp:523] [create] Creating vdevice with params: device_count: 1, scheduling_algorithm: ROUND_ROBIN, multi_process_service: false
[2026-01-02 16:33:43.738] [10406] [HailoRT] [info] [device.cpp:49] [Device] OS Version: Linux 6.12.47+rpt-rpi-2712 #1 SMP PREEMPT Debian 1:6.12.47-1+rpt1~bookworm (2025-09-16) aarch64
[2026-01-02 16:33:43.739] [10406] [HailoRT] [info] [control.cpp:108] [control__parse_identify_results] firmware_version is: 4.20.0
[2026-01-02 16:33:43.739] [10406] [HailoRT] [info] [vdevice.cpp:651] [create] VDevice Infos: 0001:01:00.0
[2026-01-02 16:33:43.761] [10406] [HailoRT] [info] [hef.cpp:1929] [get_network_group_and_network_name] No name was given. Addressing all networks of default network_group: yolov6n
[2026-01-02 16:33:43.761] [10406] [HailoRT] [info] [hef.cpp:1929] [get_network_group_and_network_name] No name was given. Addressing all networks of default network_group: yolov6n
[2026-01-02 16:33:43.778] [10406] [HailoRT] [info] [internal_buffer_manager.cpp:202] [print_execution_results] Default Internal buffer planner failed to meet requirements
[2026-01-02 16:33:43.778] [10406] [HailoRT] [info] [internal_buffer_manager.cpp:212] [print_execution_results] Default Internal buffer planner executed successfully
[2026-01-02 16:33:43.784] [10406] [HailoRT] [info] [device_internal.cpp:57] [configure] Configuring HEF took 13.209112 milliseconds
[2026-01-02 16:33:43.785] [10406] [HailoRT] [info] [vdevice.cpp:749] [configure] Configuring HEF on VDevice took 13.557001 milliseconds
[2026-01-02 16:33:43.785] [10406] [HailoRT] [info] [infer_model.cpp:436] [configure] Configuring network group 'yolov6n' with params: batch size: 2, power mode: PERFORMANCE, latency: NONE
[2026-01-02 16:33:43.785] [10406] [HailoRT] [info] [multi_io_elements.cpp:756] [create] Created (AsyncHwEl)
[2026-01-02 16:33:43.785] [10406] [HailoRT] [info] [queue_elements.cpp:450] [create] Created (EntryPushQEl0yolov6n/input_layer1 | timeout: 10s)
[2026-01-02 16:33:43.785] [10406] [HailoRT] [info] [filter_elements.cpp:101] [create] Created (PreInferEl3yolov6n/input_layer1 | Reorder - src_order: RGB4, src_shape: (640, 640, 3), dst_order: NHCW, dst_shape: (640, 640, 3))
[2026-01-02 16:33:43.785] [10406] [HailoRT] [info] [queue_elements.cpp:450] [create] Created (PushQEl3yolov6n/input_layer1 | timeout: 10s)
[2026-01-02 16:33:43.785] [10406] [HailoRT] [info] [multi_io_elements.cpp:135] [create] Created (NmsPPMuxEl0YOLOX-Post-Process | Op YOLOX, Name: YOLOX-Post-Process, Score threshold: 0.300, IoU threshold: 0.45, Classes: 80, Cross classes: false, NMS results order: BY_CLASS, Max bboxes per class: 100, Image height: 640, Image width: 640)
[2026-01-02 16:33:43.786] [10406] [HailoRT] [info] [queue_elements.cpp:942] [create] Created (MultiPushQEl0YOLOX-Post-Process | timeout: 10s)
[2026-01-02 16:33:43.786] [10406] [HailoRT] [info] [edge_elements.cpp:187] [create] Created (LastAsyncEl0NmsPPMuxEl0YOLOX-Post-Process)
[2026-01-02 16:33:43.786] [10406] [HailoRT] [info] [pipeline.cpp:891] [print_deep_description] EntryPushQEl0yolov6n/input_layer1 | inputs: user | outputs: PreInferEl3yolov6n/input_layer1(running in thread_id: 10480)
[2026-01-02 16:33:43.786] [10406] [HailoRT] [info] [pipeline.cpp:891] [print_deep_description] PreInferEl3yolov6n/input_layer1 | inputs: EntryPushQEl0yolov6n/input_layer1[0] | outputs: PushQEl3yolov6n/input_layer1
[2026-01-02 16:33:43.786] [10406] [HailoRT] [info] [pipeline.cpp:891] [print_deep_description] PushQEl3yolov6n/input_layer1 | inputs: PreInferEl3yolov6n/input_layer1[0] | outputs: AsyncHwEl(running in thread_id: 10481)
[2026-01-02 16:33:43.786] [10406] [HailoRT] [info] [pipeline.cpp:891] [print_deep_description] AsyncHwEl | inputs: PushQEl3yolov6n/input_layer1[0] | outputs: MultiPushQEl0YOLOX-Post-Process MultiPushQEl0YOLOX-Post-Process MultiPushQEl0YOLOX-Post-Process MultiPushQEl0YOLOX-Post-Process MultiPushQEl0YOLOX-Post-Process MultiPushQEl0YOLOX-Post-Process MultiPushQEl0YOLOX-Post-Process MultiPushQEl0YOLOX-Post-Process MultiPushQEl0YOLOX-Post-Process
[2026-01-02 16:33:43.786] [10406] [HailoRT] [info] [pipeline.cpp:891] [print_deep_description] MultiPushQEl0YOLOX-Post-Process | inputs: AsyncHwEl[0] AsyncHwEl[1] AsyncHwEl[2] AsyncHwEl[3] AsyncHwEl[4] AsyncHwEl[5] AsyncHwEl[6] AsyncHwEl[7] AsyncHwEl[8] | outputs: NmsPPMuxEl0YOLOX-Post-Process(running in thread_id: 10482)
[2026-01-02 16:33:43.786] [10406] [HailoRT] [info] [pipeline.cpp:891] [print_deep_description] NmsPPMuxEl0YOLOX-Post-Process | inputs: MultiPushQEl0YOLOX-Post-Process[0] | outputs: LastAsyncEl0NmsPPMuxEl0YOLOX-Post-Process
[2026-01-02 16:33:43.786] [10406] [HailoRT] [info] [pipeline.cpp:891] [print_deep_description] LastAsyncEl0NmsPPMuxEl0YOLOX-Post-Process | inputs: NmsPPMuxEl0YOLOX-Post-Process[0] | outputs: user
[2026-01-02 16:33:44.997] [10472] [HailoRT] [info] [hef.cpp:1929] [get_network_group_and_network_name] No name was given. Addressing all networks of default network_group: yolov6n
[2026-01-02 16:34:22.486] [10406] [HailoRT] [info] [async_infer_runner.cpp:86] [shutdown] Pipeline was aborted. Shutting it down
[2026-01-02 16:34:22.486] [10406] [HailoRT] [info] [queue_elements.cpp:1131] [execute_deactivate] enqueue() in element MultiPushQEl0YOLOX-Post-Process was aborted, got status = HAILO_SHUTDOWN_EVENT_SIGNALED(57)
[2026-01-02 16:34:22.486] [10406] [HailoRT] [info] [queue_elements.cpp:1131] [execute_deactivate] enqueue() in element MultiPushQEl0YOLOX-Post-Process was aborted, got status = HAILO_SHUTDOWN_EVENT_SIGNALED(57)
[2026-01-02 16:34:22.486] [10406] [HailoRT] [info] [queue_elements.cpp:1131] [execute_deactivate] enqueue() in element MultiPushQEl0YOLOX-Post-Process was aborted, got status = HAILO_SHUTDOWN_EVENT_SIGNALED(57)
[2026-01-02 16:34:22.486] [10406] [HailoRT] [info] [queue_elements.cpp:1131] [execute_deactivate] enqueue() in element MultiPushQEl0YOLOX-Post-Process was aborted, got status = HAILO_SHUTDOWN_EVENT_SIGNALED(57)
[2026-01-02 16:34:22.486] [10406] [HailoRT] [info] [queue_elements.cpp:1131] [execute_deactivate] enqueue() in element MultiPushQEl0YOLOX-Post-Process was aborted, got status = HAILO_SHUTDOWN_EVENT_SIGNALED(57)
[2026-01-02 16:34:22.486] [10406] [HailoRT] [info] [queue_elements.cpp:1131] [execute_deactivate] enqueue() in element MultiPushQEl0YOLOX-Post-Process was aborted, got status = HAILO_SHUTDOWN_EVENT_SIGNALED(57)
[2026-01-02 16:34:22.486] [10406] [HailoRT] [info] [queue_elements.cpp:1131] [execute_deactivate] enqueue() in element MultiPushQEl0YOLOX-Post-Process was aborted, got status = HAILO_SHUTDOWN_EVENT_SIGNALED(57)
[2026-01-02 16:34:22.486] [10406] [HailoRT] [info] [queue_elements.cpp:1131] [execute_deactivate] enqueue() in element MultiPushQEl0YOLOX-Post-Process was aborted, got status = HAILO_SHUTDOWN_EVENT_SIGNALED(57)
[2026-01-02 16:34:22.487] [10406] [HailoRT] [info] [queue_elements.cpp:1131] [execute_deactivate] enqueue() in element MultiPushQEl0YOLOX-Post-Process was aborted, got status = HAILO_SHUTDOWN_EVENT_SIGNALED(57)
[2026-01-02 16:34:22.487] [10406] [HailoRT] [info] [queue_elements.cpp:570] [execute_deactivate] enqueue() in element PushQEl3yolov6n/input_layer1 was aborted, got status = HAILO_SHUTDOWN_EVENT_SIGNALED(57)
[2026-01-02 16:34:22.487] [10406] [HailoRT] [info] [queue_elements.cpp:570] [execute_deactivate] enqueue() in element EntryPushQEl0yolov6n/input_layer1 was aborted, got status = HAILO_SHUTDOWN_EVENT_SIGNALED(57)
[2026-01-02 16:34:22.487] [10406] [HailoRT] [info] [queue_elements.cpp:46] [~BaseQueueElement] Queue element EntryPushQEl0yolov6n/input_layer1 has 0 frames in his Queue on destruction
[2026-01-02 16:34:22.487] [10406] [HailoRT] [info] [queue_elements.cpp:46] [~BaseQueueElement] Queue element PushQEl3yolov6n/input_layer1 has 0 frames in his Queue on destruction
[2026-01-02 16:37:06.535] [10690] [HailoRT] [info] [device.cpp:49] [Device] OS Version: Linux 6.12.47+rpt-rpi-2712 #1 SMP PREEMPT Debian 1:6.12.47-1+rpt1~bookworm (2025-09-16) aarch64
[2026-01-02 16:37:06.536] [10690] [HailoRT] [info] [control.cpp:108] [control__parse_identify_results] firmware_version is: 4.20.0
[2026-01-02 16:37:06.537] [10690] [HailoRT] [info] [control.cpp:108] [control__parse_identify_results] firmware_version is: 4.20.0
[2026-01-02 16:37:06.590] [10698] [HailoRT] [info] [device.cpp:49] [Device] OS Version: Linux 6.12.47+rpt-rpi-2712 #1 SMP PREEMPT Debian 1:6.12.47-1+rpt1~bookworm (2025-09-16) aarch64
[2026-01-02 16:37:06.591] [10698] [HailoRT] [info] [control.cpp:108] [control__parse_identify_results] firmware_version is: 4.20.0
[2026-01-02 16:37:06.592] [10698] [HailoRT] [info] [control.cpp:108] [control__parse_identify_results] firmware_version is: 4.20.0
[2026-01-02 16:37:06.634] [10707] [HailoRT] [info] [device.cpp:49] [Device] OS Version: Linux 6.12.47+rpt-rpi-2712 #1 SMP PREEMPT Debian 1:6.12.47-1+rpt1~bookworm (2025-09-16) aarch64
[2026-01-02 16:37:06.635] [10707] [HailoRT] [info] [control.cpp:108] [control__parse_identify_results] firmware_version is: 4.20.0
[2026-01-02 16:37:06.636] [10707] [HailoRT] [info] [control.cpp:108] [control__parse_identify_results] firmware_version is: 4.20.0
[2026-01-02 16:37:06.714] [10662] [HailoRT] [info] [vdevice.cpp:523] [create] Creating vdevice with params: device_count: 1, scheduling_algorithm: ROUND_ROBIN, multi_process_service: false
[2026-01-02 16:37:06.726] [10662] [HailoRT] [info] [device.cpp:49] [Device] OS Version: Linux 6.12.47+rpt-rpi-2712 #1 SMP PREEMPT Debian 1:6.12.47-1+rpt1~bookworm (2025-09-16) aarch64
[2026-01-02 16:37:06.727] [10662] [HailoRT] [info] [control.cpp:108] [control__parse_identify_results] firmware_version is: 4.20.0
[2026-01-02 16:37:06.727] [10662] [HailoRT] [info] [vdevice.cpp:651] [create] VDevice Infos: 0001:01:00.0
[2026-01-02 16:37:06.747] [10662] [HailoRT] [info] [hef.cpp:1929] [get_network_group_and_network_name] No name was given. Addressing all networks of default network_group: yolov6n
[2026-01-02 16:37:06.747] [10662] [HailoRT] [info] [hef.cpp:1929] [get_network_group_and_network_name] No name was given. Addressing all networks of default network_group: yolov6n
[2026-01-02 16:37:06.766] [10662] [HailoRT] [info] [internal_buffer_manager.cpp:202] [print_execution_results] Default Internal buffer planner failed to meet requirements
[2026-01-02 16:37:06.766] [10662] [HailoRT] [info] [internal_buffer_manager.cpp:212] [print_execution_results] Default Internal buffer planner executed successfully
[2026-01-02 16:37:06.772] [10662] [HailoRT] [info] [device_internal.cpp:57] [configure] Configuring HEF took 13.426108 milliseconds
[2026-01-02 16:37:06.772] [10662] [HailoRT] [info] [vdevice.cpp:749] [configure] Configuring HEF on VDevice took 13.784366 milliseconds
[2026-01-02 16:37:06.772] [10662] [HailoRT] [info] [infer_model.cpp:436] [configure] Configuring network group 'yolov6n' with params: batch size: 2, power mode: PERFORMANCE, latency: NONE
[2026-01-02 16:37:06.772] [10662] [HailoRT] [info] [multi_io_elements.cpp:756] [create] Created (AsyncHwEl)
[2026-01-02 16:37:06.772] [10662] [HailoRT] [info] [queue_elements.cpp:450] [create] Created (EntryPushQEl0yolov6n/input_layer1 | timeout: 10s)
[2026-01-02 16:37:06.772] [10662] [HailoRT] [info] [filter_elements.cpp:101] [create] Created (PreInferEl3yolov6n/input_layer1 | Reorder - src_order: RGB4, src_shape: (640, 640, 3), dst_order: NHCW, dst_shape: (640, 640, 3))
[2026-01-02 16:37:06.772] [10662] [HailoRT] [info] [queue_elements.cpp:450] [create] Created (PushQEl3yolov6n/input_layer1 | timeout: 10s)
[2026-01-02 16:37:06.773] [10662] [HailoRT] [info] [multi_io_elements.cpp:135] [create] Created (NmsPPMuxEl0YOLOX-Post-Process | Op YOLOX, Name: YOLOX-Post-Process, Score threshold: 0.300, IoU threshold: 0.45, Classes: 80, Cross classes: false, NMS results order: BY_CLASS, Max bboxes per class: 100, Image height: 640, Image width: 640)
[2026-01-02 16:37:06.773] [10662] [HailoRT] [info] [queue_elements.cpp:942] [create] Created (MultiPushQEl0YOLOX-Post-Process | timeout: 10s)
[2026-01-02 16:37:06.773] [10662] [HailoRT] [info] [edge_elements.cpp:187] [create] Created (LastAsyncEl0NmsPPMuxEl0YOLOX-Post-Process)
[2026-01-02 16:37:06.773] [10662] [HailoRT] [info] [pipeline.cpp:891] [print_deep_description] EntryPushQEl0yolov6n/input_layer1 | inputs: user | outputs: PreInferEl3yolov6n/input_layer1(running in thread_id: 10737)
[2026-01-02 16:37:06.773] [10662] [HailoRT] [info] [pipeline.cpp:891] [print_deep_description] PreInferEl3yolov6n/input_layer1 | inputs: EntryPushQEl0yolov6n/input_layer1[0] | outputs: PushQEl3yolov6n/input_layer1
[2026-01-02 16:37:06.773] [10662] [HailoRT] [info] [pipeline.cpp:891] [print_deep_description] PushQEl3yolov6n/input_layer1 | inputs: PreInferEl3yolov6n/input_layer1[0] | outputs: AsyncHwEl(running in thread_id: 10738)
[2026-01-02 16:37:06.773] [10662] [HailoRT] [info] [pipeline.cpp:891] [print_deep_description] AsyncHwEl | inputs: PushQEl3yolov6n/input_layer1[0] | outputs: MultiPushQEl0YOLOX-Post-Process MultiPushQEl0YOLOX-Post-Process MultiPushQEl0YOLOX-Post-Process MultiPushQEl0YOLOX-Post-Process MultiPushQEl0YOLOX-Post-Process MultiPushQEl0YOLOX-Post-Process MultiPushQEl0YOLOX-Post-Process MultiPushQEl0YOLOX-Post-Process MultiPushQEl0YOLOX-Post-Process
[2026-01-02 16:37:06.773] [10662] [HailoRT] [info] [pipeline.cpp:891] [print_deep_description] MultiPushQEl0YOLOX-Post-Process | inputs: AsyncHwEl[0] AsyncHwEl[1] AsyncHwEl[2] AsyncHwEl[3] AsyncHwEl[4] AsyncHwEl[5] AsyncHwEl[6] AsyncHwEl[7] AsyncHwEl[8] | outputs: NmsPPMuxEl0YOLOX-Post-Process(running in thread_id: 10739)
[2026-01-02 16:37:06.773] [10662] [HailoRT] [info] [pipeline.cpp:891] [print_deep_description] NmsPPMuxEl0YOLOX-Post-Process | inputs: MultiPushQEl0YOLOX-Post-Process[0] | outputs: LastAsyncEl0NmsPPMuxEl0YOLOX-Post-Process
[2026-01-02 16:37:06.773] [10662] [HailoRT] [info] [pipeline.cpp:891] [print_deep_description] LastAsyncEl0NmsPPMuxEl0YOLOX-Post-Process | inputs: NmsPPMuxEl0YOLOX-Post-Process[0] | outputs: user
[2026-01-02 16:37:07.938] [10729] [HailoRT] [info] [hef.cpp:1929] [get_network_group_and_network_name] No name was given. Addressing all networks of default network_group: yolov6n
[2026-01-02 16:38:37.638] [10857] [HailoRT] [info] [device.cpp:49] [Device] OS Version: Linux 6.12.47+rpt-rpi-2712 #1 SMP PREEMPT Debian 1:6.12.47-1+rpt1~bookworm (2025-09-16) aarch64
[2026-01-02 16:38:37.639] [10857] [HailoRT] [info] [control.cpp:108] [control__parse_identify_results] firmware_version is: 4.20.0
[2026-01-02 16:38:37.640] [10857] [HailoRT] [info] [control.cpp:108] [control__parse_identify_results] firmware_version is: 4.20.0
[2026-01-02 16:38:37.694] [10865] [HailoRT] [info] [device.cpp:49] [Device] OS Version: Linux 6.12.47+rpt-rpi-2712 #1 SMP PREEMPT Debian 1:6.12.47-1+rpt1~bookworm (2025-09-16) aarch64
[2026-01-02 16:38:37.695] [10865] [HailoRT] [info] [control.cpp:108] [control__parse_identify_results] firmware_version is: 4.20.0
[2026-01-02 16:38:37.696] [10865] [HailoRT] [info] [control.cpp:108] [control__parse_identify_results] firmware_version is: 4.20.0
[2026-01-02 16:38:37.754] [10873] [HailoRT] [info] [device.cpp:49] [Device] OS Version: Linux 6.12.47+rpt-rpi-2712 #1 SMP PREEMPT Debian 1:6.12.47-1+rpt1~bookworm (2025-09-16) aarch64
[2026-01-02 16:38:37.755] [10873] [HailoRT] [info] [control.cpp:108] [control__parse_identify_results] firmware_version is: 4.20.0
[2026-01-02 16:38:37.756] [10873] [HailoRT] [info] [control.cpp:108] [control__parse_identify_results] firmware_version is: 4.20.0
[2026-01-02 16:38:37.840] [10829] [HailoRT] [info] [vdevice.cpp:523] [create] Creating vdevice with params: device_count: 1, scheduling_algorithm: ROUND_ROBIN, multi_process_service: false
[2026-01-02 16:38:37.852] [10829] [HailoRT] [info] [device.cpp:49] [Device] OS Version: Linux 6.12.47+rpt-rpi-2712 #1 SMP PREEMPT Debian 1:6.12.47-1+rpt1~bookworm (2025-09-16) aarch64
[2026-01-02 16:38:37.855] [10829] [HailoRT] [info] [control.cpp:108] [control__parse_identify_results] firmware_version is: 4.20.0
[2026-01-02 16:38:37.855] [10829] [HailoRT] [info] [vdevice.cpp:651] [create] VDevice Infos: 0001:01:00.0
[2026-01-02 16:38:37.878] [10829] [HailoRT] [info] [hef.cpp:1929] [get_network_group_and_network_name] No name was given. Addressing all networks of default network_group: yolov6n
[2026-01-02 16:38:37.878] [10829] [HailoRT] [info] [hef.cpp:1929] [get_network_group_and_network_name] No name was given. Addressing all networks of default network_group: yolov6n
[2026-01-02 16:38:37.896] [10829] [HailoRT] [info] [internal_buffer_manager.cpp:202] [print_execution_results] Default Internal buffer planner failed to meet requirements
[2026-01-02 16:38:37.896] [10829] [HailoRT] [info] [internal_buffer_manager.cpp:212] [print_execution_results] Default Internal buffer planner executed successfully
[2026-01-02 16:38:37.902] [10829] [HailoRT] [info] [device_internal.cpp:57] [configure] Configuring HEF took 13.087113 milliseconds
[2026-01-02 16:38:37.902] [10829] [HailoRT] [info] [vdevice.cpp:749] [configure] Configuring HEF on VDevice took 13.435705 milliseconds
[2026-01-02 16:38:37.903] [10829] [HailoRT] [info] [infer_model.cpp:436] [configure] Configuring network group 'yolov6n' with params: batch size: 2, power mode: PERFORMANCE, latency: NONE
[2026-01-02 16:38:37.903] [10829] [HailoRT] [info] [multi_io_elements.cpp:756] [create] Created (AsyncHwEl)
[2026-01-02 16:38:37.903] [10829] [HailoRT] [info] [queue_elements.cpp:450] [create] Created (EntryPushQEl0yolov6n/input_layer1 | timeout: 10s)
[2026-01-02 16:38:37.903] [10829] [HailoRT] [info] [filter_elements.cpp:101] [create] Created (PreInferEl3yolov6n/input_layer1 | Reorder - src_order: RGB4, src_shape: (640, 640, 3), dst_order: NHCW, dst_shape: (640, 640, 3))
[2026-01-02 16:38:37.903] [10829] [HailoRT] [info] [queue_elements.cpp:450] [create] Created (PushQEl3yolov6n/input_layer1 | timeout: 10s)
[2026-01-02 16:38:37.903] [10829] [HailoRT] [info] [multi_io_elements.cpp:135] [create] Created (NmsPPMuxEl0YOLOX-Post-Process | Op YOLOX, Name: YOLOX-Post-Process, Score threshold: 0.300, IoU threshold: 0.45, Classes: 80, Cross classes: false, NMS results order: BY_CLASS, Max bboxes per class: 100, Image height: 640, Image width: 640)
[2026-01-02 16:38:37.903] [10829] [HailoRT] [info] [queue_elements.cpp:942] [create] Created (MultiPushQEl0YOLOX-Post-Process | timeout: 10s)
[2026-01-02 16:38:37.903] [10829] [HailoRT] [info] [edge_elements.cpp:187] [create] Created (LastAsyncEl0NmsPPMuxEl0YOLOX-Post-Process)
[2026-01-02 16:38:37.903] [10829] [HailoRT] [info] [pipeline.cpp:891] [print_deep_description] EntryPushQEl0yolov6n/input_layer1 | inputs: user | outputs: PreInferEl3yolov6n/input_layer1(running in thread_id: 10903)
[2026-01-02 16:38:37.903] [10829] [HailoRT] [info] [pipeline.cpp:891] [print_deep_description] PreInferEl3yolov6n/input_layer1 | inputs: EntryPushQEl0yolov6n/input_layer1[0] | outputs: PushQEl3yolov6n/input_layer1
[2026-01-02 16:38:37.903] [10829] [HailoRT] [info] [pipeline.cpp:891] [print_deep_description] PushQEl3yolov6n/input_layer1 | inputs: PreInferEl3yolov6n/input_layer1[0] | outputs: AsyncHwEl(running in thread_id: 10904)
[2026-01-02 16:38:37.903] [10829] [HailoRT] [info] [pipeline.cpp:891] [print_deep_description] AsyncHwEl | inputs: PushQEl3yolov6n/input_layer1[0] | outputs: MultiPushQEl0YOLOX-Post-Process MultiPushQEl0YOLOX-Post-Process MultiPushQEl0YOLOX-Post-Process MultiPushQEl0YOLOX-Post-Process MultiPushQEl0YOLOX-Post-Process MultiPushQEl0YOLOX-Post-Process MultiPushQEl0YOLOX-Post-Process MultiPushQEl0YOLOX-Post-Process MultiPushQEl0YOLOX-Post-Process
[2026-01-02 16:38:37.904] [10829] [HailoRT] [info] [pipeline.cpp:891] [print_deep_description] MultiPushQEl0YOLOX-Post-Process | inputs: AsyncHwEl[0] AsyncHwEl[1] AsyncHwEl[2] AsyncHwEl[3] AsyncHwEl[4] AsyncHwEl[5] AsyncHwEl[6] AsyncHwEl[7] AsyncHwEl[8] | outputs: NmsPPMuxEl0YOLOX-Post-Process(running in thread_id: 10905)
[2026-01-02 16:38:37.904] [10829] [HailoRT] [info] [pipeline.cpp:891] [print_deep_description] NmsPPMuxEl0YOLOX-Post-Process | inputs: MultiPushQEl0YOLOX-Post-Process[0] | outputs: LastAsyncEl0NmsPPMuxEl0YOLOX-Post-Process
[2026-01-02 16:38:37.904] [10829] [HailoRT] [info] [pipeline.cpp:891] [print_deep_description] LastAsyncEl0NmsPPMuxEl0YOLOX-Post-Process | inputs: NmsPPMuxEl0YOLOX-Post-Process[0] | outputs: user
[2026-01-02 16:38:39.087] [10895] [HailoRT] [info] [hef.cpp:1929] [get_network_group_and_network_name] No name was given. Addressing all networks of default network_group: yolov6n
[2026-01-02 16:38:58.565] [10829] [HailoRT] [info] [async_infer_runner.cpp:86] [shutdown] Pipeline was aborted. Shutting it down
[2026-01-02 16:38:58.571] [10886] [HailoRT] [info] [network_group.cpp:857] [operator()] Infer request was aborted by user
[2026-01-02 16:38:58.571] [10829] [HailoRT] [info] [queue_elements.cpp:1131] [execute_deactivate] enqueue() in element MultiPushQEl0YOLOX-Post-Process was aborted, got status = HAILO_SHUTDOWN_EVENT_SIGNALED(57)
[2026-01-02 16:38:58.571] [10829] [HailoRT] [info] [queue_elements.cpp:1131] [execute_deactivate] enqueue() in element MultiPushQEl0YOLOX-Post-Process was aborted, got status = HAILO_SHUTDOWN_EVENT_SIGNALED(57)
[2026-01-02 16:38:58.571] [10829] [HailoRT] [info] [queue_elements.cpp:1131] [execute_deactivate] enqueue() in element MultiPushQEl0YOLOX-Post-Process was aborted, got status = HAILO_SHUTDOWN_EVENT_SIGNALED(57)
[2026-01-02 16:38:58.571] [10829] [HailoRT] [info] [queue_elements.cpp:1131] [execute_deactivate] enqueue() in element MultiPushQEl0YOLOX-Post-Process was aborted, got status = HAILO_SHUTDOWN_EVENT_SIGNALED(57)
[2026-01-02 16:38:58.571] [10829] [HailoRT] [info] [queue_elements.cpp:1131] [execute_deactivate] enqueue() in element MultiPushQEl0YOLOX-Post-Process was aborted, got status = HAILO_SHUTDOWN_EVENT_SIGNALED(57)
[2026-01-02 16:38:58.571] [10829] [HailoRT] [info] [queue_elements.cpp:1131] [execute_deactivate] enqueue() in element MultiPushQEl0YOLOX-Post-Process was aborted, got status = HAILO_SHUTDOWN_EVENT_SIGNALED(57)
[2026-01-02 16:38:58.571] [10829] [HailoRT] [info] [queue_elements.cpp:1131] [execute_deactivate] enqueue() in element MultiPushQEl0YOLOX-Post-Process was aborted, got status = HAILO_SHUTDOWN_EVENT_SIGNALED(57)
[2026-01-02 16:38:58.571] [10829] [HailoRT] [info] [queue_elements.cpp:1131] [execute_deactivate] enqueue() in element MultiPushQEl0YOLOX-Post-Process was aborted, got status = HAILO_SHUTDOWN_EVENT_SIGNALED(57)
[2026-01-02 16:38:58.571] [10829] [HailoRT] [info] [queue_elements.cpp:1131] [execute_deactivate] enqueue() in element MultiPushQEl0YOLOX-Post-Process was aborted, got status = HAILO_SHUTDOWN_EVENT_SIGNALED(57)
[2026-01-02 16:38:58.571] [10829] [HailoRT] [info] [queue_elements.cpp:570] [execute_deactivate] enqueue() in element PushQEl3yolov6n/input_layer1 was aborted, got status = HAILO_SHUTDOWN_EVENT_SIGNALED(57)
[2026-01-02 16:38:58.571] [10829] [HailoRT] [info] [queue_elements.cpp:570] [execute_deactivate] enqueue() in element EntryPushQEl0yolov6n/input_layer1 was aborted, got status = HAILO_SHUTDOWN_EVENT_SIGNALED(57)
[2026-01-02 16:38:58.571] [10829] [HailoRT] [info] [queue_elements.cpp:46] [~BaseQueueElement] Queue element EntryPushQEl0yolov6n/input_layer1 has 0 frames in his Queue on destruction
[2026-01-02 16:38:58.571] [10829] [HailoRT] [info] [queue_elements.cpp:46] [~BaseQueueElement] Queue element PushQEl3yolov6n/input_layer1 has 0 frames in his Queue on destruction
[2026-01-02 16:43:35.509] [11164] [HailoRT] [info] [device.cpp:49] [Device] OS Version: Linux 6.12.47+rpt-rpi-2712 #1 SMP PREEMPT Debian 1:6.12.47-1+rpt1~bookworm (2025-09-16) aarch64
[2026-01-02 16:43:35.510] [11164] [HailoRT] [info] [control.cpp:108] [control__parse_identify_results] firmware_version is: 4.20.0
[2026-01-02 16:43:35.511] [11164] [HailoRT] [info] [control.cpp:108] [control__parse_identify_results] firmware_version is: 4.20.0
[2026-01-02 16:43:35.558] [11172] [HailoRT] [info] [device.cpp:49] [Device] OS Version: Linux 6.12.47+rpt-rpi-2712 #1 SMP PREEMPT Debian 1:6.12.47-1+rpt1~bookworm (2025-09-16) aarch64
[2026-01-02 16:43:35.559] [11172] [HailoRT] [info] [control.cpp:108] [control__parse_identify_results] firmware_version is: 4.20.0
[2026-01-02 16:43:35.560] [11172] [HailoRT] [info] [control.cpp:108] [control__parse_identify_results] firmware_version is: 4.20.0
[2026-01-02 16:43:35.610] [11180] [HailoRT] [info] [device.cpp:49] [Device] OS Version: Linux 6.12.47+rpt-rpi-2712 #1 SMP PREEMPT Debian 1:6.12.47-1+rpt1~bookworm (2025-09-16) aarch64
[2026-01-02 16:43:35.611] [11180] [HailoRT] [info] [control.cpp:108] [control__parse_identify_results] firmware_version is: 4.20.0
[2026-01-02 16:43:35.612] [11180] [HailoRT] [info] [control.cpp:108] [control__parse_identify_results] firmware_version is: 4.20.0
[2026-01-02 16:43:35.702] [11135] [HailoRT] [info] [vdevice.cpp:523] [create] Creating vdevice with params: device_count: 1, scheduling_algorithm: ROUND_ROBIN, multi_process_service: false
[2026-01-02 16:43:35.714] [11135] [HailoRT] [info] [device.cpp:49] [Device] OS Version: Linux 6.12.47+rpt-rpi-2712 #1 SMP PREEMPT Debian 1:6.12.47-1+rpt1~bookworm (2025-09-16) aarch64
[2026-01-02 16:43:35.715] [11135] [HailoRT] [info] [control.cpp:108] [control__parse_identify_results] firmware_version is: 4.20.0
[2026-01-02 16:43:35.715] [11135] [HailoRT] [info] [vdevice.cpp:651] [create] VDevice Infos: 0001:01:00.0
[2026-01-02 16:43:35.735] [11135] [HailoRT] [info] [hef.cpp:1929] [get_network_group_and_network_name] No name was given. Addressing all networks of default network_group: yolov6n
[2026-01-02 16:43:35.735] [11135] [HailoRT] [info] [hef.cpp:1929] [get_network_group_and_network_name] No name was given. Addressing all networks of default network_group: yolov6n
[2026-01-02 16:43:35.753] [11135] [HailoRT] [info] [internal_buffer_manager.cpp:202] [print_execution_results] Default Internal buffer planner failed to meet requirements
[2026-01-02 16:43:35.753] [11135] [HailoRT] [info] [internal_buffer_manager.cpp:212] [print_execution_results] Default Internal buffer planner executed successfully
[2026-01-02 16:43:35.759] [11135] [HailoRT] [info] [device_internal.cpp:57] [configure] Configuring HEF took 13.228791 milliseconds
[2026-01-02 16:43:35.759] [11135] [HailoRT] [info] [vdevice.cpp:749] [configure] Configuring HEF on VDevice took 13.573642 milliseconds
[2026-01-02 16:43:35.759] [11135] [HailoRT] [info] [infer_model.cpp:436] [configure] Configuring network group 'yolov6n' with params: batch size: 2, power mode: PERFORMANCE, latency: NONE
[2026-01-02 16:43:35.759] [11135] [HailoRT] [info] [multi_io_elements.cpp:756] [create] Created (AsyncHwEl)
[2026-01-02 16:43:35.760] [11135] [HailoRT] [info] [queue_elements.cpp:450] [create] Created (EntryPushQEl0yolov6n/input_layer1 | timeout: 10s)
[2026-01-02 16:43:35.760] [11135] [HailoRT] [info] [filter_elements.cpp:101] [create] Created (PreInferEl3yolov6n/input_layer1 | Reorder - src_order: RGB4, src_shape: (640, 640, 3), dst_order: NHCW, dst_shape: (640, 640, 3))
[2026-01-02 16:43:35.760] [11135] [HailoRT] [info] [queue_elements.cpp:450] [create] Created (PushQEl3yolov6n/input_layer1 | timeout: 10s)
[2026-01-02 16:43:35.760] [11135] [HailoRT] [info] [multi_io_elements.cpp:135] [create] Created (NmsPPMuxEl0YOLOX-Post-Process | Op YOLOX, Name: YOLOX-Post-Process, Score threshold: 0.300, IoU threshold: 0.45, Classes: 80, Cross classes: false, NMS results order: BY_CLASS, Max bboxes per class: 100, Image height: 640, Image width: 640)
[2026-01-02 16:43:35.760] [11135] [HailoRT] [info] [queue_elements.cpp:942] [create] Created (MultiPushQEl0YOLOX-Post-Process | timeout: 10s)
[2026-01-02 16:43:35.760] [11135] [HailoRT] [info] [edge_elements.cpp:187] [create] Created (LastAsyncEl0NmsPPMuxEl0YOLOX-Post-Process)
[2026-01-02 16:43:35.760] [11135] [HailoRT] [info] [pipeline.cpp:891] [print_deep_description] EntryPushQEl0yolov6n/input_layer1 | inputs: user | outputs: PreInferEl3yolov6n/input_layer1(running in thread_id: 11210)
[2026-01-02 16:43:35.760] [11135] [HailoRT] [info] [pipeline.cpp:891] [print_deep_description] PreInferEl3yolov6n/input_layer1 | inputs: EntryPushQEl0yolov6n/input_layer1[0] | outputs: PushQEl3yolov6n/input_layer1
[2026-01-02 16:43:35.760] [11135] [HailoRT] [info] [pipeline.cpp:891] [print_deep_description] PushQEl3yolov6n/input_layer1 | inputs: PreInferEl3yolov6n/input_layer1[0] | outputs: AsyncHwEl(running in thread_id: 11211)
[2026-01-02 16:43:35.760] [11135] [HailoRT] [info] [pipeline.cpp:891] [print_deep_description] AsyncHwEl | inputs: PushQEl3yolov6n/input_layer1[0] | outputs: MultiPushQEl0YOLOX-Post-Process MultiPushQEl0YOLOX-Post-Process MultiPushQEl0YOLOX-Post-Process MultiPushQEl0YOLOX-Post-Process MultiPushQEl0YOLOX-Post-Process MultiPushQEl0YOLOX-Post-Process MultiPushQEl0YOLOX-Post-Process MultiPushQEl0YOLOX-Post-Process MultiPushQEl0YOLOX-Post-Process
[2026-01-02 16:43:35.760] [11135] [HailoRT] [info] [pipeline.cpp:891] [print_deep_description] MultiPushQEl0YOLOX-Post-Process | inputs: AsyncHwEl[0] AsyncHwEl[1] AsyncHwEl[2] AsyncHwEl[3] AsyncHwEl[4] AsyncHwEl[5] AsyncHwEl[6] AsyncHwEl[7] AsyncHwEl[8] | outputs: NmsPPMuxEl0YOLOX-Post-Process(running in thread_id: 11212)
[2026-01-02 16:43:35.760] [11135] [HailoRT] [info] [pipeline.cpp:891] [print_deep_description] NmsPPMuxEl0YOLOX-Post-Process | inputs: MultiPushQEl0YOLOX-Post-Process[0] | outputs: LastAsyncEl0NmsPPMuxEl0YOLOX-Post-Process
[2026-01-02 16:43:35.760] [11135] [HailoRT] [info] [pipeline.cpp:891] [print_deep_description] LastAsyncEl0NmsPPMuxEl0YOLOX-Post-Process | inputs: NmsPPMuxEl0YOLOX-Post-Process[0] | outputs: user
[2026-01-02 16:43:36.993] [11202] [HailoRT] [info] [hef.cpp:1929] [get_network_group_and_network_name] No name was given. Addressing all networks of default network_group: yolov6n
[2026-01-02 19:00:48.875] [2538] [HailoRT] [info] [device.cpp:49] [Device] OS Version: Linux 6.12.47+rpt-rpi-2712 #1 SMP PREEMPT Debian 1:6.12.47-1+rpt1~bookworm (2025-09-16) aarch64
[2026-01-02 19:00:48.877] [2538] [HailoRT] [info] [control.cpp:108] [control__parse_identify_results] firmware_version is: 4.20.0
[2026-01-02 19:00:48.878] [2538] [HailoRT] [info] [control.cpp:108] [control__parse_identify_results] firmware_version is: 4.20.0
[2026-01-02 19:00:48.948] [2546] [HailoRT] [info] [device.cpp:49] [Device] OS Version: Linux 6.12.47+rpt-rpi-2712 #1 SMP PREEMPT Debian 1:6.12.47-1+rpt1~bookworm (2025-09-16) aarch64
[2026-01-02 19:00:48.949] [2546] [HailoRT] [info] [control.cpp:108] [control__parse_identify_results] firmware_version is: 4.20.0
[2026-01-02 19:00:48.951] [2546] [HailoRT] [info] [control.cpp:108] [control__parse_identify_results] firmware_version is: 4.20.0
[2026-01-02 19:00:49.003] [2554] [HailoRT] [info] [device.cpp:49] [Device] OS Version: Linux 6.12.47+rpt-rpi-2712 #1 SMP PREEMPT Debian 1:6.12.47-1+rpt1~bookworm (2025-09-16) aarch64
[2026-01-02 19:00:49.005] [2554] [HailoRT] [info] [control.cpp:108] [control__parse_identify_results] firmware_version is: 4.20.0
[2026-01-02 19:00:49.006] [2554] [HailoRT] [info] [control.cpp:108] [control__parse_identify_results] firmware_version is: 4.20.0
[2026-01-02 19:02:52.981] [2736] [HailoRT] [info] [device.cpp:49] [Device] OS Version: Linux 6.12.47+rpt-rpi-2712 #1 SMP PREEMPT Debian 1:6.12.47-1+rpt1~bookworm (2025-09-16) aarch64
[2026-01-02 19:02:52.983] [2736] [HailoRT] [info] [control.cpp:108] [control__parse_identify_results] firmware_version is: 4.20.0
[2026-01-02 19:02:52.984] [2736] [HailoRT] [info] [control.cpp:108] [control__parse_identify_results] firmware_version is: 4.20.0
[2026-01-02 19:02:53.041] [2744] [HailoRT] [info] [device.cpp:49] [Device] OS Version: Linux 6.12.47+rpt-rpi-2712 #1 SMP PREEMPT Debian 1:6.12.47-1+rpt1~bookworm (2025-09-16) aarch64
[2026-01-02 19:02:53.043] [2744] [HailoRT] [info] [control.cpp:108] [control__parse_identify_results] firmware_version is: 4.20.0
[2026-01-02 19:02:53.044] [2744] [HailoRT] [info] [control.cpp:108] [control__parse_identify_results] firmware_version is: 4.20.0
[2026-01-02 19:02:53.089] [2752] [HailoRT] [info] [device.cpp:49] [Device] OS Version: Linux 6.12.47+rpt-rpi-2712 #1 SMP PREEMPT Debian 1:6.12.47-1+rpt1~bookworm (2025-09-16) aarch64
[2026-01-02 19:02:53.091] [2752] [HailoRT] [info] [control.cpp:108] [control__parse_identify_results] firmware_version is: 4.20.0
[2026-01-02 19:02:53.091] [2752] [HailoRT] [info] [control.cpp:108] [control__parse_identify_results] firmware_version is: 4.20.0
[2026-01-02 19:02:53.185] [2703] [HailoRT] [info] [vdevice.cpp:523] [create] Creating vdevice with params: device_count: 1, scheduling_algorithm: ROUND_ROBIN, multi_process_service: false
[2026-01-02 19:02:53.197] [2703] [HailoRT] [info] [device.cpp:49] [Device] OS Version: Linux 6.12.47+rpt-rpi-2712 #1 SMP PREEMPT Debian 1:6.12.47-1+rpt1~bookworm (2025-09-16) aarch64
[2026-01-02 19:02:53.199] [2703] [HailoRT] [info] [control.cpp:108] [control__parse_identify_results] firmware_version is: 4.20.0
[2026-01-02 19:02:53.199] [2703] [HailoRT] [info] [vdevice.cpp:651] [create] VDevice Infos: 0001:01:00.0
[2026-01-02 19:02:53.219] [2703] [HailoRT] [info] [hef.cpp:1929] [get_network_group_and_network_name] No name was given. Addressing all networks of default network_group: yolov6n
[2026-01-02 19:02:53.219] [2703] [HailoRT] [info] [hef.cpp:1929] [get_network_group_and_network_name] No name was given. Addressing all networks of default network_group: yolov6n
[2026-01-02 19:02:53.562] [2703] [HailoRT] [info] [internal_buffer_manager.cpp:202] [print_execution_results] Default Internal buffer planner failed to meet requirements
[2026-01-02 19:02:53.562] [2703] [HailoRT] [info] [internal_buffer_manager.cpp:212] [print_execution_results] Default Internal buffer planner executed successfully
[2026-01-02 19:02:53.568] [2703] [HailoRT] [info] [device_internal.cpp:57] [configure] Configuring HEF took 17.181033 milliseconds
[2026-01-02 19:02:53.569] [2703] [HailoRT] [info] [vdevice.cpp:749] [configure] Configuring HEF on VDevice took 17.932798 milliseconds
[2026-01-02 19:02:53.569] [2703] [HailoRT] [info] [infer_model.cpp:436] [configure] Configuring network group 'yolov6n' with params: batch size: 2, power mode: PERFORMANCE, latency: NONE
[2026-01-02 19:02:53.592] [2703] [HailoRT] [info] [multi_io_elements.cpp:756] [create] Created (AsyncHwEl)
[2026-01-02 19:02:53.593] [2703] [HailoRT] [info] [queue_elements.cpp:450] [create] Created (EntryPushQEl0yolov6n/input_layer1 | timeout: 10s)
[2026-01-02 19:02:53.593] [2703] [HailoRT] [info] [filter_elements.cpp:101] [create] Created (PreInferEl3yolov6n/input_layer1 | Reorder - src_order: RGB4, src_shape: (640, 640, 3), dst_order: NHCW, dst_shape: (640, 640, 3))
[2026-01-02 19:02:53.593] [2703] [HailoRT] [info] [queue_elements.cpp:450] [create] Created (PushQEl3yolov6n/input_layer1 | timeout: 10s)
[2026-01-02 19:02:53.593] [2703] [HailoRT] [info] [multi_io_elements.cpp:135] [create] Created (NmsPPMuxEl0YOLOX-Post-Process | Op YOLOX, Name: YOLOX-Post-Process, Score threshold: 0.300, IoU threshold: 0.45, Classes: 80, Cross classes: false, NMS results order: BY_CLASS, Max bboxes per class: 100, Image height: 640, Image width: 640)
[2026-01-02 19:02:53.593] [2703] [HailoRT] [info] [queue_elements.cpp:942] [create] Created (MultiPushQEl0YOLOX-Post-Process | timeout: 10s)
[2026-01-02 19:02:53.593] [2703] [HailoRT] [info] [edge_elements.cpp:187] [create] Created (LastAsyncEl0NmsPPMuxEl0YOLOX-Post-Process)
[2026-01-02 19:02:53.593] [2703] [HailoRT] [info] [pipeline.cpp:891] [print_deep_description] EntryPushQEl0yolov6n/input_layer1 | inputs: user | outputs: PreInferEl3yolov6n/input_layer1(running in thread_id: 2792)
[2026-01-02 19:02:53.616] [2703] [HailoRT] [info] [pipeline.cpp:891] [print_deep_description] PreInferEl3yolov6n/input_layer1 | inputs: EntryPushQEl0yolov6n/input_layer1[0] | outputs: PushQEl3yolov6n/input_layer1
[2026-01-02 19:02:53.616] [2703] [HailoRT] [info] [pipeline.cpp:891] [print_deep_description] PushQEl3yolov6n/input_layer1 | inputs: PreInferEl3yolov6n/input_layer1[0] | outputs: AsyncHwEl(running in thread_id: 2793)
[2026-01-02 19:02:53.616] [2703] [HailoRT] [info] [pipeline.cpp:891] [print_deep_description] AsyncHwEl | inputs: PushQEl3yolov6n/input_layer1[0] | outputs: MultiPushQEl0YOLOX-Post-Process MultiPushQEl0YOLOX-Post-Process MultiPushQEl0YOLOX-Post-Process MultiPushQEl0YOLOX-Post-Process MultiPushQEl0YOLOX-Post-Process MultiPushQEl0YOLOX-Post-Process MultiPushQEl0YOLOX-Post-Process MultiPushQEl0YOLOX-Post-Process MultiPushQEl0YOLOX-Post-Process
[2026-01-02 19:02:53.616] [2703] [HailoRT] [info] [pipeline.cpp:891] [print_deep_description] MultiPushQEl0YOLOX-Post-Process | inputs: AsyncHwEl[0] AsyncHwEl[1] AsyncHwEl[2] AsyncHwEl[3] AsyncHwEl[4] AsyncHwEl[5] AsyncHwEl[6] AsyncHwEl[7] AsyncHwEl[8] | outputs: NmsPPMuxEl0YOLOX-Post-Process(running in thread_id: 2794)
[2026-01-02 19:02:53.616] [2703] [HailoRT] [info] [pipeline.cpp:891] [print_deep_description] NmsPPMuxEl0YOLOX-Post-Process | inputs: MultiPushQEl0YOLOX-Post-Process[0] | outputs: LastAsyncEl0NmsPPMuxEl0YOLOX-Post-Process
[2026-01-02 19:02:53.616] [2703] [HailoRT] [info] [pipeline.cpp:891] [print_deep_description] LastAsyncEl0NmsPPMuxEl0YOLOX-Post-Process | inputs: NmsPPMuxEl0YOLOX-Post-Process[0] | outputs: user
[2026-01-02 19:02:54.794] [2784] [HailoRT] [info] [hef.cpp:1929] [get_network_group_and_network_name] No name was given. Addressing all networks of default network_group: yolov6n
[2026-01-02 19:10:14.197] [2933] [HailoRT] [info] [device.cpp:49] [Device] OS Version: Linux 6.12.47+rpt-rpi-2712 #1 SMP PREEMPT Debian 1:6.12.47-1+rpt1~bookworm (2025-09-16) aarch64
[2026-01-02 19:10:14.198] [2933] [HailoRT] [info] [control.cpp:108] [control__parse_identify_results] firmware_version is: 4.20.0
[2026-01-02 19:10:14.199] [2933] [HailoRT] [info] [control.cpp:108] [control__parse_identify_results] firmware_version is: 4.20.0
[2026-01-02 19:10:14.241] [2941] [HailoRT] [info] [device.cpp:49] [Device] OS Version: Linux 6.12.47+rpt-rpi-2712 #1 SMP PREEMPT Debian 1:6.12.47-1+rpt1~bookworm (2025-09-16) aarch64
[2026-01-02 19:10:14.243] [2941] [HailoRT] [info] [control.cpp:108] [control__parse_identify_results] firmware_version is: 4.20.0
[2026-01-02 19:10:14.244] [2941] [HailoRT] [info] [control.cpp:108] [control__parse_identify_results] firmware_version is: 4.20.0
[2026-01-02 19:10:14.285] [2949] [HailoRT] [info] [device.cpp:49] [Device] OS Version: Linux 6.12.47+rpt-rpi-2712 #1 SMP PREEMPT Debian 1:6.12.47-1+rpt1~bookworm (2025-09-16) aarch64
[2026-01-02 19:10:14.287] [2949] [HailoRT] [info] [control.cpp:108] [control__parse_identify_results] firmware_version is: 4.20.0
[2026-01-02 19:10:14.288] [2949] [HailoRT] [info] [control.cpp:108] [control__parse_identify_results] firmware_version is: 4.20.0
[2026-01-02 19:10:14.377] [2904] [HailoRT] [info] [vdevice.cpp:523] [create] Creating vdevice with params: device_count: 1, scheduling_algorithm: ROUND_ROBIN, multi_process_service: false
[2026-01-02 19:10:14.389] [2904] [HailoRT] [info] [device.cpp:49] [Device] OS Version: Linux 6.12.47+rpt-rpi-2712 #1 SMP PREEMPT Debian 1:6.12.47-1+rpt1~bookworm (2025-09-16) aarch64
[2026-01-02 19:10:14.390] [2904] [HailoRT] [info] [control.cpp:108] [control__parse_identify_results] firmware_version is: 4.20.0
[2026-01-02 19:10:14.390] [2904] [HailoRT] [info] [vdevice.cpp:651] [create] VDevice Infos: 0001:01:00.0
[2026-01-02 19:10:14.411] [2904] [HailoRT] [info] [hef.cpp:1929] [get_network_group_and_network_name] No name was given. Addressing all networks of default network_group: yolov6n
[2026-01-02 19:10:14.411] [2904] [HailoRT] [info] [hef.cpp:1929] [get_network_group_and_network_name] No name was given. Addressing all networks of default network_group: yolov6n
[2026-01-02 19:10:14.428] [2904] [HailoRT] [info] [internal_buffer_manager.cpp:202] [print_execution_results] Default Internal buffer planner failed to meet requirements
[2026-01-02 19:10:14.428] [2904] [HailoRT] [info] [internal_buffer_manager.cpp:212] [print_execution_results] Default Internal buffer planner executed successfully
[2026-01-02 19:10:14.434] [2904] [HailoRT] [info] [device_internal.cpp:57] [configure] Configuring HEF took 13.065398 milliseconds
[2026-01-02 19:10:14.434] [2904] [HailoRT] [info] [vdevice.cpp:749] [configure] Configuring HEF on VDevice took 13.422377 milliseconds
[2026-01-02 19:10:14.435] [2904] [HailoRT] [info] [infer_model.cpp:436] [configure] Configuring network group 'yolov6n' with params: batch size: 2, power mode: PERFORMANCE, latency: NONE
[2026-01-02 19:10:14.435] [2904] [HailoRT] [info] [multi_io_elements.cpp:756] [create] Created (AsyncHwEl)
[2026-01-02 19:10:14.435] [2904] [HailoRT] [info] [queue_elements.cpp:450] [create] Created (EntryPushQEl0yolov6n/input_layer1 | timeout: 10s)
[2026-01-02 19:10:14.435] [2904] [HailoRT] [info] [filter_elements.cpp:101] [create] Created (PreInferEl3yolov6n/input_layer1 | Reorder - src_order: RGB4, src_shape: (640, 640, 3), dst_order: NHCW, dst_shape: (640, 640, 3))
[2026-01-02 19:10:14.435] [2904] [HailoRT] [info] [queue_elements.cpp:450] [create] Created (PushQEl3yolov6n/input_layer1 | timeout: 10s)
[2026-01-02 19:10:14.435] [2904] [HailoRT] [info] [multi_io_elements.cpp:135] [create] Created (NmsPPMuxEl0YOLOX-Post-Process | Op YOLOX, Name: YOLOX-Post-Process, Score threshold: 0.300, IoU threshold: 0.45, Classes: 80, Cross classes: false, NMS results order: BY_CLASS, Max bboxes per class: 100, Image height: 640, Image width: 640)
[2026-01-02 19:10:14.435] [2904] [HailoRT] [info] [queue_elements.cpp:942] [create] Created (MultiPushQEl0YOLOX-Post-Process | timeout: 10s)
[2026-01-02 19:10:14.435] [2904] [HailoRT] [info] [edge_elements.cpp:187] [create] Created (LastAsyncEl0NmsPPMuxEl0YOLOX-Post-Process)
[2026-01-02 19:10:14.435] [2904] [HailoRT] [info] [pipeline.cpp:891] [print_deep_description] EntryPushQEl0yolov6n/input_layer1 | inputs: user | outputs: PreInferEl3yolov6n/input_layer1(running in thread_id: 2979)
[2026-01-02 19:10:14.435] [2904] [HailoRT] [info] [pipeline.cpp:891] [print_deep_description] PreInferEl3yolov6n/input_layer1 | inputs: EntryPushQEl0yolov6n/input_layer1[0] | outputs: PushQEl3yolov6n/input_layer1
[2026-01-02 19:10:14.435] [2904] [HailoRT] [info] [pipeline.cpp:891] [print_deep_description] PushQEl3yolov6n/input_layer1 | inputs: PreInferEl3yolov6n/input_layer1[0] | outputs: AsyncHwEl(running in thread_id: 2980)
[2026-01-02 19:10:14.435] [2904] [HailoRT] [info] [pipeline.cpp:891] [print_deep_description] AsyncHwEl | inputs: PushQEl3yolov6n/input_layer1[0] | outputs: MultiPushQEl0YOLOX-Post-Process MultiPushQEl0YOLOX-Post-Process MultiPushQEl0YOLOX-Post-Process MultiPushQEl0YOLOX-Post-Process MultiPushQEl0YOLOX-Post-Process MultiPushQEl0YOLOX-Post-Process MultiPushQEl0YOLOX-Post-Process MultiPushQEl0YOLOX-Post-Process MultiPushQEl0YOLOX-Post-Process
[2026-01-02 19:10:14.436] [2904] [HailoRT] [info] [pipeline.cpp:891] [print_deep_description] MultiPushQEl0YOLOX-Post-Process | inputs: AsyncHwEl[0] AsyncHwEl[1] AsyncHwEl[2] AsyncHwEl[3] AsyncHwEl[4] AsyncHwEl[5] AsyncHwEl[6] AsyncHwEl[7] AsyncHwEl[8] | outputs: NmsPPMuxEl0YOLOX-Post-Process(running in thread_id: 2981)
[2026-01-02 19:10:14.436] [2904] [HailoRT] [info] [pipeline.cpp:891] [print_deep_description] NmsPPMuxEl0YOLOX-Post-Process | inputs: MultiPushQEl0YOLOX-Post-Process[0] | outputs: LastAsyncEl0NmsPPMuxEl0YOLOX-Post-Process
[2026-01-02 19:10:14.436] [2904] [HailoRT] [info] [pipeline.cpp:891] [print_deep_description] LastAsyncEl0NmsPPMuxEl0YOLOX-Post-Process | inputs: NmsPPMuxEl0YOLOX-Post-Process[0] | outputs: user
[2026-01-02 19:10:15.651] [2971] [HailoRT] [info] [hef.cpp:1929] [get_network_group_and_network_name] No name was given. Addressing all networks of default network_group: yolov6n
[2026-01-02 19:10:26.862] [2904] [HailoRT] [info] [async_infer_runner.cpp:86] [shutdown] Pipeline was aborted. Shutting it down
[2026-01-02 19:10:26.862] [2904] [HailoRT] [info] [queue_elements.cpp:1131] [execute_deactivate] enqueue() in element MultiPushQEl0YOLOX-Post-Process was aborted, got status = HAILO_SHUTDOWN_EVENT_SIGNALED(57)
[2026-01-02 19:10:26.862] [2904] [HailoRT] [info] [queue_elements.cpp:1131] [execute_deactivate] enqueue() in element MultiPushQEl0YOLOX-Post-Process was aborted, got status = HAILO_SHUTDOWN_EVENT_SIGNALED(57)
[2026-01-02 19:10:26.862] [2904] [HailoRT] [info] [queue_elements.cpp:1131] [execute_deactivate] enqueue() in element MultiPushQEl0YOLOX-Post-Process was aborted, got status = HAILO_SHUTDOWN_EVENT_SIGNALED(57)
[2026-01-02 19:10:26.862] [2904] [HailoRT] [info] [queue_elements.cpp:1131] [execute_deactivate] enqueue() in element MultiPushQEl0YOLOX-Post-Process was aborted, got status = HAILO_SHUTDOWN_EVENT_SIGNALED(57)
[2026-01-02 19:10:26.862] [2904] [HailoRT] [info] [queue_elements.cpp:1131] [execute_deactivate] enqueue() in element MultiPushQEl0YOLOX-Post-Process was aborted, got status = HAILO_SHUTDOWN_EVENT_SIGNALED(57)
[2026-01-02 19:10:26.862] [2904] [HailoRT] [info] [queue_elements.cpp:1131] [execute_deactivate] enqueue() in element MultiPushQEl0YOLOX-Post-Process was aborted, got status = HAILO_SHUTDOWN_EVENT_SIGNALED(57)
[2026-01-02 19:10:26.862] [2904] [HailoRT] [info] [queue_elements.cpp:1131] [execute_deactivate] enqueue() in element MultiPushQEl0YOLOX-Post-Process was aborted, got status = HAILO_SHUTDOWN_EVENT_SIGNALED(57)
[2026-01-02 19:10:26.862] [2904] [HailoRT] [info] [queue_elements.cpp:1131] [execute_deactivate] enqueue() in element MultiPushQEl0YOLOX-Post-Process was aborted, got status = HAILO_SHUTDOWN_EVENT_SIGNALED(57)
[2026-01-02 19:10:26.862] [2904] [HailoRT] [info] [queue_elements.cpp:1131] [execute_deactivate] enqueue() in element MultiPushQEl0YOLOX-Post-Process was aborted, got status = HAILO_SHUTDOWN_EVENT_SIGNALED(57)
[2026-01-02 19:10:26.862] [2904] [HailoRT] [info] [queue_elements.cpp:570] [execute_deactivate] enqueue() in element PushQEl3yolov6n/input_layer1 was aborted, got status = HAILO_SHUTDOWN_EVENT_SIGNALED(57)
[2026-01-02 19:10:26.862] [2904] [HailoRT] [info] [queue_elements.cpp:570] [execute_deactivate] enqueue() in element EntryPushQEl0yolov6n/input_layer1 was aborted, got status = HAILO_SHUTDOWN_EVENT_SIGNALED(57)
[2026-01-02 19:10:26.862] [2904] [HailoRT] [info] [queue_elements.cpp:46] [~BaseQueueElement] Queue element EntryPushQEl0yolov6n/input_layer1 has 0 frames in his Queue on destruction
[2026-01-02 19:10:26.862] [2904] [HailoRT] [info] [queue_elements.cpp:46] [~BaseQueueElement] Queue element PushQEl3yolov6n/input_layer1 has 0 frames in his Queue on destruction
[2026-01-02 19:10:37.797] [3018] [HailoRT] [info] [device.cpp:49] [Device] OS Version: Linux 6.12.47+rpt-rpi-2712 #1 SMP PREEMPT Debian 1:6.12.47-1+rpt1~bookworm (2025-09-16) aarch64
[2026-01-02 19:10:37.798] [3018] [HailoRT] [info] [control.cpp:108] [control__parse_identify_results] firmware_version is: 4.20.0
[2026-01-02 19:10:37.799] [3018] [HailoRT] [info] [control.cpp:108] [control__parse_identify_results] firmware_version is: 4.20.0
[2026-01-02 19:10:37.841] [3026] [HailoRT] [info] [device.cpp:49] [Device] OS Version: Linux 6.12.47+rpt-rpi-2712 #1 SMP PREEMPT Debian 1:6.12.47-1+rpt1~bookworm (2025-09-16) aarch64
[2026-01-02 19:10:37.842] [3026] [HailoRT] [info] [control.cpp:108] [control__parse_identify_results] firmware_version is: 4.20.0
[2026-01-02 19:10:37.843] [3026] [HailoRT] [info] [control.cpp:108] [control__parse_identify_results] firmware_version is: 4.20.0
[2026-01-02 19:10:37.893] [3034] [HailoRT] [info] [device.cpp:49] [Device] OS Version: Linux 6.12.47+rpt-rpi-2712 #1 SMP PREEMPT Debian 1:6.12.47-1+rpt1~bookworm (2025-09-16) aarch64
[2026-01-02 19:10:37.895] [3034] [HailoRT] [info] [control.cpp:108] [control__parse_identify_results] firmware_version is: 4.20.0
[2026-01-02 19:10:37.895] [3034] [HailoRT] [info] [control.cpp:108] [control__parse_identify_results] firmware_version is: 4.20.0
[2026-01-02 19:10:37.975] [2989] [HailoRT] [info] [vdevice.cpp:523] [create] Creating vdevice with params: device_count: 1, scheduling_algorithm: ROUND_ROBIN, multi_process_service: false
[2026-01-02 19:10:37.985] [2989] [HailoRT] [info] [device.cpp:49] [Device] OS Version: Linux 6.12.47+rpt-rpi-2712 #1 SMP PREEMPT Debian 1:6.12.47-1+rpt1~bookworm (2025-09-16) aarch64
[2026-01-02 19:10:37.986] [2989] [HailoRT] [info] [control.cpp:108] [control__parse_identify_results] firmware_version is: 4.20.0
[2026-01-02 19:10:37.986] [2989] [HailoRT] [info] [vdevice.cpp:651] [create] VDevice Infos: 0001:01:00.0
[2026-01-02 19:10:38.007] [2989] [HailoRT] [info] [hef.cpp:1929] [get_network_group_and_network_name] No name was given. Addressing all networks of default network_group: yolov6n
[2026-01-02 19:10:38.007] [2989] [HailoRT] [info] [hef.cpp:1929] [get_network_group_and_network_name] No name was given. Addressing all networks of default network_group: yolov6n
[2026-01-02 19:10:38.025] [2989] [HailoRT] [info] [internal_buffer_manager.cpp:202] [print_execution_results] Default Internal buffer planner failed to meet requirements
[2026-01-02 19:10:38.025] [2989] [HailoRT] [info] [internal_buffer_manager.cpp:212] [print_execution_results] Default Internal buffer planner executed successfully
[2026-01-02 19:10:38.031] [2989] [HailoRT] [info] [device_internal.cpp:57] [configure] Configuring HEF took 13.097881 milliseconds
[2026-01-02 19:10:38.031] [2989] [HailoRT] [info] [vdevice.cpp:749] [configure] Configuring HEF on VDevice took 13.447841 milliseconds
[2026-01-02 19:10:38.031] [2989] [HailoRT] [info] [infer_model.cpp:436] [configure] Configuring network group 'yolov6n' with params: batch size: 2, power mode: PERFORMANCE, latency: NONE
[2026-01-02 19:10:38.031] [2989] [HailoRT] [info] [multi_io_elements.cpp:756] [create] Created (AsyncHwEl)
[2026-01-02 19:10:38.031] [2989] [HailoRT] [info] [queue_elements.cpp:450] [create] Created (EntryPushQEl0yolov6n/input_layer1 | timeout: 10s)
[2026-01-02 19:10:38.031] [2989] [HailoRT] [info] [filter_elements.cpp:101] [create] Created (PreInferEl3yolov6n/input_layer1 | Reorder - src_order: RGB4, src_shape: (640, 640, 3), dst_order: NHCW, dst_shape: (640, 640, 3))
[2026-01-02 19:10:38.031] [2989] [HailoRT] [info] [queue_elements.cpp:450] [create] Created (PushQEl3yolov6n/input_layer1 | timeout: 10s)
[2026-01-02 19:10:38.031] [2989] [HailoRT] [info] [multi_io_elements.cpp:135] [create] Created (NmsPPMuxEl0YOLOX-Post-Process | Op YOLOX, Name: YOLOX-Post-Process, Score threshold: 0.300, IoU threshold: 0.45, Classes: 80, Cross classes: false, NMS results order: BY_CLASS, Max bboxes per class: 100, Image height: 640, Image width: 640)
[2026-01-02 19:10:38.032] [2989] [HailoRT] [info] [queue_elements.cpp:942] [create] Created (MultiPushQEl0YOLOX-Post-Process | timeout: 10s)
[2026-01-02 19:10:38.032] [2989] [HailoRT] [info] [edge_elements.cpp:187] [create] Created (LastAsyncEl0NmsPPMuxEl0YOLOX-Post-Process)
[2026-01-02 19:10:38.032] [2989] [HailoRT] [info] [pipeline.cpp:891] [print_deep_description] EntryPushQEl0yolov6n/input_layer1 | inputs: user | outputs: PreInferEl3yolov6n/input_layer1(running in thread_id: 3064)
[2026-01-02 19:10:38.032] [2989] [HailoRT] [info] [pipeline.cpp:891] [print_deep_description] PreInferEl3yolov6n/input_layer1 | inputs: EntryPushQEl0yolov6n/input_layer1[0] | outputs: PushQEl3yolov6n/input_layer1
[2026-01-02 19:10:38.032] [2989] [HailoRT] [info] [pipeline.cpp:891] [print_deep_description] PushQEl3yolov6n/input_layer1 | inputs: PreInferEl3yolov6n/input_layer1[0] | outputs: AsyncHwEl(running in thread_id: 3065)
[2026-01-02 19:10:38.032] [2989] [HailoRT] [info] [pipeline.cpp:891] [print_deep_description] AsyncHwEl | inputs: PushQEl3yolov6n/input_layer1[0] | outputs: MultiPushQEl0YOLOX-Post-Process MultiPushQEl0YOLOX-Post-Process MultiPushQEl0YOLOX-Post-Process MultiPushQEl0YOLOX-Post-Process MultiPushQEl0YOLOX-Post-Process MultiPushQEl0YOLOX-Post-Process MultiPushQEl0YOLOX-Post-Process MultiPushQEl0YOLOX-Post-Process MultiPushQEl0YOLOX-Post-Process
[2026-01-02 19:10:38.032] [2989] [HailoRT] [info] [pipeline.cpp:891] [print_deep_description] MultiPushQEl0YOLOX-Post-Process | inputs: AsyncHwEl[0] AsyncHwEl[1] AsyncHwEl[2] AsyncHwEl[3] AsyncHwEl[4] AsyncHwEl[5] AsyncHwEl[6] AsyncHwEl[7] AsyncHwEl[8] | outputs: NmsPPMuxEl0YOLOX-Post-Process(running in thread_id: 3066)
[2026-01-02 19:10:38.032] [2989] [HailoRT] [info] [pipeline.cpp:891] [print_deep_description] NmsPPMuxEl0YOLOX-Post-Process | inputs: MultiPushQEl0YOLOX-Post-Process[0] | outputs: LastAsyncEl0NmsPPMuxEl0YOLOX-Post-Process
[2026-01-02 19:10:38.032] [2989] [HailoRT] [info] [pipeline.cpp:891] [print_deep_description] LastAsyncEl0NmsPPMuxEl0YOLOX-Post-Process | inputs: NmsPPMuxEl0YOLOX-Post-Process[0] | outputs: user
[2026-01-02 19:10:39.264] [3056] [HailoRT] [info] [hef.cpp:1929] [get_network_group_and_network_name] No name was given. Addressing all networks of default network_group: yolov6n
[2026-01-02 19:11:15.044] [3115] [HailoRT] [info] [device.cpp:49] [Device] OS Version: Linux 6.12.47+rpt-rpi-2712 #1 SMP PREEMPT Debian 1:6.12.47-1+rpt1~bookworm (2025-09-16) aarch64
[2026-01-02 19:11:15.046] [3115] [HailoRT] [info] [control.cpp:108] [control__parse_identify_results] firmware_version is: 4.20.0
[2026-01-02 19:11:15.047] [3115] [HailoRT] [info] [control.cpp:108] [control__parse_identify_results] firmware_version is: 4.20.0
[2026-01-02 19:11:15.109] [3123] [HailoRT] [info] [device.cpp:49] [Device] OS Version: Linux 6.12.47+rpt-rpi-2712 #1 SMP PREEMPT Debian 1:6.12.47-1+rpt1~bookworm (2025-09-16) aarch64
[2026-01-02 19:11:15.111] [3123] [HailoRT] [info] [control.cpp:108] [control__parse_identify_results] firmware_version is: 4.20.0
[2026-01-02 19:11:15.111] [3123] [HailoRT] [info] [control.cpp:108] [control__parse_identify_results] firmware_version is: 4.20.0
[2026-01-02 19:11:15.157] [3131] [HailoRT] [info] [device.cpp:49] [Device] OS Version: Linux 6.12.47+rpt-rpi-2712 #1 SMP PREEMPT Debian 1:6.12.47-1+rpt1~bookworm (2025-09-16) aarch64
[2026-01-02 19:11:15.159] [3131] [HailoRT] [info] [control.cpp:108] [control__parse_identify_results] firmware_version is: 4.20.0
[2026-01-02 19:11:15.160] [3131] [HailoRT] [info] [control.cpp:108] [control__parse_identify_results] firmware_version is: 4.20.0
[2026-01-02 19:11:15.250] [3085] [HailoRT] [info] [vdevice.cpp:523] [create] Creating vdevice with params: device_count: 1, scheduling_algorithm: ROUND_ROBIN, multi_process_service: false
[2026-01-02 19:11:15.261] [3085] [HailoRT] [info] [device.cpp:49] [Device] OS Version: Linux 6.12.47+rpt-rpi-2712 #1 SMP PREEMPT Debian 1:6.12.47-1+rpt1~bookworm (2025-09-16) aarch64
[2026-01-02 19:11:15.262] [3085] [HailoRT] [info] [control.cpp:108] [control__parse_identify_results] firmware_version is: 4.20.0
[2026-01-02 19:11:15.263] [3085] [HailoRT] [info] [vdevice.cpp:651] [create] VDevice Infos: 0001:01:00.0
[2026-01-02 19:11:15.283] [3085] [HailoRT] [info] [hef.cpp:1929] [get_network_group_and_network_name] No name was given. Addressing all networks of default network_group: yolov6n
[2026-01-02 19:11:15.283] [3085] [HailoRT] [info] [hef.cpp:1929] [get_network_group_and_network_name] No name was given. Addressing all networks of default network_group: yolov6n
[2026-01-02 19:11:15.302] [3085] [HailoRT] [info] [internal_buffer_manager.cpp:202] [print_execution_results] Default Internal buffer planner failed to meet requirements
[2026-01-02 19:11:15.302] [3085] [HailoRT] [info] [internal_buffer_manager.cpp:212] [print_execution_results] Default Internal buffer planner executed successfully
[2026-01-02 19:11:15.308] [3085] [HailoRT] [info] [device_internal.cpp:57] [configure] Configuring HEF took 13.404251 milliseconds
[2026-01-02 19:11:15.308] [3085] [HailoRT] [info] [vdevice.cpp:749] [configure] Configuring HEF on VDevice took 13.758452 milliseconds
[2026-01-02 19:11:15.308] [3085] [HailoRT] [info] [infer_model.cpp:436] [configure] Configuring network group 'yolov6n' with params: batch size: 2, power mode: PERFORMANCE, latency: NONE
[2026-01-02 19:11:15.308] [3085] [HailoRT] [info] [multi_io_elements.cpp:756] [create] Created (AsyncHwEl)
[2026-01-02 19:11:15.308] [3085] [HailoRT] [info] [queue_elements.cpp:450] [create] Created (EntryPushQEl0yolov6n/input_layer1 | timeout: 10s)
[2026-01-02 19:11:15.308] [3085] [HailoRT] [info] [filter_elements.cpp:101] [create] Created (PreInferEl3yolov6n/input_layer1 | Reorder - src_order: RGB4, src_shape: (640, 640, 3), dst_order: NHCW, dst_shape: (640, 640, 3))
[2026-01-02 19:11:15.308] [3085] [HailoRT] [info] [queue_elements.cpp:450] [create] Created (PushQEl3yolov6n/input_layer1 | timeout: 10s)
[2026-01-02 19:11:15.308] [3085] [HailoRT] [info] [multi_io_elements.cpp:135] [create] Created (NmsPPMuxEl0YOLOX-Post-Process | Op YOLOX, Name: YOLOX-Post-Process, Score threshold: 0.300, IoU threshold: 0.45, Classes: 80, Cross classes: false, NMS results order: BY_CLASS, Max bboxes per class: 100, Image height: 640, Image width: 640)
[2026-01-02 19:11:15.309] [3085] [HailoRT] [info] [queue_elements.cpp:942] [create] Created (MultiPushQEl0YOLOX-Post-Process | timeout: 10s)
[2026-01-02 19:11:15.309] [3085] [HailoRT] [info] [edge_elements.cpp:187] [create] Created (LastAsyncEl0NmsPPMuxEl0YOLOX-Post-Process)
[2026-01-02 19:11:15.309] [3085] [HailoRT] [info] [pipeline.cpp:891] [print_deep_description] EntryPushQEl0yolov6n/input_layer1 | inputs: user | outputs: PreInferEl3yolov6n/input_layer1(running in thread_id: 3161)
[2026-01-02 19:11:15.309] [3085] [HailoRT] [info] [pipeline.cpp:891] [print_deep_description] PreInferEl3yolov6n/input_layer1 | inputs: EntryPushQEl0yolov6n/input_layer1[0] | outputs: PushQEl3yolov6n/input_layer1
[2026-01-02 19:11:15.309] [3085] [HailoRT] [info] [pipeline.cpp:891] [print_deep_description] PushQEl3yolov6n/input_layer1 | inputs: PreInferEl3yolov6n/input_layer1[0] | outputs: AsyncHwEl(running in thread_id: 3162)
[2026-01-02 19:11:15.309] [3085] [HailoRT] [info] [pipeline.cpp:891] [print_deep_description] AsyncHwEl | inputs: PushQEl3yolov6n/input_layer1[0] | outputs: MultiPushQEl0YOLOX-Post-Process MultiPushQEl0YOLOX-Post-Process MultiPushQEl0YOLOX-Post-Process MultiPushQEl0YOLOX-Post-Process MultiPushQEl0YOLOX-Post-Process MultiPushQEl0YOLOX-Post-Process MultiPushQEl0YOLOX-Post-Process MultiPushQEl0YOLOX-Post-Process MultiPushQEl0YOLOX-Post-Process
[2026-01-02 19:11:15.309] [3085] [HailoRT] [info] [pipeline.cpp:891] [print_deep_description] MultiPushQEl0YOLOX-Post-Process | inputs: AsyncHwEl[0] AsyncHwEl[1] AsyncHwEl[2] AsyncHwEl[3] AsyncHwEl[4] AsyncHwEl[5] AsyncHwEl[6] AsyncHwEl[7] AsyncHwEl[8] | outputs: NmsPPMuxEl0YOLOX-Post-Process(running in thread_id: 3163)
[2026-01-02 19:11:15.309] [3085] [HailoRT] [info] [pipeline.cpp:891] [print_deep_description] NmsPPMuxEl0YOLOX-Post-Process | inputs: MultiPushQEl0YOLOX-Post-Process[0] | outputs: LastAsyncEl0NmsPPMuxEl0YOLOX-Post-Process
[2026-01-02 19:11:15.309] [3085] [HailoRT] [info] [pipeline.cpp:891] [print_deep_description] LastAsyncEl0NmsPPMuxEl0YOLOX-Post-Process | inputs: NmsPPMuxEl0YOLOX-Post-Process[0] | outputs: user
[2026-01-02 19:11:16.482] [3153] [HailoRT] [info] [hef.cpp:1929] [get_network_group_and_network_name] No name was given. Addressing all networks of default network_group: yolov6n
[2026-01-02 19:11:38.669] [3085] [HailoRT] [info] [async_infer_runner.cpp:86] [shutdown] Pipeline was aborted. Shutting it down
[2026-01-02 19:11:38.670] [3085] [HailoRT] [info] [queue_elements.cpp:1131] [execute_deactivate] enqueue() in element MultiPushQEl0YOLOX-Post-Process was aborted, got status = HAILO_SHUTDOWN_EVENT_SIGNALED(57)
[2026-01-02 19:11:38.670] [3085] [HailoRT] [info] [queue_elements.cpp:1131] [execute_deactivate] enqueue() in element MultiPushQEl0YOLOX-Post-Process was aborted, got status = HAILO_SHUTDOWN_EVENT_SIGNALED(57)
[2026-01-02 19:11:38.670] [3085] [HailoRT] [info] [queue_elements.cpp:1131] [execute_deactivate] enqueue() in element MultiPushQEl0YOLOX-Post-Process was aborted, got status = HAILO_SHUTDOWN_EVENT_SIGNALED(57)
[2026-01-02 19:11:38.670] [3085] [HailoRT] [info] [queue_elements.cpp:1131] [execute_deactivate] enqueue() in element MultiPushQEl0YOLOX-Post-Process was aborted, got status = HAILO_SHUTDOWN_EVENT_SIGNALED(57)
[2026-01-02 19:11:38.670] [3085] [HailoRT] [info] [queue_elements.cpp:1131] [execute_deactivate] enqueue() in element MultiPushQEl0YOLOX-Post-Process was aborted, got status = HAILO_SHUTDOWN_EVENT_SIGNALED(57)
[2026-01-02 19:11:38.670] [3085] [HailoRT] [info] [queue_elements.cpp:1131] [execute_deactivate] enqueue() in element MultiPushQEl0YOLOX-Post-Process was aborted, got status = HAILO_SHUTDOWN_EVENT_SIGNALED(57)
[2026-01-02 19:11:38.670] [3085] [HailoRT] [info] [queue_elements.cpp:1131] [execute_deactivate] enqueue() in element MultiPushQEl0YOLOX-Post-Process was aborted, got status = HAILO_SHUTDOWN_EVENT_SIGNALED(57)
[2026-01-02 19:11:38.670] [3085] [HailoRT] [info] [queue_elements.cpp:1131] [execute_deactivate] enqueue() in element MultiPushQEl0YOLOX-Post-Process was aborted, got status = HAILO_SHUTDOWN_EVENT_SIGNALED(57)
[2026-01-02 19:11:38.670] [3085] [HailoRT] [info] [queue_elements.cpp:1131] [execute_deactivate] enqueue() in element MultiPushQEl0YOLOX-Post-Process was aborted, got status = HAILO_SHUTDOWN_EVENT_SIGNALED(57)
[2026-01-02 19:11:38.670] [3085] [HailoRT] [info] [queue_elements.cpp:570] [execute_deactivate] enqueue() in element PushQEl3yolov6n/input_layer1 was aborted, got status = HAILO_SHUTDOWN_EVENT_SIGNALED(57)
[2026-01-02 19:11:38.670] [3085] [HailoRT] [info] [queue_elements.cpp:570] [execute_deactivate] enqueue() in element EntryPushQEl0yolov6n/input_layer1 was aborted, got status = HAILO_SHUTDOWN_EVENT_SIGNALED(57)
[2026-01-02 19:11:38.670] [3085] [HailoRT] [info] [queue_elements.cpp:46] [~BaseQueueElement] Queue element EntryPushQEl0yolov6n/input_layer1 has 0 frames in his Queue on destruction
[2026-01-02 19:11:38.670] [3085] [HailoRT] [info] [queue_elements.cpp:46] [~BaseQueueElement] Queue element PushQEl3yolov6n/input_layer1 has 0 frames in his Queue on destruction
[2026-01-02 19:12:17.280] [3221] [HailoRT] [info] [device.cpp:49] [Device] OS Version: Linux 6.12.47+rpt-rpi-2712 #1 SMP PREEMPT Debian 1:6.12.47-1+rpt1~bookworm (2025-09-16) aarch64
[2026-01-02 19:12:17.281] [3221] [HailoRT] [info] [control.cpp:108] [control__parse_identify_results] firmware_version is: 4.20.0
[2026-01-02 19:12:17.282] [3221] [HailoRT] [info] [control.cpp:108] [control__parse_identify_results] firmware_version is: 4.20.0
[2026-01-02 19:12:17.333] [3229] [HailoRT] [info] [device.cpp:49] [Device] OS Version: Linux 6.12.47+rpt-rpi-2712 #1 SMP PREEMPT Debian 1:6.12.47-1+rpt1~bookworm (2025-09-16) aarch64
[2026-01-02 19:12:17.334] [3229] [HailoRT] [info] [control.cpp:108] [control__parse_identify_results] firmware_version is: 4.20.0
[2026-01-02 19:12:17.336] [3229] [HailoRT] [info] [control.cpp:108] [control__parse_identify_results] firmware_version is: 4.20.0
[2026-01-02 19:12:17.392] [3237] [HailoRT] [info] [device.cpp:49] [Device] OS Version: Linux 6.12.47+rpt-rpi-2712 #1 SMP PREEMPT Debian 1:6.12.47-1+rpt1~bookworm (2025-09-16) aarch64
[2026-01-02 19:12:17.393] [3237] [HailoRT] [info] [control.cpp:108] [control__parse_identify_results] firmware_version is: 4.20.0
[2026-01-02 19:12:17.395] [3237] [HailoRT] [info] [control.cpp:108] [control__parse_identify_results] firmware_version is: 4.20.0
[2026-01-02 19:12:17.477] [3192] [HailoRT] [info] [vdevice.cpp:523] [create] Creating vdevice with params: device_count: 1, scheduling_algorithm: ROUND_ROBIN, multi_process_service: false
[2026-01-02 19:12:17.489] [3192] [HailoRT] [info] [device.cpp:49] [Device] OS Version: Linux 6.12.47+rpt-rpi-2712 #1 SMP PREEMPT Debian 1:6.12.47-1+rpt1~bookworm (2025-09-16) aarch64
[2026-01-02 19:12:17.490] [3192] [HailoRT] [info] [control.cpp:108] [control__parse_identify_results] firmware_version is: 4.20.0
[2026-01-02 19:12:17.490] [3192] [HailoRT] [info] [vdevice.cpp:651] [create] VDevice Infos: 0001:01:00.0
[2026-01-02 19:12:17.511] [3192] [HailoRT] [info] [hef.cpp:1929] [get_network_group_and_network_name] No name was given. Addressing all networks of default network_group: yolov6n
[2026-01-02 19:12:17.511] [3192] [HailoRT] [info] [hef.cpp:1929] [get_network_group_and_network_name] No name was given. Addressing all networks of default network_group: yolov6n
[2026-01-02 19:12:17.530] [3192] [HailoRT] [info] [internal_buffer_manager.cpp:202] [print_execution_results] Default Internal buffer planner failed to meet requirements
[2026-01-02 19:12:17.530] [3192] [HailoRT] [info] [internal_buffer_manager.cpp:212] [print_execution_results] Default Internal buffer planner executed successfully
[2026-01-02 19:12:17.536] [3192] [HailoRT] [info] [device_internal.cpp:57] [configure] Configuring HEF took 13.072219 milliseconds
[2026-01-02 19:12:17.536] [3192] [HailoRT] [info] [vdevice.cpp:749] [configure] Configuring HEF on VDevice took 13.455661 milliseconds
[2026-01-02 19:12:17.536] [3192] [HailoRT] [info] [infer_model.cpp:436] [configure] Configuring network group 'yolov6n' with params: batch size: 2, power mode: PERFORMANCE, latency: NONE
[2026-01-02 19:12:17.536] [3192] [HailoRT] [info] [multi_io_elements.cpp:756] [create] Created (AsyncHwEl)
[2026-01-02 19:12:17.536] [3192] [HailoRT] [info] [queue_elements.cpp:450] [create] Created (EntryPushQEl0yolov6n/input_layer1 | timeout: 10s)
[2026-01-02 19:12:17.536] [3192] [HailoRT] [info] [filter_elements.cpp:101] [create] Created (PreInferEl3yolov6n/input_layer1 | Reorder - src_order: RGB4, src_shape: (640, 640, 3), dst_order: NHCW, dst_shape: (640, 640, 3))
[2026-01-02 19:12:17.537] [3192] [HailoRT] [info] [queue_elements.cpp:450] [create] Created (PushQEl3yolov6n/input_layer1 | timeout: 10s)
[2026-01-02 19:12:17.537] [3192] [HailoRT] [info] [multi_io_elements.cpp:135] [create] Created (NmsPPMuxEl0YOLOX-Post-Process | Op YOLOX, Name: YOLOX-Post-Process, Score threshold: 0.300, IoU threshold: 0.45, Classes: 80, Cross classes: false, NMS results order: BY_CLASS, Max bboxes per class: 100, Image height: 640, Image width: 640)
[2026-01-02 19:12:17.537] [3192] [HailoRT] [info] [queue_elements.cpp:942] [create] Created (MultiPushQEl0YOLOX-Post-Process | timeout: 10s)
[2026-01-02 19:12:17.537] [3192] [HailoRT] [info] [edge_elements.cpp:187] [create] Created (LastAsyncEl0NmsPPMuxEl0YOLOX-Post-Process)
[2026-01-02 19:12:17.537] [3192] [HailoRT] [info] [pipeline.cpp:891] [print_deep_description] EntryPushQEl0yolov6n/input_layer1 | inputs: user | outputs: PreInferEl3yolov6n/input_layer1(running in thread_id: 3267)
[2026-01-02 19:12:17.537] [3192] [HailoRT] [info] [pipeline.cpp:891] [print_deep_description] PreInferEl3yolov6n/input_layer1 | inputs: EntryPushQEl0yolov6n/input_layer1[0] | outputs: PushQEl3yolov6n/input_layer1
[2026-01-02 19:12:17.537] [3192] [HailoRT] [info] [pipeline.cpp:891] [print_deep_description] PushQEl3yolov6n/input_layer1 | inputs: PreInferEl3yolov6n/input_layer1[0] | outputs: AsyncHwEl(running in thread_id: 3268)
[2026-01-02 19:12:17.537] [3192] [HailoRT] [info] [pipeline.cpp:891] [print_deep_description] AsyncHwEl | inputs: PushQEl3yolov6n/input_layer1[0] | outputs: MultiPushQEl0YOLOX-Post-Process MultiPushQEl0YOLOX-Post-Process MultiPushQEl0YOLOX-Post-Process MultiPushQEl0YOLOX-Post-Process MultiPushQEl0YOLOX-Post-Process MultiPushQEl0YOLOX-Post-Process MultiPushQEl0YOLOX-Post-Process MultiPushQEl0YOLOX-Post-Process MultiPushQEl0YOLOX-Post-Process
[2026-01-02 19:12:17.537] [3192] [HailoRT] [info] [pipeline.cpp:891] [print_deep_description] MultiPushQEl0YOLOX-Post-Process | inputs: AsyncHwEl[0] AsyncHwEl[1] AsyncHwEl[2] AsyncHwEl[3] AsyncHwEl[4] AsyncHwEl[5] AsyncHwEl[6] AsyncHwEl[7] AsyncHwEl[8] | outputs: NmsPPMuxEl0YOLOX-Post-Process(running in thread_id: 3269)
[2026-01-02 19:12:17.537] [3192] [HailoRT] [info] [pipeline.cpp:891] [print_deep_description] NmsPPMuxEl0YOLOX-Post-Process | inputs: MultiPushQEl0YOLOX-Post-Process[0] | outputs: LastAsyncEl0NmsPPMuxEl0YOLOX-Post-Process
[2026-01-02 19:12:17.537] [3192] [HailoRT] [info] [pipeline.cpp:891] [print_deep_description] LastAsyncEl0NmsPPMuxEl0YOLOX-Post-Process | inputs: NmsPPMuxEl0YOLOX-Post-Process[0] | outputs: user
[2026-01-02 19:12:18.721] [3259] [HailoRT] [info] [hef.cpp:1929] [get_network_group_and_network_name] No name was given. Addressing all networks of default network_group: yolov6n
[2026-01-02 19:15:14.590] [3192] [HailoRT] [info] [async_infer_runner.cpp:86] [shutdown] Pipeline was aborted. Shutting it down
[2026-01-02 19:15:14.590] [3192] [HailoRT] [info] [queue_elements.cpp:1131] [execute_deactivate] enqueue() in element MultiPushQEl0YOLOX-Post-Process was aborted, got status = HAILO_SHUTDOWN_EVENT_SIGNALED(57)
[2026-01-02 19:15:14.590] [3192] [HailoRT] [info] [queue_elements.cpp:1131] [execute_deactivate] enqueue() in element MultiPushQEl0YOLOX-Post-Process was aborted, got status = HAILO_SHUTDOWN_EVENT_SIGNALED(57)
[2026-01-02 19:15:14.590] [3192] [HailoRT] [info] [queue_elements.cpp:1131] [execute_deactivate] enqueue() in element MultiPushQEl0YOLOX-Post-Process was aborted, got status = HAILO_SHUTDOWN_EVENT_SIGNALED(57)
[2026-01-02 19:15:14.590] [3192] [HailoRT] [info] [queue_elements.cpp:1131] [execute_deactivate] enqueue() in element MultiPushQEl0YOLOX-Post-Process was aborted, got status = HAILO_SHUTDOWN_EVENT_SIGNALED(57)
[2026-01-02 19:15:14.590] [3192] [HailoRT] [info] [queue_elements.cpp:1131] [execute_deactivate] enqueue() in element MultiPushQEl0YOLOX-Post-Process was aborted, got status = HAILO_SHUTDOWN_EVENT_SIGNALED(57)
[2026-01-02 19:15:14.590] [3192] [HailoRT] [info] [queue_elements.cpp:1131] [execute_deactivate] enqueue() in element MultiPushQEl0YOLOX-Post-Process was aborted, got status = HAILO_SHUTDOWN_EVENT_SIGNALED(57)
[2026-01-02 19:15:14.590] [3192] [HailoRT] [info] [queue_elements.cpp:1131] [execute_deactivate] enqueue() in element MultiPushQEl0YOLOX-Post-Process was aborted, got status = HAILO_SHUTDOWN_EVENT_SIGNALED(57)
[2026-01-02 19:15:14.590] [3192] [HailoRT] [info] [queue_elements.cpp:1131] [execute_deactivate] enqueue() in element MultiPushQEl0YOLOX-Post-Process was aborted, got status = HAILO_SHUTDOWN_EVENT_SIGNALED(57)
[2026-01-02 19:15:14.590] [3192] [HailoRT] [info] [queue_elements.cpp:1131] [execute_deactivate] enqueue() in element MultiPushQEl0YOLOX-Post-Process was aborted, got status = HAILO_SHUTDOWN_EVENT_SIGNALED(57)
[2026-01-02 19:15:14.590] [3192] [HailoRT] [info] [queue_elements.cpp:570] [execute_deactivate] enqueue() in element PushQEl3yolov6n/input_layer1 was aborted, got status = HAILO_SHUTDOWN_EVENT_SIGNALED(57)
[2026-01-02 19:15:14.590] [3192] [HailoRT] [info] [queue_elements.cpp:570] [execute_deactivate] enqueue() in element EntryPushQEl0yolov6n/input_layer1 was aborted, got status = HAILO_SHUTDOWN_EVENT_SIGNALED(57)
[2026-01-02 19:15:14.590] [3192] [HailoRT] [info] [queue_elements.cpp:46] [~BaseQueueElement] Queue element EntryPushQEl0yolov6n/input_layer1 has 0 frames in his Queue on destruction
[2026-01-02 19:15:14.590] [3192] [HailoRT] [info] [queue_elements.cpp:46] [~BaseQueueElement] Queue element PushQEl3yolov6n/input_layer1 has 0 frames in his Queue on destruction
[2026-01-02 19:15:16.580] [3931] [HailoRT] [info] [device.cpp:49] [Device] OS Version: Linux 6.12.47+rpt-rpi-2712 #1 SMP PREEMPT Debian 1:6.12.47-1+rpt1~bookworm (2025-09-16) aarch64
[2026-01-02 19:15:16.581] [3931] [HailoRT] [info] [control.cpp:108] [control__parse_identify_results] firmware_version is: 4.20.0
[2026-01-02 19:15:16.582] [3931] [HailoRT] [info] [control.cpp:108] [control__parse_identify_results] firmware_version is: 4.20.0
[2026-01-02 19:15:16.629] [3939] [HailoRT] [info] [device.cpp:49] [Device] OS Version: Linux 6.12.47+rpt-rpi-2712 #1 SMP PREEMPT Debian 1:6.12.47-1+rpt1~bookworm (2025-09-16) aarch64
[2026-01-02 19:15:16.630] [3939] [HailoRT] [info] [control.cpp:108] [control__parse_identify_results] firmware_version is: 4.20.0
[2026-01-02 19:15:16.631] [3939] [HailoRT] [info] [control.cpp:108] [control__parse_identify_results] firmware_version is: 4.20.0
[2026-01-02 19:15:16.681] [3947] [HailoRT] [info] [device.cpp:49] [Device] OS Version: Linux 6.12.47+rpt-rpi-2712 #1 SMP PREEMPT Debian 1:6.12.47-1+rpt1~bookworm (2025-09-16) aarch64
[2026-01-02 19:15:16.683] [3947] [HailoRT] [info] [control.cpp:108] [control__parse_identify_results] firmware_version is: 4.20.0
[2026-01-02 19:15:16.684] [3947] [HailoRT] [info] [control.cpp:108] [control__parse_identify_results] firmware_version is: 4.20.0
[2026-01-02 19:15:16.761] [3900] [HailoRT] [info] [vdevice.cpp:523] [create] Creating vdevice with params: device_count: 1, scheduling_algorithm: ROUND_ROBIN, multi_process_service: false
[2026-01-02 19:15:16.773] [3900] [HailoRT] [info] [device.cpp:49] [Device] OS Version: Linux 6.12.47+rpt-rpi-2712 #1 SMP PREEMPT Debian 1:6.12.47-1+rpt1~bookworm (2025-09-16) aarch64
[2026-01-02 19:15:16.774] [3900] [HailoRT] [info] [control.cpp:108] [control__parse_identify_results] firmware_version is: 4.20.0
[2026-01-02 19:15:16.774] [3900] [HailoRT] [info] [vdevice.cpp:651] [create] VDevice Infos: 0001:01:00.0
[2026-01-02 19:15:16.796] [3900] [HailoRT] [info] [hef.cpp:1929] [get_network_group_and_network_name] No name was given. Addressing all networks of default network_group: yolov6n
[2026-01-02 19:15:16.796] [3900] [HailoRT] [info] [hef.cpp:1929] [get_network_group_and_network_name] No name was given. Addressing all networks of default network_group: yolov6n
[2026-01-02 19:15:16.814] [3900] [HailoRT] [info] [internal_buffer_manager.cpp:202] [print_execution_results] Default Internal buffer planner failed to meet requirements
[2026-01-02 19:15:16.814] [3900] [HailoRT] [info] [internal_buffer_manager.cpp:212] [print_execution_results] Default Internal buffer planner executed successfully
[2026-01-02 19:15:16.823] [3900] [HailoRT] [info] [device_internal.cpp:57] [configure] Configuring HEF took 14.644822 milliseconds
[2026-01-02 19:15:16.823] [3900] [HailoRT] [info] [vdevice.cpp:749] [configure] Configuring HEF on VDevice took 15.006985 milliseconds
[2026-01-02 19:15:16.823] [3900] [HailoRT] [info] [infer_model.cpp:436] [configure] Configuring network group 'yolov6n' with params: batch size: 2, power mode: PERFORMANCE, latency: NONE
[2026-01-02 19:15:16.823] [3900] [HailoRT] [info] [multi_io_elements.cpp:756] [create] Created (AsyncHwEl)
[2026-01-02 19:15:16.825] [3900] [HailoRT] [info] [queue_elements.cpp:450] [create] Created (EntryPushQEl0yolov6n/input_layer1 | timeout: 10s)
[2026-01-02 19:15:16.825] [3900] [HailoRT] [info] [filter_elements.cpp:101] [create] Created (PreInferEl3yolov6n/input_layer1 | Reorder - src_order: RGB4, src_shape: (640, 640, 3), dst_order: NHCW, dst_shape: (640, 640, 3))
[2026-01-02 19:15:16.825] [3900] [HailoRT] [info] [queue_elements.cpp:450] [create] Created (PushQEl3yolov6n/input_layer1 | timeout: 10s)
[2026-01-02 19:15:16.825] [3900] [HailoRT] [info] [multi_io_elements.cpp:135] [create] Created (NmsPPMuxEl0YOLOX-Post-Process | Op YOLOX, Name: YOLOX-Post-Process, Score threshold: 0.300, IoU threshold: 0.45, Classes: 80, Cross classes: false, NMS results order: BY_CLASS, Max bboxes per class: 100, Image height: 640, Image width: 640)
[2026-01-02 19:15:16.826] [3900] [HailoRT] [info] [queue_elements.cpp:942] [create] Created (MultiPushQEl0YOLOX-Post-Process | timeout: 10s)
[2026-01-02 19:15:16.826] [3900] [HailoRT] [info] [edge_elements.cpp:187] [create] Created (LastAsyncEl0NmsPPMuxEl0YOLOX-Post-Process)
[2026-01-02 19:15:16.826] [3900] [HailoRT] [info] [pipeline.cpp:891] [print_deep_description] EntryPushQEl0yolov6n/input_layer1 | inputs: user | outputs: PreInferEl3yolov6n/input_layer1(running in thread_id: 3977)
[2026-01-02 19:15:16.826] [3900] [HailoRT] [info] [pipeline.cpp:891] [print_deep_description] PreInferEl3yolov6n/input_layer1 | inputs: EntryPushQEl0yolov6n/input_layer1[0] | outputs: PushQEl3yolov6n/input_layer1
[2026-01-02 19:15:16.826] [3900] [HailoRT] [info] [pipeline.cpp:891] [print_deep_description] PushQEl3yolov6n/input_layer1 | inputs: PreInferEl3yolov6n/input_layer1[0] | outputs: AsyncHwEl(running in thread_id: 3978)
[2026-01-02 19:15:16.826] [3900] [HailoRT] [info] [pipeline.cpp:891] [print_deep_description] AsyncHwEl | inputs: PushQEl3yolov6n/input_layer1[0] | outputs: MultiPushQEl0YOLOX-Post-Process MultiPushQEl0YOLOX-Post-Process MultiPushQEl0YOLOX-Post-Process MultiPushQEl0YOLOX-Post-Process MultiPushQEl0YOLOX-Post-Process MultiPushQEl0YOLOX-Post-Process MultiPushQEl0YOLOX-Post-Process MultiPushQEl0YOLOX-Post-Process MultiPushQEl0YOLOX-Post-Process
[2026-01-02 19:15:16.826] [3900] [HailoRT] [info] [pipeline.cpp:891] [print_deep_description] MultiPushQEl0YOLOX-Post-Process | inputs: AsyncHwEl[0] AsyncHwEl[1] AsyncHwEl[2] AsyncHwEl[3] AsyncHwEl[4] AsyncHwEl[5] AsyncHwEl[6] AsyncHwEl[7] AsyncHwEl[8] | outputs: NmsPPMuxEl0YOLOX-Post-Process(running in thread_id: 3979)
[2026-01-02 19:15:16.826] [3900] [HailoRT] [info] [pipeline.cpp:891] [print_deep_description] NmsPPMuxEl0YOLOX-Post-Process | inputs: MultiPushQEl0YOLOX-Post-Process[0] | outputs: LastAsyncEl0NmsPPMuxEl0YOLOX-Post-Process
[2026-01-02 19:15:16.826] [3900] [HailoRT] [info] [pipeline.cpp:891] [print_deep_description] LastAsyncEl0NmsPPMuxEl0YOLOX-Post-Process | inputs: NmsPPMuxEl0YOLOX-Post-Process[0] | outputs: user
[2026-01-02 19:15:19.021] [3969] [HailoRT] [info] [hef.cpp:1929] [get_network_group_and_network_name] No name was given. Addressing all networks of default network_group: yolov6n
[2026-01-02 19:17:10.841] [4031] [HailoRT] [info] [device.cpp:49] [Device] OS Version: Linux 6.12.47+rpt-rpi-2712 #1 SMP PREEMPT Debian 1:6.12.47-1+rpt1~bookworm (2025-09-16) aarch64
[2026-01-02 19:17:10.843] [4031] [HailoRT] [info] [control.cpp:108] [control__parse_identify_results] firmware_version is: 4.20.0
[2026-01-02 19:17:10.845] [4031] [HailoRT] [info] [control.cpp:108] [control__parse_identify_results] firmware_version is: 4.20.0
[2026-01-02 19:17:10.889] [4039] [HailoRT] [info] [device.cpp:49] [Device] OS Version: Linux 6.12.47+rpt-rpi-2712 #1 SMP PREEMPT Debian 1:6.12.47-1+rpt1~bookworm (2025-09-16) aarch64
[2026-01-02 19:17:10.891] [4039] [HailoRT] [info] [control.cpp:108] [control__parse_identify_results] firmware_version is: 4.20.0
[2026-01-02 19:17:10.891] [4039] [HailoRT] [info] [control.cpp:108] [control__parse_identify_results] firmware_version is: 4.20.0
[2026-01-02 19:17:10.957] [4047] [HailoRT] [info] [device.cpp:49] [Device] OS Version: Linux 6.12.47+rpt-rpi-2712 #1 SMP PREEMPT Debian 1:6.12.47-1+rpt1~bookworm (2025-09-16) aarch64
[2026-01-02 19:17:10.959] [4047] [HailoRT] [info] [control.cpp:108] [control__parse_identify_results] firmware_version is: 4.20.0
[2026-01-02 19:17:10.960] [4047] [HailoRT] [info] [control.cpp:108] [control__parse_identify_results] firmware_version is: 4.20.0
[2026-01-02 19:17:11.042] [4000] [HailoRT] [info] [vdevice.cpp:523] [create] Creating vdevice with params: device_count: 1, scheduling_algorithm: ROUND_ROBIN, multi_process_service: false
[2026-01-02 19:17:11.053] [4000] [HailoRT] [info] [device.cpp:49] [Device] OS Version: Linux 6.12.47+rpt-rpi-2712 #1 SMP PREEMPT Debian 1:6.12.47-1+rpt1~bookworm (2025-09-16) aarch64
[2026-01-02 19:17:11.055] [4000] [HailoRT] [info] [control.cpp:108] [control__parse_identify_results] firmware_version is: 4.20.0
[2026-01-02 19:17:11.055] [4000] [HailoRT] [info] [vdevice.cpp:651] [create] VDevice Infos: 0001:01:00.0
[2026-01-02 19:17:11.076] [4000] [HailoRT] [info] [hef.cpp:1929] [get_network_group_and_network_name] No name was given. Addressing all networks of default network_group: yolov6n
[2026-01-02 19:17:11.076] [4000] [HailoRT] [info] [hef.cpp:1929] [get_network_group_and_network_name] No name was given. Addressing all networks of default network_group: yolov6n
[2026-01-02 19:17:11.095] [4000] [HailoRT] [info] [internal_buffer_manager.cpp:202] [print_execution_results] Default Internal buffer planner failed to meet requirements
[2026-01-02 19:17:11.095] [4000] [HailoRT] [info] [internal_buffer_manager.cpp:212] [print_execution_results] Default Internal buffer planner executed successfully
[2026-01-02 19:17:11.102] [4000] [HailoRT] [info] [device_internal.cpp:57] [configure] Configuring HEF took 14.860524 milliseconds
[2026-01-02 19:17:11.102] [4000] [HailoRT] [info] [vdevice.cpp:749] [configure] Configuring HEF on VDevice took 15.224688 milliseconds
[2026-01-02 19:17:11.102] [4000] [HailoRT] [info] [infer_model.cpp:436] [configure] Configuring network group 'yolov6n' with params: batch size: 2, power mode: PERFORMANCE, latency: NONE
[2026-01-02 19:17:11.102] [4000] [HailoRT] [info] [multi_io_elements.cpp:756] [create] Created (AsyncHwEl)
[2026-01-02 19:17:11.102] [4000] [HailoRT] [info] [queue_elements.cpp:450] [create] Created (EntryPushQEl0yolov6n/input_layer1 | timeout: 10s)
[2026-01-02 19:17:11.102] [4000] [HailoRT] [info] [filter_elements.cpp:101] [create] Created (PreInferEl3yolov6n/input_layer1 | Reorder - src_order: RGB4, src_shape: (640, 640, 3), dst_order: NHCW, dst_shape: (640, 640, 3))
[2026-01-02 19:17:11.102] [4000] [HailoRT] [info] [queue_elements.cpp:450] [create] Created (PushQEl3yolov6n/input_layer1 | timeout: 10s)
[2026-01-02 19:17:11.102] [4000] [HailoRT] [info] [multi_io_elements.cpp:135] [create] Created (NmsPPMuxEl0YOLOX-Post-Process | Op YOLOX, Name: YOLOX-Post-Process, Score threshold: 0.300, IoU threshold: 0.45, Classes: 80, Cross classes: false, NMS results order: BY_CLASS, Max bboxes per class: 100, Image height: 640, Image width: 640)
[2026-01-02 19:17:11.103] [4000] [HailoRT] [info] [queue_elements.cpp:942] [create] Created (MultiPushQEl0YOLOX-Post-Process | timeout: 10s)
[2026-01-02 19:17:11.103] [4000] [HailoRT] [info] [edge_elements.cpp:187] [create] Created (LastAsyncEl0NmsPPMuxEl0YOLOX-Post-Process)
[2026-01-02 19:17:11.103] [4000] [HailoRT] [info] [pipeline.cpp:891] [print_deep_description] EntryPushQEl0yolov6n/input_layer1 | inputs: user | outputs: PreInferEl3yolov6n/input_layer1(running in thread_id: 4077)
[2026-01-02 19:17:11.103] [4000] [HailoRT] [info] [pipeline.cpp:891] [print_deep_description] PreInferEl3yolov6n/input_layer1 | inputs: EntryPushQEl0yolov6n/input_layer1[0] | outputs: PushQEl3yolov6n/input_layer1
[2026-01-02 19:17:11.103] [4000] [HailoRT] [info] [pipeline.cpp:891] [print_deep_description] PushQEl3yolov6n/input_layer1 | inputs: PreInferEl3yolov6n/input_layer1[0] | outputs: AsyncHwEl(running in thread_id: 4078)
[2026-01-02 19:17:11.103] [4000] [HailoRT] [info] [pipeline.cpp:891] [print_deep_description] AsyncHwEl | inputs: PushQEl3yolov6n/input_layer1[0] | outputs: MultiPushQEl0YOLOX-Post-Process MultiPushQEl0YOLOX-Post-Process MultiPushQEl0YOLOX-Post-Process MultiPushQEl0YOLOX-Post-Process MultiPushQEl0YOLOX-Post-Process MultiPushQEl0YOLOX-Post-Process MultiPushQEl0YOLOX-Post-Process MultiPushQEl0YOLOX-Post-Process MultiPushQEl0YOLOX-Post-Process
[2026-01-02 19:17:11.103] [4000] [HailoRT] [info] [pipeline.cpp:891] [print_deep_description] MultiPushQEl0YOLOX-Post-Process | inputs: AsyncHwEl[0] AsyncHwEl[1] AsyncHwEl[2] AsyncHwEl[3] AsyncHwEl[4] AsyncHwEl[5] AsyncHwEl[6] AsyncHwEl[7] AsyncHwEl[8] | outputs: NmsPPMuxEl0YOLOX-Post-Process(running in thread_id: 4079)
[2026-01-02 19:17:11.103] [4000] [HailoRT] [info] [pipeline.cpp:891] [print_deep_description] NmsPPMuxEl0YOLOX-Post-Process | inputs: MultiPushQEl0YOLOX-Post-Process[0] | outputs: LastAsyncEl0NmsPPMuxEl0YOLOX-Post-Process
[2026-01-02 19:17:11.103] [4000] [HailoRT] [info] [pipeline.cpp:891] [print_deep_description] LastAsyncEl0NmsPPMuxEl0YOLOX-Post-Process | inputs: NmsPPMuxEl0YOLOX-Post-Process[0] | outputs: user
[2026-01-02 19:17:13.253] [4069] [HailoRT] [info] [hef.cpp:1929] [get_network_group_and_network_name] No name was given. Addressing all networks of default network_group: yolov6n
[2026-01-02 19:18:13.813] [4165] [HailoRT] [info] [device.cpp:49] [Device] OS Version: Linux 6.12.47+rpt-rpi-2712 #1 SMP PREEMPT Debian 1:6.12.47-1+rpt1~bookworm (2025-09-16) aarch64
[2026-01-02 19:18:13.814] [4165] [HailoRT] [info] [control.cpp:108] [control__parse_identify_results] firmware_version is: 4.20.0
[2026-01-02 19:18:13.815] [4165] [HailoRT] [info] [control.cpp:108] [control__parse_identify_results] firmware_version is: 4.20.0
[2026-01-02 19:18:13.854] [4173] [HailoRT] [info] [device.cpp:49] [Device] OS Version: Linux 6.12.47+rpt-rpi-2712 #1 SMP PREEMPT Debian 1:6.12.47-1+rpt1~bookworm (2025-09-16) aarch64
[2026-01-02 19:18:13.855] [4173] [HailoRT] [info] [control.cpp:108] [control__parse_identify_results] firmware_version is: 4.20.0
[2026-01-02 19:18:13.856] [4173] [HailoRT] [info] [control.cpp:108] [control__parse_identify_results] firmware_version is: 4.20.0
[2026-01-02 19:18:13.909] [4181] [HailoRT] [info] [device.cpp:49] [Device] OS Version: Linux 6.12.47+rpt-rpi-2712 #1 SMP PREEMPT Debian 1:6.12.47-1+rpt1~bookworm (2025-09-16) aarch64
[2026-01-02 19:18:13.910] [4181] [HailoRT] [info] [control.cpp:108] [control__parse_identify_results] firmware_version is: 4.20.0
[2026-01-02 19:18:13.911] [4181] [HailoRT] [info] [control.cpp:108] [control__parse_identify_results] firmware_version is: 4.20.0
[2026-01-02 19:18:14.007] [4134] [HailoRT] [info] [vdevice.cpp:523] [create] Creating vdevice with params: device_count: 1, scheduling_algorithm: ROUND_ROBIN, multi_process_service: false
[2026-01-02 19:18:14.017] [4134] [HailoRT] [info] [device.cpp:49] [Device] OS Version: Linux 6.12.47+rpt-rpi-2712 #1 SMP PREEMPT Debian 1:6.12.47-1+rpt1~bookworm (2025-09-16) aarch64
[2026-01-02 19:18:14.018] [4134] [HailoRT] [info] [control.cpp:108] [control__parse_identify_results] firmware_version is: 4.20.0
[2026-01-02 19:18:14.018] [4134] [HailoRT] [info] [vdevice.cpp:651] [create] VDevice Infos: 0001:01:00.0
[2026-01-02 19:18:14.039] [4134] [HailoRT] [info] [hef.cpp:1929] [get_network_group_and_network_name] No name was given. Addressing all networks of default network_group: yolov6n
[2026-01-02 19:18:14.039] [4134] [HailoRT] [info] [hef.cpp:1929] [get_network_group_and_network_name] No name was given. Addressing all networks of default network_group: yolov6n
[2026-01-02 19:18:14.058] [4134] [HailoRT] [info] [internal_buffer_manager.cpp:202] [print_execution_results] Default Internal buffer planner failed to meet requirements
[2026-01-02 19:18:14.058] [4134] [HailoRT] [info] [internal_buffer_manager.cpp:212] [print_execution_results] Default Internal buffer planner executed successfully
[2026-01-02 19:18:14.064] [4134] [HailoRT] [info] [device_internal.cpp:57] [configure] Configuring HEF took 13.243555 milliseconds
[2026-01-02 19:18:14.064] [4134] [HailoRT] [info] [vdevice.cpp:749] [configure] Configuring HEF on VDevice took 13.599533 milliseconds
[2026-01-02 19:18:14.064] [4134] [HailoRT] [info] [infer_model.cpp:436] [configure] Configuring network group 'yolov6n' with params: batch size: 2, power mode: PERFORMANCE, latency: NONE
[2026-01-02 19:18:14.064] [4134] [HailoRT] [info] [multi_io_elements.cpp:756] [create] Created (AsyncHwEl)
[2026-01-02 19:18:14.064] [4134] [HailoRT] [info] [queue_elements.cpp:450] [create] Created (EntryPushQEl0yolov6n/input_layer1 | timeout: 10s)
[2026-01-02 19:18:14.064] [4134] [HailoRT] [info] [filter_elements.cpp:101] [create] Created (PreInferEl3yolov6n/input_layer1 | Reorder - src_order: RGB4, src_shape: (640, 640, 3), dst_order: NHCW, dst_shape: (640, 640, 3))
[2026-01-02 19:18:14.065] [4134] [HailoRT] [info] [queue_elements.cpp:450] [create] Created (PushQEl3yolov6n/input_layer1 | timeout: 10s)
[2026-01-02 19:18:14.065] [4134] [HailoRT] [info] [multi_io_elements.cpp:135] [create] Created (NmsPPMuxEl0YOLOX-Post-Process | Op YOLOX, Name: YOLOX-Post-Process, Score threshold: 0.300, IoU threshold: 0.45, Classes: 80, Cross classes: false, NMS results order: BY_CLASS, Max bboxes per class: 100, Image height: 640, Image width: 640)
[2026-01-02 19:18:14.065] [4134] [HailoRT] [info] [queue_elements.cpp:942] [create] Created (MultiPushQEl0YOLOX-Post-Process | timeout: 10s)
[2026-01-02 19:18:14.065] [4134] [HailoRT] [info] [edge_elements.cpp:187] [create] Created (LastAsyncEl0NmsPPMuxEl0YOLOX-Post-Process)
[2026-01-02 19:18:14.065] [4134] [HailoRT] [info] [pipeline.cpp:891] [print_deep_description] EntryPushQEl0yolov6n/input_layer1 | inputs: user | outputs: PreInferEl3yolov6n/input_layer1(running in thread_id: 4211)
[2026-01-02 19:18:14.065] [4134] [HailoRT] [info] [pipeline.cpp:891] [print_deep_description] PreInferEl3yolov6n/input_layer1 | inputs: EntryPushQEl0yolov6n/input_layer1[0] | outputs: PushQEl3yolov6n/input_layer1
[2026-01-02 19:18:14.065] [4134] [HailoRT] [info] [pipeline.cpp:891] [print_deep_description] PushQEl3yolov6n/input_layer1 | inputs: PreInferEl3yolov6n/input_layer1[0] | outputs: AsyncHwEl(running in thread_id: 4212)
[2026-01-02 19:18:14.065] [4134] [HailoRT] [info] [pipeline.cpp:891] [print_deep_description] AsyncHwEl | inputs: PushQEl3yolov6n/input_layer1[0] | outputs: MultiPushQEl0YOLOX-Post-Process MultiPushQEl0YOLOX-Post-Process MultiPushQEl0YOLOX-Post-Process MultiPushQEl0YOLOX-Post-Process MultiPushQEl0YOLOX-Post-Process MultiPushQEl0YOLOX-Post-Process MultiPushQEl0YOLOX-Post-Process MultiPushQEl0YOLOX-Post-Process MultiPushQEl0YOLOX-Post-Process
[2026-01-02 19:18:14.065] [4134] [HailoRT] [info] [pipeline.cpp:891] [print_deep_description] MultiPushQEl0YOLOX-Post-Process | inputs: AsyncHwEl[0] AsyncHwEl[1] AsyncHwEl[2] AsyncHwEl[3] AsyncHwEl[4] AsyncHwEl[5] AsyncHwEl[6] AsyncHwEl[7] AsyncHwEl[8] | outputs: NmsPPMuxEl0YOLOX-Post-Process(running in thread_id: 4213)
[2026-01-02 19:18:14.065] [4134] [HailoRT] [info] [pipeline.cpp:891] [print_deep_description] NmsPPMuxEl0YOLOX-Post-Process | inputs: MultiPushQEl0YOLOX-Post-Process[0] | outputs: LastAsyncEl0NmsPPMuxEl0YOLOX-Post-Process
[2026-01-02 19:18:14.065] [4134] [HailoRT] [info] [pipeline.cpp:891] [print_deep_description] LastAsyncEl0NmsPPMuxEl0YOLOX-Post-Process | inputs: NmsPPMuxEl0YOLOX-Post-Process[0] | outputs: user
[2026-01-02 19:18:16.035] [4203] [HailoRT] [info] [hef.cpp:1929] [get_network_group_and_network_name] No name was given. Addressing all networks of default network_group: yolov6n
[2026-01-02 19:20:04.328] [4290] [HailoRT] [info] [device.cpp:49] [Device] OS Version: Linux 6.12.47+rpt-rpi-2712 #1 SMP PREEMPT Debian 1:6.12.47-1+rpt1~bookworm (2025-09-16) aarch64
[2026-01-02 19:20:04.330] [4290] [HailoRT] [info] [control.cpp:108] [control__parse_identify_results] firmware_version is: 4.20.0
[2026-01-02 19:20:04.330] [4290] [HailoRT] [info] [control.cpp:108] [control__parse_identify_results] firmware_version is: 4.20.0
[2026-01-02 19:20:04.373] [4298] [HailoRT] [info] [device.cpp:49] [Device] OS Version: Linux 6.12.47+rpt-rpi-2712 #1 SMP PREEMPT Debian 1:6.12.47-1+rpt1~bookworm (2025-09-16) aarch64
[2026-01-02 19:20:04.374] [4298] [HailoRT] [info] [control.cpp:108] [control__parse_identify_results] firmware_version is: 4.20.0
[2026-01-02 19:20:04.375] [4298] [HailoRT] [info] [control.cpp:108] [control__parse_identify_results] firmware_version is: 4.20.0
[2026-01-02 19:20:04.421] [4306] [HailoRT] [info] [device.cpp:49] [Device] OS Version: Linux 6.12.47+rpt-rpi-2712 #1 SMP PREEMPT Debian 1:6.12.47-1+rpt1~bookworm (2025-09-16) aarch64
[2026-01-02 19:20:04.422] [4306] [HailoRT] [info] [control.cpp:108] [control__parse_identify_results] firmware_version is: 4.20.0
[2026-01-02 19:20:04.423] [4306] [HailoRT] [info] [control.cpp:108] [control__parse_identify_results] firmware_version is: 4.20.0
[2026-01-02 19:20:04.507] [4259] [HailoRT] [info] [vdevice.cpp:523] [create] Creating vdevice with params: device_count: 1, scheduling_algorithm: ROUND_ROBIN, multi_process_service: false
[2026-01-02 19:20:04.519] [4259] [HailoRT] [info] [device.cpp:49] [Device] OS Version: Linux 6.12.47+rpt-rpi-2712 #1 SMP PREEMPT Debian 1:6.12.47-1+rpt1~bookworm (2025-09-16) aarch64
[2026-01-02 19:20:04.521] [4259] [HailoRT] [info] [control.cpp:108] [control__parse_identify_results] firmware_version is: 4.20.0
[2026-01-02 19:20:04.521] [4259] [HailoRT] [info] [vdevice.cpp:651] [create] VDevice Infos: 0001:01:00.0
[2026-01-02 19:20:04.541] [4259] [HailoRT] [info] [hef.cpp:1929] [get_network_group_and_network_name] No name was given. Addressing all networks of default network_group: yolov6n
[2026-01-02 19:20:04.541] [4259] [HailoRT] [info] [hef.cpp:1929] [get_network_group_and_network_name] No name was given. Addressing all networks of default network_group: yolov6n
[2026-01-02 19:20:04.557] [4259] [HailoRT] [info] [internal_buffer_manager.cpp:202] [print_execution_results] Default Internal buffer planner failed to meet requirements
[2026-01-02 19:20:04.557] [4259] [HailoRT] [info] [internal_buffer_manager.cpp:212] [print_execution_results] Default Internal buffer planner executed successfully
[2026-01-02 19:20:04.564] [4259] [HailoRT] [info] [device_internal.cpp:57] [configure] Configuring HEF took 12.091489 milliseconds
[2026-01-02 19:20:04.564] [4259] [HailoRT] [info] [vdevice.cpp:749] [configure] Configuring HEF on VDevice took 12.454542 milliseconds
[2026-01-02 19:20:04.564] [4259] [HailoRT] [info] [infer_model.cpp:436] [configure] Configuring network group 'yolov6n' with params: batch size: 2, power mode: PERFORMANCE, latency: NONE
[2026-01-02 19:20:04.565] [4259] [HailoRT] [info] [multi_io_elements.cpp:756] [create] Created (AsyncHwEl)
[2026-01-02 19:20:04.565] [4259] [HailoRT] [info] [queue_elements.cpp:450] [create] Created (EntryPushQEl0yolov6n/input_layer1 | timeout: 10s)
[2026-01-02 19:20:04.565] [4259] [HailoRT] [info] [filter_elements.cpp:101] [create] Created (PreInferEl3yolov6n/input_layer1 | Reorder - src_order: RGB4, src_shape: (640, 640, 3), dst_order: NHCW, dst_shape: (640, 640, 3))
[2026-01-02 19:20:04.565] [4259] [HailoRT] [info] [queue_elements.cpp:450] [create] Created (PushQEl3yolov6n/input_layer1 | timeout: 10s)
[2026-01-02 19:20:04.565] [4259] [HailoRT] [info] [multi_io_elements.cpp:135] [create] Created (NmsPPMuxEl0YOLOX-Post-Process | Op YOLOX, Name: YOLOX-Post-Process, Score threshold: 0.300, IoU threshold: 0.45, Classes: 80, Cross classes: false, NMS results order: BY_CLASS, Max bboxes per class: 100, Image height: 640, Image width: 640)
[2026-01-02 19:20:04.565] [4259] [HailoRT] [info] [queue_elements.cpp:942] [create] Created (MultiPushQEl0YOLOX-Post-Process | timeout: 10s)
[2026-01-02 19:20:04.565] [4259] [HailoRT] [info] [edge_elements.cpp:187] [create] Created (LastAsyncEl0NmsPPMuxEl0YOLOX-Post-Process)
[2026-01-02 19:20:04.565] [4259] [HailoRT] [info] [pipeline.cpp:891] [print_deep_description] EntryPushQEl0yolov6n/input_layer1 | inputs: user | outputs: PreInferEl3yolov6n/input_layer1(running in thread_id: 4336)
[2026-01-02 19:20:04.565] [4259] [HailoRT] [info] [pipeline.cpp:891] [print_deep_description] PreInferEl3yolov6n/input_layer1 | inputs: EntryPushQEl0yolov6n/input_layer1[0] | outputs: PushQEl3yolov6n/input_layer1
[2026-01-02 19:20:04.565] [4259] [HailoRT] [info] [pipeline.cpp:891] [print_deep_description] PushQEl3yolov6n/input_layer1 | inputs: PreInferEl3yolov6n/input_layer1[0] | outputs: AsyncHwEl(running in thread_id: 4337)
[2026-01-02 19:20:04.565] [4259] [HailoRT] [info] [pipeline.cpp:891] [print_deep_description] AsyncHwEl | inputs: PushQEl3yolov6n/input_layer1[0] | outputs: MultiPushQEl0YOLOX-Post-Process MultiPushQEl0YOLOX-Post-Process MultiPushQEl0YOLOX-Post-Process MultiPushQEl0YOLOX-Post-Process MultiPushQEl0YOLOX-Post-Process MultiPushQEl0YOLOX-Post-Process MultiPushQEl0YOLOX-Post-Process MultiPushQEl0YOLOX-Post-Process MultiPushQEl0YOLOX-Post-Process
[2026-01-02 19:20:04.565] [4259] [HailoRT] [info] [pipeline.cpp:891] [print_deep_description] MultiPushQEl0YOLOX-Post-Process | inputs: AsyncHwEl[0] AsyncHwEl[1] AsyncHwEl[2] AsyncHwEl[3] AsyncHwEl[4] AsyncHwEl[5] AsyncHwEl[6] AsyncHwEl[7] AsyncHwEl[8] | outputs: NmsPPMuxEl0YOLOX-Post-Process(running in thread_id: 4338)
[2026-01-02 19:20:04.565] [4259] [HailoRT] [info] [pipeline.cpp:891] [print_deep_description] NmsPPMuxEl0YOLOX-Post-Process | inputs: MultiPushQEl0YOLOX-Post-Process[0] | outputs: LastAsyncEl0NmsPPMuxEl0YOLOX-Post-Process
[2026-01-02 19:20:04.565] [4259] [HailoRT] [info] [pipeline.cpp:891] [print_deep_description] LastAsyncEl0NmsPPMuxEl0YOLOX-Post-Process | inputs: NmsPPMuxEl0YOLOX-Post-Process[0] | outputs: user
[2026-01-02 19:20:05.792] [4328] [HailoRT] [info] [hef.cpp:1929] [get_network_group_and_network_name] No name was given. Addressing all networks of default network_group: yolov6n
[2026-01-02 19:20:33.327] [4259] [HailoRT] [info] [async_infer_runner.cpp:86] [shutdown] Pipeline was aborted. Shutting it down
[2026-01-02 19:20:33.327] [4259] [HailoRT] [info] [queue_elements.cpp:1131] [execute_deactivate] enqueue() in element MultiPushQEl0YOLOX-Post-Process was aborted, got status = HAILO_SHUTDOWN_EVENT_SIGNALED(57)
[2026-01-02 19:20:33.327] [4259] [HailoRT] [info] [queue_elements.cpp:1131] [execute_deactivate] enqueue() in element MultiPushQEl0YOLOX-Post-Process was aborted, got status = HAILO_SHUTDOWN_EVENT_SIGNALED(57)
[2026-01-02 19:20:33.327] [4259] [HailoRT] [info] [queue_elements.cpp:1131] [execute_deactivate] enqueue() in element MultiPushQEl0YOLOX-Post-Process was aborted, got status = HAILO_SHUTDOWN_EVENT_SIGNALED(57)
[2026-01-02 19:20:33.327] [4259] [HailoRT] [info] [queue_elements.cpp:1131] [execute_deactivate] enqueue() in element MultiPushQEl0YOLOX-Post-Process was aborted, got status = HAILO_SHUTDOWN_EVENT_SIGNALED(57)
[2026-01-02 19:20:33.327] [4259] [HailoRT] [info] [queue_elements.cpp:1131] [execute_deactivate] enqueue() in element MultiPushQEl0YOLOX-Post-Process was aborted, got status = HAILO_SHUTDOWN_EVENT_SIGNALED(57)
[2026-01-02 19:20:33.327] [4259] [HailoRT] [info] [queue_elements.cpp:1131] [execute_deactivate] enqueue() in element MultiPushQEl0YOLOX-Post-Process was aborted, got status = HAILO_SHUTDOWN_EVENT_SIGNALED(57)
[2026-01-02 19:20:33.327] [4259] [HailoRT] [info] [queue_elements.cpp:1131] [execute_deactivate] enqueue() in element MultiPushQEl0YOLOX-Post-Process was aborted, got status = HAILO_SHUTDOWN_EVENT_SIGNALED(57)
[2026-01-02 19:20:33.327] [4259] [HailoRT] [info] [queue_elements.cpp:1131] [execute_deactivate] enqueue() in element MultiPushQEl0YOLOX-Post-Process was aborted, got status = HAILO_SHUTDOWN_EVENT_SIGNALED(57)
[2026-01-02 19:20:33.327] [4259] [HailoRT] [info] [queue_elements.cpp:1131] [execute_deactivate] enqueue() in element MultiPushQEl0YOLOX-Post-Process was aborted, got status = HAILO_SHUTDOWN_EVENT_SIGNALED(57)
[2026-01-02 19:20:33.327] [4259] [HailoRT] [info] [queue_elements.cpp:570] [execute_deactivate] enqueue() in element PushQEl3yolov6n/input_layer1 was aborted, got status = HAILO_SHUTDOWN_EVENT_SIGNALED(57)
[2026-01-02 19:20:33.327] [4259] [HailoRT] [info] [queue_elements.cpp:570] [execute_deactivate] enqueue() in element EntryPushQEl0yolov6n/input_layer1 was aborted, got status = HAILO_SHUTDOWN_EVENT_SIGNALED(57)
[2026-01-02 19:20:33.327] [4259] [HailoRT] [info] [queue_elements.cpp:46] [~BaseQueueElement] Queue element EntryPushQEl0yolov6n/input_layer1 has 0 frames in his Queue on destruction
[2026-01-02 19:20:33.328] [4259] [HailoRT] [info] [queue_elements.cpp:46] [~BaseQueueElement] Queue element PushQEl3yolov6n/input_layer1 has 0 frames in his Queue on destruction
[2026-01-02 19:21:46.461] [4398] [HailoRT] [info] [device.cpp:49] [Device] OS Version: Linux 6.12.47+rpt-rpi-2712 #1 SMP PREEMPT Debian 1:6.12.47-1+rpt1~bookworm (2025-09-16) aarch64
[2026-01-02 19:21:46.462] [4398] [HailoRT] [info] [control.cpp:108] [control__parse_identify_results] firmware_version is: 4.20.0
[2026-01-02 19:21:46.463] [4398] [HailoRT] [info] [control.cpp:108] [control__parse_identify_results] firmware_version is: 4.20.0
[2026-01-02 19:21:46.509] [4406] [HailoRT] [info] [device.cpp:49] [Device] OS Version: Linux 6.12.47+rpt-rpi-2712 #1 SMP PREEMPT Debian 1:6.12.47-1+rpt1~bookworm (2025-09-16) aarch64
[2026-01-02 19:21:46.510] [4406] [HailoRT] [info] [control.cpp:108] [control__parse_identify_results] firmware_version is: 4.20.0
[2026-01-02 19:21:46.511] [4406] [HailoRT] [info] [control.cpp:108] [control__parse_identify_results] firmware_version is: 4.20.0
[2026-01-02 19:21:46.557] [4414] [HailoRT] [info] [device.cpp:49] [Device] OS Version: Linux 6.12.47+rpt-rpi-2712 #1 SMP PREEMPT Debian 1:6.12.47-1+rpt1~bookworm (2025-09-16) aarch64
[2026-01-02 19:21:46.558] [4414] [HailoRT] [info] [control.cpp:108] [control__parse_identify_results] firmware_version is: 4.20.0
[2026-01-02 19:21:46.559] [4414] [HailoRT] [info] [control.cpp:108] [control__parse_identify_results] firmware_version is: 4.20.0
[2026-01-02 19:21:46.641] [4367] [HailoRT] [info] [vdevice.cpp:523] [create] Creating vdevice with params: device_count: 1, scheduling_algorithm: ROUND_ROBIN, multi_process_service: false
[2026-01-02 19:21:46.653] [4367] [HailoRT] [info] [device.cpp:49] [Device] OS Version: Linux 6.12.47+rpt-rpi-2712 #1 SMP PREEMPT Debian 1:6.12.47-1+rpt1~bookworm (2025-09-16) aarch64
[2026-01-02 19:21:46.654] [4367] [HailoRT] [info] [control.cpp:108] [control__parse_identify_results] firmware_version is: 4.20.0
[2026-01-02 19:21:46.654] [4367] [HailoRT] [info] [vdevice.cpp:651] [create] VDevice Infos: 0001:01:00.0
[2026-01-02 19:21:46.675] [4367] [HailoRT] [info] [hef.cpp:1929] [get_network_group_and_network_name] No name was given. Addressing all networks of default network_group: yolov6n
[2026-01-02 19:21:46.675] [4367] [HailoRT] [info] [hef.cpp:1929] [get_network_group_and_network_name] No name was given. Addressing all networks of default network_group: yolov6n
[2026-01-02 19:21:46.694] [4367] [HailoRT] [info] [internal_buffer_manager.cpp:202] [print_execution_results] Default Internal buffer planner failed to meet requirements
[2026-01-02 19:21:46.694] [4367] [HailoRT] [info] [internal_buffer_manager.cpp:212] [print_execution_results] Default Internal buffer planner executed successfully
[2026-01-02 19:21:46.700] [4367] [HailoRT] [info] [device_internal.cpp:57] [configure] Configuring HEF took 13.309202 milliseconds
[2026-01-02 19:21:46.700] [4367] [HailoRT] [info] [vdevice.cpp:749] [configure] Configuring HEF on VDevice took 13.658293 milliseconds
[2026-01-02 19:21:46.700] [4367] [HailoRT] [info] [infer_model.cpp:436] [configure] Configuring network group 'yolov6n' with params: batch size: 2, power mode: PERFORMANCE, latency: NONE
[2026-01-02 19:21:46.700] [4367] [HailoRT] [info] [multi_io_elements.cpp:756] [create] Created (AsyncHwEl)
[2026-01-02 19:21:46.700] [4367] [HailoRT] [info] [queue_elements.cpp:450] [create] Created (EntryPushQEl0yolov6n/input_layer1 | timeout: 10s)
[2026-01-02 19:21:46.700] [4367] [HailoRT] [info] [filter_elements.cpp:101] [create] Created (PreInferEl3yolov6n/input_layer1 | Reorder - src_order: RGB4, src_shape: (640, 640, 3), dst_order: NHCW, dst_shape: (640, 640, 3))
[2026-01-02 19:21:46.700] [4367] [HailoRT] [info] [queue_elements.cpp:450] [create] Created (PushQEl3yolov6n/input_layer1 | timeout: 10s)
[2026-01-02 19:21:46.700] [4367] [HailoRT] [info] [multi_io_elements.cpp:135] [create] Created (NmsPPMuxEl0YOLOX-Post-Process | Op YOLOX, Name: YOLOX-Post-Process, Score threshold: 0.300, IoU threshold: 0.45, Classes: 80, Cross classes: false, NMS results order: BY_CLASS, Max bboxes per class: 100, Image height: 640, Image width: 640)
[2026-01-02 19:21:46.701] [4367] [HailoRT] [info] [queue_elements.cpp:942] [create] Created (MultiPushQEl0YOLOX-Post-Process | timeout: 10s)
[2026-01-02 19:21:46.701] [4367] [HailoRT] [info] [edge_elements.cpp:187] [create] Created (LastAsyncEl0NmsPPMuxEl0YOLOX-Post-Process)
[2026-01-02 19:21:46.701] [4367] [HailoRT] [info] [pipeline.cpp:891] [print_deep_description] EntryPushQEl0yolov6n/input_layer1 | inputs: user | outputs: PreInferEl3yolov6n/input_layer1(running in thread_id: 4444)
[2026-01-02 19:21:46.701] [4367] [HailoRT] [info] [pipeline.cpp:891] [print_deep_description] PreInferEl3yolov6n/input_layer1 | inputs: EntryPushQEl0yolov6n/input_layer1[0] | outputs: PushQEl3yolov6n/input_layer1
[2026-01-02 19:21:46.701] [4367] [HailoRT] [info] [pipeline.cpp:891] [print_deep_description] PushQEl3yolov6n/input_layer1 | inputs: PreInferEl3yolov6n/input_layer1[0] | outputs: AsyncHwEl(running in thread_id: 4445)
[2026-01-02 19:21:46.701] [4367] [HailoRT] [info] [pipeline.cpp:891] [print_deep_description] AsyncHwEl | inputs: PushQEl3yolov6n/input_layer1[0] | outputs: MultiPushQEl0YOLOX-Post-Process MultiPushQEl0YOLOX-Post-Process MultiPushQEl0YOLOX-Post-Process MultiPushQEl0YOLOX-Post-Process MultiPushQEl0YOLOX-Post-Process MultiPushQEl0YOLOX-Post-Process MultiPushQEl0YOLOX-Post-Process MultiPushQEl0YOLOX-Post-Process MultiPushQEl0YOLOX-Post-Process
[2026-01-02 19:21:46.701] [4367] [HailoRT] [info] [pipeline.cpp:891] [print_deep_description] MultiPushQEl0YOLOX-Post-Process | inputs: AsyncHwEl[0] AsyncHwEl[1] AsyncHwEl[2] AsyncHwEl[3] AsyncHwEl[4] AsyncHwEl[5] AsyncHwEl[6] AsyncHwEl[7] AsyncHwEl[8] | outputs: NmsPPMuxEl0YOLOX-Post-Process(running in thread_id: 4446)
[2026-01-02 19:21:46.701] [4367] [HailoRT] [info] [pipeline.cpp:891] [print_deep_description] NmsPPMuxEl0YOLOX-Post-Process | inputs: MultiPushQEl0YOLOX-Post-Process[0] | outputs: LastAsyncEl0NmsPPMuxEl0YOLOX-Post-Process
[2026-01-02 19:21:46.701] [4367] [HailoRT] [info] [pipeline.cpp:891] [print_deep_description] LastAsyncEl0NmsPPMuxEl0YOLOX-Post-Process | inputs: NmsPPMuxEl0YOLOX-Post-Process[0] | outputs: user
[2026-01-02 19:21:47.896] [4436] [HailoRT] [info] [hef.cpp:1929] [get_network_group_and_network_name] No name was given. Addressing all networks of default network_group: yolov6n
[2026-01-02 19:26:38.004] [4694] [HailoRT] [info] [device.cpp:49] [Device] OS Version: Linux 6.12.47+rpt-rpi-2712 #1 SMP PREEMPT Debian 1:6.12.47-1+rpt1~bookworm (2025-09-16) aarch64
[2026-01-02 19:26:38.005] [4694] [HailoRT] [info] [control.cpp:108] [control__parse_identify_results] firmware_version is: 4.20.0
[2026-01-02 19:26:38.006] [4694] [HailoRT] [info] [control.cpp:108] [control__parse_identify_results] firmware_version is: 4.20.0
[2026-01-02 19:26:38.057] [4702] [HailoRT] [info] [device.cpp:49] [Device] OS Version: Linux 6.12.47+rpt-rpi-2712 #1 SMP PREEMPT Debian 1:6.12.47-1+rpt1~bookworm (2025-09-16) aarch64
[2026-01-02 19:26:38.058] [4702] [HailoRT] [info] [control.cpp:108] [control__parse_identify_results] firmware_version is: 4.20.0
[2026-01-02 19:26:38.059] [4702] [HailoRT] [info] [control.cpp:108] [control__parse_identify_results] firmware_version is: 4.20.0
[2026-01-02 19:26:38.101] [4710] [HailoRT] [info] [device.cpp:49] [Device] OS Version: Linux 6.12.47+rpt-rpi-2712 #1 SMP PREEMPT Debian 1:6.12.47-1+rpt1~bookworm (2025-09-16) aarch64
[2026-01-02 19:26:38.103] [4710] [HailoRT] [info] [control.cpp:108] [control__parse_identify_results] firmware_version is: 4.20.0
[2026-01-02 19:26:38.104] [4710] [HailoRT] [info] [control.cpp:108] [control__parse_identify_results] firmware_version is: 4.20.0
[2026-01-02 19:26:38.195] [4663] [HailoRT] [info] [vdevice.cpp:523] [create] Creating vdevice with params: device_count: 1, scheduling_algorithm: ROUND_ROBIN, multi_process_service: false
[2026-01-02 19:26:38.208] [4663] [HailoRT] [info] [device.cpp:49] [Device] OS Version: Linux 6.12.47+rpt-rpi-2712 #1 SMP PREEMPT Debian 1:6.12.47-1+rpt1~bookworm (2025-09-16) aarch64
[2026-01-02 19:26:38.209] [4663] [HailoRT] [info] [control.cpp:108] [control__parse_identify_results] firmware_version is: 4.20.0
[2026-01-02 19:26:38.209] [4663] [HailoRT] [info] [vdevice.cpp:651] [create] VDevice Infos: 0001:01:00.0
[2026-01-02 19:26:38.229] [4663] [HailoRT] [info] [hef.cpp:1929] [get_network_group_and_network_name] No name was given. Addressing all networks of default network_group: yolov6n
[2026-01-02 19:26:38.229] [4663] [HailoRT] [info] [hef.cpp:1929] [get_network_group_and_network_name] No name was given. Addressing all networks of default network_group: yolov6n
[2026-01-02 19:26:38.246] [4663] [HailoRT] [info] [internal_buffer_manager.cpp:202] [print_execution_results] Default Internal buffer planner failed to meet requirements
[2026-01-02 19:26:38.246] [4663] [HailoRT] [info] [internal_buffer_manager.cpp:212] [print_execution_results] Default Internal buffer planner executed successfully
[2026-01-02 19:26:38.252] [4663] [HailoRT] [info] [device_internal.cpp:57] [configure] Configuring HEF took 11.620567 milliseconds
[2026-01-02 19:26:38.252] [4663] [HailoRT] [info] [vdevice.cpp:749] [configure] Configuring HEF on VDevice took 12.002638 milliseconds
[2026-01-02 19:26:38.252] [4663] [HailoRT] [info] [infer_model.cpp:436] [configure] Configuring network group 'yolov6n' with params: batch size: 2, power mode: PERFORMANCE, latency: NONE
[2026-01-02 19:26:38.253] [4663] [HailoRT] [info] [multi_io_elements.cpp:756] [create] Created (AsyncHwEl)
[2026-01-02 19:26:38.253] [4663] [HailoRT] [info] [queue_elements.cpp:450] [create] Created (EntryPushQEl0yolov6n/input_layer1 | timeout: 10s)
[2026-01-02 19:26:38.253] [4663] [HailoRT] [info] [filter_elements.cpp:101] [create] Created (PreInferEl3yolov6n/input_layer1 | Reorder - src_order: RGB4, src_shape: (640, 640, 3), dst_order: NHCW, dst_shape: (640, 640, 3))
[2026-01-02 19:26:38.253] [4663] [HailoRT] [info] [queue_elements.cpp:450] [create] Created (PushQEl3yolov6n/input_layer1 | timeout: 10s)
[2026-01-02 19:26:38.253] [4663] [HailoRT] [info] [multi_io_elements.cpp:135] [create] Created (NmsPPMuxEl0YOLOX-Post-Process | Op YOLOX, Name: YOLOX-Post-Process, Score threshold: 0.300, IoU threshold: 0.45, Classes: 80, Cross classes: false, NMS results order: BY_CLASS, Max bboxes per class: 100, Image height: 640, Image width: 640)
[2026-01-02 19:26:38.253] [4663] [HailoRT] [info] [queue_elements.cpp:942] [create] Created (MultiPushQEl0YOLOX-Post-Process | timeout: 10s)
[2026-01-02 19:26:38.253] [4663] [HailoRT] [info] [edge_elements.cpp:187] [create] Created (LastAsyncEl0NmsPPMuxEl0YOLOX-Post-Process)
[2026-01-02 19:26:38.253] [4663] [HailoRT] [info] [pipeline.cpp:891] [print_deep_description] EntryPushQEl0yolov6n/input_layer1 | inputs: user | outputs: PreInferEl3yolov6n/input_layer1(running in thread_id: 4740)
[2026-01-02 19:26:38.253] [4663] [HailoRT] [info] [pipeline.cpp:891] [print_deep_description] PreInferEl3yolov6n/input_layer1 | inputs: EntryPushQEl0yolov6n/input_layer1[0] | outputs: PushQEl3yolov6n/input_layer1
[2026-01-02 19:26:38.253] [4663] [HailoRT] [info] [pipeline.cpp:891] [print_deep_description] PushQEl3yolov6n/input_layer1 | inputs: PreInferEl3yolov6n/input_layer1[0] | outputs: AsyncHwEl(running in thread_id: 4741)
[2026-01-02 19:26:38.253] [4663] [HailoRT] [info] [pipeline.cpp:891] [print_deep_description] AsyncHwEl | inputs: PushQEl3yolov6n/input_layer1[0] | outputs: MultiPushQEl0YOLOX-Post-Process MultiPushQEl0YOLOX-Post-Process MultiPushQEl0YOLOX-Post-Process MultiPushQEl0YOLOX-Post-Process MultiPushQEl0YOLOX-Post-Process MultiPushQEl0YOLOX-Post-Process MultiPushQEl0YOLOX-Post-Process MultiPushQEl0YOLOX-Post-Process MultiPushQEl0YOLOX-Post-Process
[2026-01-02 19:26:38.254] [4663] [HailoRT] [info] [pipeline.cpp:891] [print_deep_description] MultiPushQEl0YOLOX-Post-Process | inputs: AsyncHwEl[0] AsyncHwEl[1] AsyncHwEl[2] AsyncHwEl[3] AsyncHwEl[4] AsyncHwEl[5] AsyncHwEl[6] AsyncHwEl[7] AsyncHwEl[8] | outputs: NmsPPMuxEl0YOLOX-Post-Process(running in thread_id: 4742)
[2026-01-02 19:26:38.254] [4663] [HailoRT] [info] [pipeline.cpp:891] [print_deep_description] NmsPPMuxEl0YOLOX-Post-Process | inputs: MultiPushQEl0YOLOX-Post-Process[0] | outputs: LastAsyncEl0NmsPPMuxEl0YOLOX-Post-Process
[2026-01-02 19:26:38.254] [4663] [HailoRT] [info] [pipeline.cpp:891] [print_deep_description] LastAsyncEl0NmsPPMuxEl0YOLOX-Post-Process | inputs: NmsPPMuxEl0YOLOX-Post-Process[0] | outputs: user
[2026-01-02 19:26:39.433] [4732] [HailoRT] [info] [hef.cpp:1929] [get_network_group_and_network_name] No name was given. Addressing all networks of default network_group: yolov6n
[2026-01-02 19:54:27.045] [4975] [HailoRT] [info] [device.cpp:49] [Device] OS Version: Linux 6.12.47+rpt-rpi-2712 #1 SMP PREEMPT Debian 1:6.12.47-1+rpt1~bookworm (2025-09-16) aarch64
[2026-01-02 19:54:27.047] [4975] [HailoRT] [info] [control.cpp:108] [control__parse_identify_results] firmware_version is: 4.20.0
[2026-01-02 19:54:27.047] [4975] [HailoRT] [info] [control.cpp:108] [control__parse_identify_results] firmware_version is: 4.20.0
[2026-01-02 19:54:27.089] [4983] [HailoRT] [info] [device.cpp:49] [Device] OS Version: Linux 6.12.47+rpt-rpi-2712 #1 SMP PREEMPT Debian 1:6.12.47-1+rpt1~bookworm (2025-09-16) aarch64
[2026-01-02 19:54:27.091] [4983] [HailoRT] [info] [control.cpp:108] [control__parse_identify_results] firmware_version is: 4.20.0
[2026-01-02 19:54:27.091] [4983] [HailoRT] [info] [control.cpp:108] [control__parse_identify_results] firmware_version is: 4.20.0
[2026-01-02 19:54:27.137] [4991] [HailoRT] [info] [device.cpp:49] [Device] OS Version: Linux 6.12.47+rpt-rpi-2712 #1 SMP PREEMPT Debian 1:6.12.47-1+rpt1~bookworm (2025-09-16) aarch64
[2026-01-02 19:54:27.139] [4991] [HailoRT] [info] [control.cpp:108] [control__parse_identify_results] firmware_version is: 4.20.0
[2026-01-02 19:54:27.139] [4991] [HailoRT] [info] [control.cpp:108] [control__parse_identify_results] firmware_version is: 4.20.0
[2026-01-02 19:54:27.225] [4944] [HailoRT] [info] [vdevice.cpp:523] [create] Creating vdevice with params: device_count: 1, scheduling_algorithm: ROUND_ROBIN, multi_process_service: false
[2026-01-02 19:54:27.237] [4944] [HailoRT] [info] [device.cpp:49] [Device] OS Version: Linux 6.12.47+rpt-rpi-2712 #1 SMP PREEMPT Debian 1:6.12.47-1+rpt1~bookworm (2025-09-16) aarch64
[2026-01-02 19:54:27.238] [4944] [HailoRT] [info] [control.cpp:108] [control__parse_identify_results] firmware_version is: 4.20.0
[2026-01-02 19:54:27.238] [4944] [HailoRT] [info] [vdevice.cpp:651] [create] VDevice Infos: 0001:01:00.0
[2026-01-02 19:54:27.259] [4944] [HailoRT] [info] [hef.cpp:1929] [get_network_group_and_network_name] No name was given. Addressing all networks of default network_group: yolov6n
[2026-01-02 19:54:27.259] [4944] [HailoRT] [info] [hef.cpp:1929] [get_network_group_and_network_name] No name was given. Addressing all networks of default network_group: yolov6n
[2026-01-02 19:54:27.277] [4944] [HailoRT] [info] [internal_buffer_manager.cpp:202] [print_execution_results] Default Internal buffer planner failed to meet requirements
[2026-01-02 19:54:27.277] [4944] [HailoRT] [info] [internal_buffer_manager.cpp:212] [print_execution_results] Default Internal buffer planner executed successfully
[2026-01-02 19:54:27.283] [4944] [HailoRT] [info] [device_internal.cpp:57] [configure] Configuring HEF took 13.252888 milliseconds
[2026-01-02 19:54:27.283] [4944] [HailoRT] [info] [vdevice.cpp:749] [configure] Configuring HEF on VDevice took 13.601367 milliseconds
[2026-01-02 19:54:27.283] [4944] [HailoRT] [info] [infer_model.cpp:436] [configure] Configuring network group 'yolov6n' with params: batch size: 2, power mode: PERFORMANCE, latency: NONE
[2026-01-02 19:54:27.283] [4944] [HailoRT] [info] [multi_io_elements.cpp:756] [create] Created (AsyncHwEl)
[2026-01-02 19:54:27.283] [4944] [HailoRT] [info] [queue_elements.cpp:450] [create] Created (EntryPushQEl0yolov6n/input_layer1 | timeout: 10s)
[2026-01-02 19:54:27.283] [4944] [HailoRT] [info] [filter_elements.cpp:101] [create] Created (PreInferEl3yolov6n/input_layer1 | Reorder - src_order: RGB4, src_shape: (640, 640, 3), dst_order: NHCW, dst_shape: (640, 640, 3))
[2026-01-02 19:54:27.283] [4944] [HailoRT] [info] [queue_elements.cpp:450] [create] Created (PushQEl3yolov6n/input_layer1 | timeout: 10s)
[2026-01-02 19:54:27.283] [4944] [HailoRT] [info] [multi_io_elements.cpp:135] [create] Created (NmsPPMuxEl0YOLOX-Post-Process | Op YOLOX, Name: YOLOX-Post-Process, Score threshold: 0.300, IoU threshold: 0.45, Classes: 80, Cross classes: false, NMS results order: BY_CLASS, Max bboxes per class: 100, Image height: 640, Image width: 640)
[2026-01-02 19:54:27.284] [4944] [HailoRT] [info] [queue_elements.cpp:942] [create] Created (MultiPushQEl0YOLOX-Post-Process | timeout: 10s)
[2026-01-02 19:54:27.284] [4944] [HailoRT] [info] [edge_elements.cpp:187] [create] Created (LastAsyncEl0NmsPPMuxEl0YOLOX-Post-Process)
[2026-01-02 19:54:27.284] [4944] [HailoRT] [info] [pipeline.cpp:891] [print_deep_description] EntryPushQEl0yolov6n/input_layer1 | inputs: user | outputs: PreInferEl3yolov6n/input_layer1(running in thread_id: 5021)
[2026-01-02 19:54:27.284] [4944] [HailoRT] [info] [pipeline.cpp:891] [print_deep_description] PreInferEl3yolov6n/input_layer1 | inputs: EntryPushQEl0yolov6n/input_layer1[0] | outputs: PushQEl3yolov6n/input_layer1
[2026-01-02 19:54:27.284] [4944] [HailoRT] [info] [pipeline.cpp:891] [print_deep_description] PushQEl3yolov6n/input_layer1 | inputs: PreInferEl3yolov6n/input_layer1[0] | outputs: AsyncHwEl(running in thread_id: 5022)
[2026-01-02 19:54:27.284] [4944] [HailoRT] [info] [pipeline.cpp:891] [print_deep_description] AsyncHwEl | inputs: PushQEl3yolov6n/input_layer1[0] | outputs: MultiPushQEl0YOLOX-Post-Process MultiPushQEl0YOLOX-Post-Process MultiPushQEl0YOLOX-Post-Process MultiPushQEl0YOLOX-Post-Process MultiPushQEl0YOLOX-Post-Process MultiPushQEl0YOLOX-Post-Process MultiPushQEl0YOLOX-Post-Process MultiPushQEl0YOLOX-Post-Process MultiPushQEl0YOLOX-Post-Process
[2026-01-02 19:54:27.284] [4944] [HailoRT] [info] [pipeline.cpp:891] [print_deep_description] MultiPushQEl0YOLOX-Post-Process | inputs: AsyncHwEl[0] AsyncHwEl[1] AsyncHwEl[2] AsyncHwEl[3] AsyncHwEl[4] AsyncHwEl[5] AsyncHwEl[6] AsyncHwEl[7] AsyncHwEl[8] | outputs: NmsPPMuxEl0YOLOX-Post-Process(running in thread_id: 5023)
[2026-01-02 19:54:27.284] [4944] [HailoRT] [info] [pipeline.cpp:891] [print_deep_description] NmsPPMuxEl0YOLOX-Post-Process | inputs: MultiPushQEl0YOLOX-Post-Process[0] | outputs: LastAsyncEl0NmsPPMuxEl0YOLOX-Post-Process
[2026-01-02 19:54:27.284] [4944] [HailoRT] [info] [pipeline.cpp:891] [print_deep_description] LastAsyncEl0NmsPPMuxEl0YOLOX-Post-Process | inputs: NmsPPMuxEl0YOLOX-Post-Process[0] | outputs: user
[2026-01-02 19:54:28.502] [5013] [HailoRT] [info] [hef.cpp:1929] [get_network_group_and_network_name] No name was given. Addressing all networks of default network_group: yolov6n
[2026-01-02 19:56:03.819] [4944] [HailoRT] [info] [async_infer_runner.cpp:86] [shutdown] Pipeline was aborted. Shutting it down
[2026-01-02 19:56:03.819] [4944] [HailoRT] [info] [queue_elements.cpp:1131] [execute_deactivate] enqueue() in element MultiPushQEl0YOLOX-Post-Process was aborted, got status = HAILO_SHUTDOWN_EVENT_SIGNALED(57)
[2026-01-02 19:56:03.819] [4944] [HailoRT] [info] [queue_elements.cpp:1131] [execute_deactivate] enqueue() in element MultiPushQEl0YOLOX-Post-Process was aborted, got status = HAILO_SHUTDOWN_EVENT_SIGNALED(57)
[2026-01-02 19:56:03.819] [4944] [HailoRT] [info] [queue_elements.cpp:1131] [execute_deactivate] enqueue() in element MultiPushQEl0YOLOX-Post-Process was aborted, got status = HAILO_SHUTDOWN_EVENT_SIGNALED(57)
[2026-01-02 19:56:03.819] [4944] [HailoRT] [info] [queue_elements.cpp:1131] [execute_deactivate] enqueue() in element MultiPushQEl0YOLOX-Post-Process was aborted, got status = HAILO_SHUTDOWN_EVENT_SIGNALED(57)
[2026-01-02 19:56:03.819] [4944] [HailoRT] [info] [queue_elements.cpp:1131] [execute_deactivate] enqueue() in element MultiPushQEl0YOLOX-Post-Process was aborted, got status = HAILO_SHUTDOWN_EVENT_SIGNALED(57)
[2026-01-02 19:56:03.819] [4944] [HailoRT] [info] [queue_elements.cpp:1131] [execute_deactivate] enqueue() in element MultiPushQEl0YOLOX-Post-Process was aborted, got status = HAILO_SHUTDOWN_EVENT_SIGNALED(57)
[2026-01-02 19:56:03.819] [4944] [HailoRT] [info] [queue_elements.cpp:1131] [execute_deactivate] enqueue() in element MultiPushQEl0YOLOX-Post-Process was aborted, got status = HAILO_SHUTDOWN_EVENT_SIGNALED(57)
[2026-01-02 19:56:03.819] [4944] [HailoRT] [info] [queue_elements.cpp:1131] [execute_deactivate] enqueue() in element MultiPushQEl0YOLOX-Post-Process was aborted, got status = HAILO_SHUTDOWN_EVENT_SIGNALED(57)
[2026-01-02 19:56:03.819] [4944] [HailoRT] [info] [queue_elements.cpp:1131] [execute_deactivate] enqueue() in element MultiPushQEl0YOLOX-Post-Process was aborted, got status = HAILO_SHUTDOWN_EVENT_SIGNALED(57)
[2026-01-02 19:56:03.819] [4944] [HailoRT] [info] [queue_elements.cpp:570] [execute_deactivate] enqueue() in element PushQEl3yolov6n/input_layer1 was aborted, got status = HAILO_SHUTDOWN_EVENT_SIGNALED(57)
[2026-01-02 19:56:03.819] [4944] [HailoRT] [info] [queue_elements.cpp:570] [execute_deactivate] enqueue() in element EntryPushQEl0yolov6n/input_layer1 was aborted, got status = HAILO_SHUTDOWN_EVENT_SIGNALED(57)
[2026-01-02 19:56:03.819] [4944] [HailoRT] [info] [queue_elements.cpp:46] [~BaseQueueElement] Queue element EntryPushQEl0yolov6n/input_layer1 has 0 frames in his Queue on destruction
[2026-01-02 19:56:03.819] [4944] [HailoRT] [info] [queue_elements.cpp:46] [~BaseQueueElement] Queue element PushQEl3yolov6n/input_layer1 has 0 frames in his Queue on destruction
[2026-01-02 20:05:07.141] [5086] [HailoRT] [info] [device.cpp:49] [Device] OS Version: Linux 6.12.47+rpt-rpi-2712 #1 SMP PREEMPT Debian 1:6.12.47-1+rpt1~bookworm (2025-09-16) aarch64
[2026-01-02 20:05:07.142] [5086] [HailoRT] [info] [control.cpp:108] [control__parse_identify_results] firmware_version is: 4.20.0
[2026-01-02 20:05:07.143] [5086] [HailoRT] [info] [control.cpp:108] [control__parse_identify_results] firmware_version is: 4.20.0
[2026-01-02 20:05:07.185] [5094] [HailoRT] [info] [device.cpp:49] [Device] OS Version: Linux 6.12.47+rpt-rpi-2712 #1 SMP PREEMPT Debian 1:6.12.47-1+rpt1~bookworm (2025-09-16) aarch64
[2026-01-02 20:05:07.186] [5094] [HailoRT] [info] [control.cpp:108] [control__parse_identify_results] firmware_version is: 4.20.0
[2026-01-02 20:05:07.188] [5094] [HailoRT] [info] [control.cpp:108] [control__parse_identify_results] firmware_version is: 4.20.0
[2026-01-02 20:05:07.243] [5102] [HailoRT] [info] [device.cpp:49] [Device] OS Version: Linux 6.12.47+rpt-rpi-2712 #1 SMP PREEMPT Debian 1:6.12.47-1+rpt1~bookworm (2025-09-16) aarch64
[2026-01-02 20:05:07.244] [5102] [HailoRT] [info] [control.cpp:108] [control__parse_identify_results] firmware_version is: 4.20.0
[2026-01-02 20:05:07.246] [5102] [HailoRT] [info] [control.cpp:108] [control__parse_identify_results] firmware_version is: 4.20.0
[2026-01-02 20:05:07.345] [5055] [HailoRT] [info] [vdevice.cpp:523] [create] Creating vdevice with params: device_count: 1, scheduling_algorithm: ROUND_ROBIN, multi_process_service: false
[2026-01-02 20:05:07.357] [5055] [HailoRT] [info] [device.cpp:49] [Device] OS Version: Linux 6.12.47+rpt-rpi-2712 #1 SMP PREEMPT Debian 1:6.12.47-1+rpt1~bookworm (2025-09-16) aarch64
[2026-01-02 20:05:07.358] [5055] [HailoRT] [info] [control.cpp:108] [control__parse_identify_results] firmware_version is: 4.20.0
[2026-01-02 20:05:07.358] [5055] [HailoRT] [info] [vdevice.cpp:651] [create] VDevice Infos: 0001:01:00.0
[2026-01-02 20:05:07.379] [5055] [HailoRT] [info] [hef.cpp:1929] [get_network_group_and_network_name] No name was given. Addressing all networks of default network_group: yolov6n
[2026-01-02 20:05:07.379] [5055] [HailoRT] [info] [hef.cpp:1929] [get_network_group_and_network_name] No name was given. Addressing all networks of default network_group: yolov6n
[2026-01-02 20:05:07.396] [5055] [HailoRT] [info] [internal_buffer_manager.cpp:202] [print_execution_results] Default Internal buffer planner failed to meet requirements
[2026-01-02 20:05:07.396] [5055] [HailoRT] [info] [internal_buffer_manager.cpp:212] [print_execution_results] Default Internal buffer planner executed successfully
[2026-01-02 20:05:07.402] [5055] [HailoRT] [info] [device_internal.cpp:57] [configure] Configuring HEF took 13.081889 milliseconds
[2026-01-02 20:05:07.402] [5055] [HailoRT] [info] [vdevice.cpp:749] [configure] Configuring HEF on VDevice took 13.425665 milliseconds
[2026-01-02 20:05:07.402] [5055] [HailoRT] [info] [infer_model.cpp:436] [configure] Configuring network group 'yolov6n' with params: batch size: 2, power mode: PERFORMANCE, latency: NONE
[2026-01-02 20:05:07.403] [5055] [HailoRT] [info] [multi_io_elements.cpp:756] [create] Created (AsyncHwEl)
[2026-01-02 20:05:07.403] [5055] [HailoRT] [info] [queue_elements.cpp:450] [create] Created (EntryPushQEl0yolov6n/input_layer1 | timeout: 10s)
[2026-01-02 20:05:07.403] [5055] [HailoRT] [info] [filter_elements.cpp:101] [create] Created (PreInferEl3yolov6n/input_layer1 | Reorder - src_order: RGB4, src_shape: (640, 640, 3), dst_order: NHCW, dst_shape: (640, 640, 3))
[2026-01-02 20:05:07.403] [5055] [HailoRT] [info] [queue_elements.cpp:450] [create] Created (PushQEl3yolov6n/input_layer1 | timeout: 10s)
[2026-01-02 20:05:07.403] [5055] [HailoRT] [info] [multi_io_elements.cpp:135] [create] Created (NmsPPMuxEl0YOLOX-Post-Process | Op YOLOX, Name: YOLOX-Post-Process, Score threshold: 0.300, IoU threshold: 0.45, Classes: 80, Cross classes: false, NMS results order: BY_CLASS, Max bboxes per class: 100, Image height: 640, Image width: 640)
[2026-01-02 20:05:07.403] [5055] [HailoRT] [info] [queue_elements.cpp:942] [create] Created (MultiPushQEl0YOLOX-Post-Process | timeout: 10s)
[2026-01-02 20:05:07.403] [5055] [HailoRT] [info] [edge_elements.cpp:187] [create] Created (LastAsyncEl0NmsPPMuxEl0YOLOX-Post-Process)
[2026-01-02 20:05:07.403] [5055] [HailoRT] [info] [pipeline.cpp:891] [print_deep_description] EntryPushQEl0yolov6n/input_layer1 | inputs: user | outputs: PreInferEl3yolov6n/input_layer1(running in thread_id: 5132)
[2026-01-02 20:05:07.403] [5055] [HailoRT] [info] [pipeline.cpp:891] [print_deep_description] PreInferEl3yolov6n/input_layer1 | inputs: EntryPushQEl0yolov6n/input_layer1[0] | outputs: PushQEl3yolov6n/input_layer1
[2026-01-02 20:05:07.403] [5055] [HailoRT] [info] [pipeline.cpp:891] [print_deep_description] PushQEl3yolov6n/input_layer1 | inputs: PreInferEl3yolov6n/input_layer1[0] | outputs: AsyncHwEl(running in thread_id: 5133)
[2026-01-02 20:05:07.403] [5055] [HailoRT] [info] [pipeline.cpp:891] [print_deep_description] AsyncHwEl | inputs: PushQEl3yolov6n/input_layer1[0] | outputs: MultiPushQEl0YOLOX-Post-Process MultiPushQEl0YOLOX-Post-Process MultiPushQEl0YOLOX-Post-Process MultiPushQEl0YOLOX-Post-Process MultiPushQEl0YOLOX-Post-Process MultiPushQEl0YOLOX-Post-Process MultiPushQEl0YOLOX-Post-Process MultiPushQEl0YOLOX-Post-Process MultiPushQEl0YOLOX-Post-Process
[2026-01-02 20:05:07.403] [5055] [HailoRT] [info] [pipeline.cpp:891] [print_deep_description] MultiPushQEl0YOLOX-Post-Process | inputs: AsyncHwEl[0] AsyncHwEl[1] AsyncHwEl[2] AsyncHwEl[3] AsyncHwEl[4] AsyncHwEl[5] AsyncHwEl[6] AsyncHwEl[7] AsyncHwEl[8] | outputs: NmsPPMuxEl0YOLOX-Post-Process(running in thread_id: 5134)
[2026-01-02 20:05:07.403] [5055] [HailoRT] [info] [pipeline.cpp:891] [print_deep_description] NmsPPMuxEl0YOLOX-Post-Process | inputs: MultiPushQEl0YOLOX-Post-Process[0] | outputs: LastAsyncEl0NmsPPMuxEl0YOLOX-Post-Process
[2026-01-02 20:05:07.403] [5055] [HailoRT] [info] [pipeline.cpp:891] [print_deep_description] LastAsyncEl0NmsPPMuxEl0YOLOX-Post-Process | inputs: NmsPPMuxEl0YOLOX-Post-Process[0] | outputs: user
[2026-01-02 20:05:08.617] [5124] [HailoRT] [info] [hef.cpp:1929] [get_network_group_and_network_name] No name was given. Addressing all networks of default network_group: yolov6n
[2026-01-02 20:05:46.477] [5173] [HailoRT] [info] [device.cpp:49] [Device] OS Version: Linux 6.12.47+rpt-rpi-2712 #1 SMP PREEMPT Debian 1:6.12.47-1+rpt1~bookworm (2025-09-16) aarch64
[2026-01-02 20:05:46.478] [5173] [HailoRT] [info] [control.cpp:108] [control__parse_identify_results] firmware_version is: 4.20.0
[2026-01-02 20:05:46.479] [5173] [HailoRT] [info] [control.cpp:108] [control__parse_identify_results] firmware_version is: 4.20.0
[2026-01-02 20:05:46.533] [5181] [HailoRT] [info] [device.cpp:49] [Device] OS Version: Linux 6.12.47+rpt-rpi-2712 #1 SMP PREEMPT Debian 1:6.12.47-1+rpt1~bookworm (2025-09-16) aarch64
[2026-01-02 20:05:46.535] [5181] [HailoRT] [info] [control.cpp:108] [control__parse_identify_results] firmware_version is: 4.20.0
[2026-01-02 20:05:46.536] [5181] [HailoRT] [info] [control.cpp:108] [control__parse_identify_results] firmware_version is: 4.20.0
[2026-01-02 20:05:46.577] [5189] [HailoRT] [info] [device.cpp:49] [Device] OS Version: Linux 6.12.47+rpt-rpi-2712 #1 SMP PREEMPT Debian 1:6.12.47-1+rpt1~bookworm (2025-09-16) aarch64
[2026-01-02 20:05:46.579] [5189] [HailoRT] [info] [control.cpp:108] [control__parse_identify_results] firmware_version is: 4.20.0
[2026-01-02 20:05:46.580] [5189] [HailoRT] [info] [control.cpp:108] [control__parse_identify_results] firmware_version is: 4.20.0
[2026-01-02 20:05:46.665] [5142] [HailoRT] [info] [vdevice.cpp:523] [create] Creating vdevice with params: device_count: 1, scheduling_algorithm: ROUND_ROBIN, multi_process_service: false
[2026-01-02 20:05:46.677] [5142] [HailoRT] [info] [device.cpp:49] [Device] OS Version: Linux 6.12.47+rpt-rpi-2712 #1 SMP PREEMPT Debian 1:6.12.47-1+rpt1~bookworm (2025-09-16) aarch64
[2026-01-02 20:05:46.678] [5142] [HailoRT] [info] [control.cpp:108] [control__parse_identify_results] firmware_version is: 4.20.0
[2026-01-02 20:05:46.678] [5142] [HailoRT] [info] [vdevice.cpp:651] [create] VDevice Infos: 0001:01:00.0
[2026-01-02 20:05:46.699] [5142] [HailoRT] [info] [hef.cpp:1929] [get_network_group_and_network_name] No name was given. Addressing all networks of default network_group: yolov6n
[2026-01-02 20:05:46.699] [5142] [HailoRT] [info] [hef.cpp:1929] [get_network_group_and_network_name] No name was given. Addressing all networks of default network_group: yolov6n
[2026-01-02 20:05:46.717] [5142] [HailoRT] [info] [internal_buffer_manager.cpp:202] [print_execution_results] Default Internal buffer planner failed to meet requirements
[2026-01-02 20:05:46.717] [5142] [HailoRT] [info] [internal_buffer_manager.cpp:212] [print_execution_results] Default Internal buffer planner executed successfully
[2026-01-02 20:05:46.724] [5142] [HailoRT] [info] [device_internal.cpp:57] [configure] Configuring HEF took 12.961243 milliseconds
[2026-01-02 20:05:46.724] [5142] [HailoRT] [info] [vdevice.cpp:749] [configure] Configuring HEF on VDevice took 13.309462 milliseconds
[2026-01-02 20:05:46.724] [5142] [HailoRT] [info] [infer_model.cpp:436] [configure] Configuring network group 'yolov6n' with params: batch size: 2, power mode: PERFORMANCE, latency: NONE
[2026-01-02 20:05:46.724] [5142] [HailoRT] [info] [multi_io_elements.cpp:756] [create] Created (AsyncHwEl)
[2026-01-02 20:05:46.724] [5142] [HailoRT] [info] [queue_elements.cpp:450] [create] Created (EntryPushQEl0yolov6n/input_layer1 | timeout: 10s)
[2026-01-02 20:05:46.724] [5142] [HailoRT] [info] [filter_elements.cpp:101] [create] Created (PreInferEl3yolov6n/input_layer1 | Reorder - src_order: RGB4, src_shape: (640, 640, 3), dst_order: NHCW, dst_shape: (640, 640, 3))
[2026-01-02 20:05:46.724] [5142] [HailoRT] [info] [queue_elements.cpp:450] [create] Created (PushQEl3yolov6n/input_layer1 | timeout: 10s)
[2026-01-02 20:05:46.724] [5142] [HailoRT] [info] [multi_io_elements.cpp:135] [create] Created (NmsPPMuxEl0YOLOX-Post-Process | Op YOLOX, Name: YOLOX-Post-Process, Score threshold: 0.300, IoU threshold: 0.45, Classes: 80, Cross classes: false, NMS results order: BY_CLASS, Max bboxes per class: 100, Image height: 640, Image width: 640)
[2026-01-02 20:05:46.725] [5142] [HailoRT] [info] [queue_elements.cpp:942] [create] Created (MultiPushQEl0YOLOX-Post-Process | timeout: 10s)
[2026-01-02 20:05:46.725] [5142] [HailoRT] [info] [edge_elements.cpp:187] [create] Created (LastAsyncEl0NmsPPMuxEl0YOLOX-Post-Process)
[2026-01-02 20:05:46.725] [5142] [HailoRT] [info] [pipeline.cpp:891] [print_deep_description] EntryPushQEl0yolov6n/input_layer1 | inputs: user | outputs: PreInferEl3yolov6n/input_layer1(running in thread_id: 5219)
[2026-01-02 20:05:46.725] [5142] [HailoRT] [info] [pipeline.cpp:891] [print_deep_description] PreInferEl3yolov6n/input_layer1 | inputs: EntryPushQEl0yolov6n/input_layer1[0] | outputs: PushQEl3yolov6n/input_layer1
[2026-01-02 20:05:46.725] [5142] [HailoRT] [info] [pipeline.cpp:891] [print_deep_description] PushQEl3yolov6n/input_layer1 | inputs: PreInferEl3yolov6n/input_layer1[0] | outputs: AsyncHwEl(running in thread_id: 5220)
[2026-01-02 20:05:46.725] [5142] [HailoRT] [info] [pipeline.cpp:891] [print_deep_description] AsyncHwEl | inputs: PushQEl3yolov6n/input_layer1[0] | outputs: MultiPushQEl0YOLOX-Post-Process MultiPushQEl0YOLOX-Post-Process MultiPushQEl0YOLOX-Post-Process MultiPushQEl0YOLOX-Post-Process MultiPushQEl0YOLOX-Post-Process MultiPushQEl0YOLOX-Post-Process MultiPushQEl0YOLOX-Post-Process MultiPushQEl0YOLOX-Post-Process MultiPushQEl0YOLOX-Post-Process
[2026-01-02 20:05:46.725] [5142] [HailoRT] [info] [pipeline.cpp:891] [print_deep_description] MultiPushQEl0YOLOX-Post-Process | inputs: AsyncHwEl[0] AsyncHwEl[1] AsyncHwEl[2] AsyncHwEl[3] AsyncHwEl[4] AsyncHwEl[5] AsyncHwEl[6] AsyncHwEl[7] AsyncHwEl[8] | outputs: NmsPPMuxEl0YOLOX-Post-Process(running in thread_id: 5221)
[2026-01-02 20:05:46.725] [5142] [HailoRT] [info] [pipeline.cpp:891] [print_deep_description] NmsPPMuxEl0YOLOX-Post-Process | inputs: MultiPushQEl0YOLOX-Post-Process[0] | outputs: LastAsyncEl0NmsPPMuxEl0YOLOX-Post-Process
[2026-01-02 20:05:46.725] [5142] [HailoRT] [info] [pipeline.cpp:891] [print_deep_description] LastAsyncEl0NmsPPMuxEl0YOLOX-Post-Process | inputs: NmsPPMuxEl0YOLOX-Post-Process[0] | outputs: user
[2026-01-02 20:05:47.955] [5211] [HailoRT] [info] [hef.cpp:1929] [get_network_group_and_network_name] No name was given. Addressing all networks of default network_group: yolov6n
[2026-01-02 20:06:06.715] [5262] [HailoRT] [info] [device.cpp:49] [Device] OS Version: Linux 6.12.47+rpt-rpi-2712 #1 SMP PREEMPT Debian 1:6.12.47-1+rpt1~bookworm (2025-09-16) aarch64
[2026-01-02 20:06:06.716] [5262] [HailoRT] [info] [control.cpp:108] [control__parse_identify_results] firmware_version is: 4.20.0
[2026-01-02 20:06:06.717] [5262] [HailoRT] [info] [control.cpp:108] [control__parse_identify_results] firmware_version is: 4.20.0
[2026-01-02 20:06:06.773] [5270] [HailoRT] [info] [device.cpp:49] [Device] OS Version: Linux 6.12.47+rpt-rpi-2712 #1 SMP PREEMPT Debian 1:6.12.47-1+rpt1~bookworm (2025-09-16) aarch64
[2026-01-02 20:06:06.774] [5270] [HailoRT] [info] [control.cpp:108] [control__parse_identify_results] firmware_version is: 4.20.0
[2026-01-02 20:06:06.775] [5270] [HailoRT] [info] [control.cpp:108] [control__parse_identify_results] firmware_version is: 4.20.0
[2026-01-02 20:06:06.817] [5278] [HailoRT] [info] [device.cpp:49] [Device] OS Version: Linux 6.12.47+rpt-rpi-2712 #1 SMP PREEMPT Debian 1:6.12.47-1+rpt1~bookworm (2025-09-16) aarch64
[2026-01-02 20:06:06.819] [5278] [HailoRT] [info] [control.cpp:108] [control__parse_identify_results] firmware_version is: 4.20.0
[2026-01-02 20:06:06.819] [5278] [HailoRT] [info] [control.cpp:108] [control__parse_identify_results] firmware_version is: 4.20.0
[2026-01-02 20:06:06.901] [5231] [HailoRT] [info] [vdevice.cpp:523] [create] Creating vdevice with params: device_count: 1, scheduling_algorithm: ROUND_ROBIN, multi_process_service: false
[2026-01-02 20:06:06.913] [5231] [HailoRT] [info] [device.cpp:49] [Device] OS Version: Linux 6.12.47+rpt-rpi-2712 #1 SMP PREEMPT Debian 1:6.12.47-1+rpt1~bookworm (2025-09-16) aarch64
[2026-01-02 20:06:06.915] [5231] [HailoRT] [info] [control.cpp:108] [control__parse_identify_results] firmware_version is: 4.20.0
[2026-01-02 20:06:06.915] [5231] [HailoRT] [info] [vdevice.cpp:651] [create] VDevice Infos: 0001:01:00.0
[2026-01-02 20:06:06.935] [5231] [HailoRT] [info] [hef.cpp:1929] [get_network_group_and_network_name] No name was given. Addressing all networks of default network_group: yolov6n
[2026-01-02 20:06:06.935] [5231] [HailoRT] [info] [hef.cpp:1929] [get_network_group_and_network_name] No name was given. Addressing all networks of default network_group: yolov6n
[2026-01-02 20:06:06.953] [5231] [HailoRT] [info] [internal_buffer_manager.cpp:202] [print_execution_results] Default Internal buffer planner failed to meet requirements
[2026-01-02 20:06:06.953] [5231] [HailoRT] [info] [internal_buffer_manager.cpp:212] [print_execution_results] Default Internal buffer planner executed successfully
[2026-01-02 20:06:06.959] [5231] [HailoRT] [info] [device_internal.cpp:57] [configure] Configuring HEF took 13.178259 milliseconds
[2026-01-02 20:06:06.959] [5231] [HailoRT] [info] [vdevice.cpp:749] [configure] Configuring HEF on VDevice took 13.531812 milliseconds
[2026-01-02 20:06:06.959] [5231] [HailoRT] [info] [infer_model.cpp:436] [configure] Configuring network group 'yolov6n' with params: batch size: 2, power mode: PERFORMANCE, latency: NONE
[2026-01-02 20:06:06.959] [5231] [HailoRT] [info] [multi_io_elements.cpp:756] [create] Created (AsyncHwEl)
[2026-01-02 20:06:06.959] [5231] [HailoRT] [info] [queue_elements.cpp:450] [create] Created (EntryPushQEl0yolov6n/input_layer1 | timeout: 10s)
[2026-01-02 20:06:06.959] [5231] [HailoRT] [info] [filter_elements.cpp:101] [create] Created (PreInferEl3yolov6n/input_layer1 | Reorder - src_order: RGB4, src_shape: (640, 640, 3), dst_order: NHCW, dst_shape: (640, 640, 3))
[2026-01-02 20:06:06.960] [5231] [HailoRT] [info] [queue_elements.cpp:450] [create] Created (PushQEl3yolov6n/input_layer1 | timeout: 10s)
[2026-01-02 20:06:06.960] [5231] [HailoRT] [info] [multi_io_elements.cpp:135] [create] Created (NmsPPMuxEl0YOLOX-Post-Process | Op YOLOX, Name: YOLOX-Post-Process, Score threshold: 0.300, IoU threshold: 0.45, Classes: 80, Cross classes: false, NMS results order: BY_CLASS, Max bboxes per class: 100, Image height: 640, Image width: 640)
[2026-01-02 20:06:06.960] [5231] [HailoRT] [info] [queue_elements.cpp:942] [create] Created (MultiPushQEl0YOLOX-Post-Process | timeout: 10s)
[2026-01-02 20:06:06.960] [5231] [HailoRT] [info] [edge_elements.cpp:187] [create] Created (LastAsyncEl0NmsPPMuxEl0YOLOX-Post-Process)
[2026-01-02 20:06:06.960] [5231] [HailoRT] [info] [pipeline.cpp:891] [print_deep_description] EntryPushQEl0yolov6n/input_layer1 | inputs: user | outputs: PreInferEl3yolov6n/input_layer1(running in thread_id: 5308)
[2026-01-02 20:06:06.960] [5231] [HailoRT] [info] [pipeline.cpp:891] [print_deep_description] PreInferEl3yolov6n/input_layer1 | inputs: EntryPushQEl0yolov6n/input_layer1[0] | outputs: PushQEl3yolov6n/input_layer1
[2026-01-02 20:06:06.960] [5231] [HailoRT] [info] [pipeline.cpp:891] [print_deep_description] PushQEl3yolov6n/input_layer1 | inputs: PreInferEl3yolov6n/input_layer1[0] | outputs: AsyncHwEl(running in thread_id: 5309)
[2026-01-02 20:06:06.960] [5231] [HailoRT] [info] [pipeline.cpp:891] [print_deep_description] AsyncHwEl | inputs: PushQEl3yolov6n/input_layer1[0] | outputs: MultiPushQEl0YOLOX-Post-Process MultiPushQEl0YOLOX-Post-Process MultiPushQEl0YOLOX-Post-Process MultiPushQEl0YOLOX-Post-Process MultiPushQEl0YOLOX-Post-Process MultiPushQEl0YOLOX-Post-Process MultiPushQEl0YOLOX-Post-Process MultiPushQEl0YOLOX-Post-Process MultiPushQEl0YOLOX-Post-Process
[2026-01-02 20:06:06.960] [5231] [HailoRT] [info] [pipeline.cpp:891] [print_deep_description] MultiPushQEl0YOLOX-Post-Process | inputs: AsyncHwEl[0] AsyncHwEl[1] AsyncHwEl[2] AsyncHwEl[3] AsyncHwEl[4] AsyncHwEl[5] AsyncHwEl[6] AsyncHwEl[7] AsyncHwEl[8] | outputs: NmsPPMuxEl0YOLOX-Post-Process(running in thread_id: 5310)
[2026-01-02 20:06:06.960] [5231] [HailoRT] [info] [pipeline.cpp:891] [print_deep_description] NmsPPMuxEl0YOLOX-Post-Process | inputs: MultiPushQEl0YOLOX-Post-Process[0] | outputs: LastAsyncEl0NmsPPMuxEl0YOLOX-Post-Process
[2026-01-02 20:06:06.960] [5231] [HailoRT] [info] [pipeline.cpp:891] [print_deep_description] LastAsyncEl0NmsPPMuxEl0YOLOX-Post-Process | inputs: NmsPPMuxEl0YOLOX-Post-Process[0] | outputs: user
[2026-01-02 20:06:08.140] [5300] [HailoRT] [info] [hef.cpp:1929] [get_network_group_and_network_name] No name was given. Addressing all networks of default network_group: yolov6n
[2026-01-02 20:06:29.917] [5353] [HailoRT] [info] [device.cpp:49] [Device] OS Version: Linux 6.12.47+rpt-rpi-2712 #1 SMP PREEMPT Debian 1:6.12.47-1+rpt1~bookworm (2025-09-16) aarch64
[2026-01-02 20:06:29.919] [5353] [HailoRT] [info] [control.cpp:108] [control__parse_identify_results] firmware_version is: 4.20.0
[2026-01-02 20:06:29.920] [5353] [HailoRT] [info] [control.cpp:108] [control__parse_identify_results] firmware_version is: 4.20.0
[2026-01-02 20:06:29.961] [5361] [HailoRT] [info] [device.cpp:49] [Device] OS Version: Linux 6.12.47+rpt-rpi-2712 #1 SMP PREEMPT Debian 1:6.12.47-1+rpt1~bookworm (2025-09-16) aarch64
[2026-01-02 20:06:29.962] [5361] [HailoRT] [info] [control.cpp:108] [control__parse_identify_results] firmware_version is: 4.20.0
[2026-01-02 20:06:29.963] [5361] [HailoRT] [info] [control.cpp:108] [control__parse_identify_results] firmware_version is: 4.20.0
[2026-01-02 20:06:30.009] [5369] [HailoRT] [info] [device.cpp:49] [Device] OS Version: Linux 6.12.47+rpt-rpi-2712 #1 SMP PREEMPT Debian 1:6.12.47-1+rpt1~bookworm (2025-09-16) aarch64
[2026-01-02 20:06:30.010] [5369] [HailoRT] [info] [control.cpp:108] [control__parse_identify_results] firmware_version is: 4.20.0
[2026-01-02 20:06:30.011] [5369] [HailoRT] [info] [control.cpp:108] [control__parse_identify_results] firmware_version is: 4.20.0
[2026-01-02 20:06:30.091] [5322] [HailoRT] [info] [vdevice.cpp:523] [create] Creating vdevice with params: device_count: 1, scheduling_algorithm: ROUND_ROBIN, multi_process_service: false
[2026-01-02 20:06:30.101] [5322] [HailoRT] [info] [device.cpp:49] [Device] OS Version: Linux 6.12.47+rpt-rpi-2712 #1 SMP PREEMPT Debian 1:6.12.47-1+rpt1~bookworm (2025-09-16) aarch64
[2026-01-02 20:06:30.102] [5322] [HailoRT] [info] [control.cpp:108] [control__parse_identify_results] firmware_version is: 4.20.0
[2026-01-02 20:06:30.102] [5322] [HailoRT] [info] [vdevice.cpp:651] [create] VDevice Infos: 0001:01:00.0
[2026-01-02 20:06:30.123] [5322] [HailoRT] [info] [hef.cpp:1929] [get_network_group_and_network_name] No name was given. Addressing all networks of default network_group: yolov6n
[2026-01-02 20:06:30.123] [5322] [HailoRT] [info] [hef.cpp:1929] [get_network_group_and_network_name] No name was given. Addressing all networks of default network_group: yolov6n
[2026-01-02 20:06:30.141] [5322] [HailoRT] [info] [internal_buffer_manager.cpp:202] [print_execution_results] Default Internal buffer planner failed to meet requirements
[2026-01-02 20:06:30.141] [5322] [HailoRT] [info] [internal_buffer_manager.cpp:212] [print_execution_results] Default Internal buffer planner executed successfully
[2026-01-02 20:06:30.147] [5322] [HailoRT] [info] [device_internal.cpp:57] [configure] Configuring HEF took 13.286537 milliseconds
[2026-01-02 20:06:30.147] [5322] [HailoRT] [info] [vdevice.cpp:749] [configure] Configuring HEF on VDevice took 13.627608 milliseconds
[2026-01-02 20:06:30.148] [5322] [HailoRT] [info] [infer_model.cpp:436] [configure] Configuring network group 'yolov6n' with params: batch size: 2, power mode: PERFORMANCE, latency: NONE
[2026-01-02 20:06:30.148] [5322] [HailoRT] [info] [multi_io_elements.cpp:756] [create] Created (AsyncHwEl)
[2026-01-02 20:06:30.148] [5322] [HailoRT] [info] [queue_elements.cpp:450] [create] Created (EntryPushQEl0yolov6n/input_layer1 | timeout: 10s)
[2026-01-02 20:06:30.148] [5322] [HailoRT] [info] [filter_elements.cpp:101] [create] Created (PreInferEl3yolov6n/input_layer1 | Reorder - src_order: RGB4, src_shape: (640, 640, 3), dst_order: NHCW, dst_shape: (640, 640, 3))
[2026-01-02 20:06:30.148] [5322] [HailoRT] [info] [queue_elements.cpp:450] [create] Created (PushQEl3yolov6n/input_layer1 | timeout: 10s)
[2026-01-02 20:06:30.148] [5322] [HailoRT] [info] [multi_io_elements.cpp:135] [create] Created (NmsPPMuxEl0YOLOX-Post-Process | Op YOLOX, Name: YOLOX-Post-Process, Score threshold: 0.300, IoU threshold: 0.45, Classes: 80, Cross classes: false, NMS results order: BY_CLASS, Max bboxes per class: 100, Image height: 640, Image width: 640)
[2026-01-02 20:06:30.148] [5322] [HailoRT] [info] [queue_elements.cpp:942] [create] Created (MultiPushQEl0YOLOX-Post-Process | timeout: 10s)
[2026-01-02 20:06:30.148] [5322] [HailoRT] [info] [edge_elements.cpp:187] [create] Created (LastAsyncEl0NmsPPMuxEl0YOLOX-Post-Process)
[2026-01-02 20:06:30.148] [5322] [HailoRT] [info] [pipeline.cpp:891] [print_deep_description] EntryPushQEl0yolov6n/input_layer1 | inputs: user | outputs: PreInferEl3yolov6n/input_layer1(running in thread_id: 5399)
[2026-01-02 20:06:30.148] [5322] [HailoRT] [info] [pipeline.cpp:891] [print_deep_description] PreInferEl3yolov6n/input_layer1 | inputs: EntryPushQEl0yolov6n/input_layer1[0] | outputs: PushQEl3yolov6n/input_layer1
[2026-01-02 20:06:30.148] [5322] [HailoRT] [info] [pipeline.cpp:891] [print_deep_description] PushQEl3yolov6n/input_layer1 | inputs: PreInferEl3yolov6n/input_layer1[0] | outputs: AsyncHwEl(running in thread_id: 5400)
[2026-01-02 20:06:30.148] [5322] [HailoRT] [info] [pipeline.cpp:891] [print_deep_description] AsyncHwEl | inputs: PushQEl3yolov6n/input_layer1[0] | outputs: MultiPushQEl0YOLOX-Post-Process MultiPushQEl0YOLOX-Post-Process MultiPushQEl0YOLOX-Post-Process MultiPushQEl0YOLOX-Post-Process MultiPushQEl0YOLOX-Post-Process MultiPushQEl0YOLOX-Post-Process MultiPushQEl0YOLOX-Post-Process MultiPushQEl0YOLOX-Post-Process MultiPushQEl0YOLOX-Post-Process
[2026-01-02 20:06:30.149] [5322] [HailoRT] [info] [pipeline.cpp:891] [print_deep_description] MultiPushQEl0YOLOX-Post-Process | inputs: AsyncHwEl[0] AsyncHwEl[1] AsyncHwEl[2] AsyncHwEl[3] AsyncHwEl[4] AsyncHwEl[5] AsyncHwEl[6] AsyncHwEl[7] AsyncHwEl[8] | outputs: NmsPPMuxEl0YOLOX-Post-Process(running in thread_id: 5401)
[2026-01-02 20:06:30.149] [5322] [HailoRT] [info] [pipeline.cpp:891] [print_deep_description] NmsPPMuxEl0YOLOX-Post-Process | inputs: MultiPushQEl0YOLOX-Post-Process[0] | outputs: LastAsyncEl0NmsPPMuxEl0YOLOX-Post-Process
[2026-01-02 20:06:30.149] [5322] [HailoRT] [info] [pipeline.cpp:891] [print_deep_description] LastAsyncEl0NmsPPMuxEl0YOLOX-Post-Process | inputs: NmsPPMuxEl0YOLOX-Post-Process[0] | outputs: user
[2026-01-02 20:06:31.381] [5391] [HailoRT] [info] [hef.cpp:1929] [get_network_group_and_network_name] No name was given. Addressing all networks of default network_group: yolov6n
[2026-01-02 20:12:46.777] [6290] [HailoRT] [info] [device.cpp:49] [Device] OS Version: Linux 6.12.47+rpt-rpi-2712 #1 SMP PREEMPT Debian 1:6.12.47-1+rpt1~bookworm (2025-09-16) aarch64
[2026-01-02 20:12:46.778] [6290] [HailoRT] [info] [control.cpp:108] [control__parse_identify_results] firmware_version is: 4.20.0
[2026-01-02 20:12:46.779] [6290] [HailoRT] [info] [control.cpp:108] [control__parse_identify_results] firmware_version is: 4.20.0
[2026-01-02 20:12:46.825] [6298] [HailoRT] [info] [device.cpp:49] [Device] OS Version: Linux 6.12.47+rpt-rpi-2712 #1 SMP PREEMPT Debian 1:6.12.47-1+rpt1~bookworm (2025-09-16) aarch64
[2026-01-02 20:12:46.826] [6298] [HailoRT] [info] [control.cpp:108] [control__parse_identify_results] firmware_version is: 4.20.0
[2026-01-02 20:12:46.827] [6298] [HailoRT] [info] [control.cpp:108] [control__parse_identify_results] firmware_version is: 4.20.0
[2026-01-02 20:12:46.873] [6306] [HailoRT] [info] [device.cpp:49] [Device] OS Version: Linux 6.12.47+rpt-rpi-2712 #1 SMP PREEMPT Debian 1:6.12.47-1+rpt1~bookworm (2025-09-16) aarch64
[2026-01-02 20:12:46.874] [6306] [HailoRT] [info] [control.cpp:108] [control__parse_identify_results] firmware_version is: 4.20.0
[2026-01-02 20:12:46.875] [6306] [HailoRT] [info] [control.cpp:108] [control__parse_identify_results] firmware_version is: 4.20.0
[2026-01-02 20:12:46.960] [6259] [HailoRT] [info] [vdevice.cpp:523] [create] Creating vdevice with params: device_count: 1, scheduling_algorithm: ROUND_ROBIN, multi_process_service: false
[2026-01-02 20:12:46.972] [6259] [HailoRT] [info] [device.cpp:49] [Device] OS Version: Linux 6.12.47+rpt-rpi-2712 #1 SMP PREEMPT Debian 1:6.12.47-1+rpt1~bookworm (2025-09-16) aarch64
[2026-01-02 20:12:46.973] [6259] [HailoRT] [info] [control.cpp:108] [control__parse_identify_results] firmware_version is: 4.20.0
[2026-01-02 20:12:46.973] [6259] [HailoRT] [info] [vdevice.cpp:651] [create] VDevice Infos: 0001:01:00.0
[2026-01-02 20:12:46.994] [6259] [HailoRT] [info] [hef.cpp:1929] [get_network_group_and_network_name] No name was given. Addressing all networks of default network_group: yolov6n
[2026-01-02 20:12:46.994] [6259] [HailoRT] [info] [hef.cpp:1929] [get_network_group_and_network_name] No name was given. Addressing all networks of default network_group: yolov6n
[2026-01-02 20:12:47.012] [6259] [HailoRT] [info] [internal_buffer_manager.cpp:202] [print_execution_results] Default Internal buffer planner failed to meet requirements
[2026-01-02 20:12:47.012] [6259] [HailoRT] [info] [internal_buffer_manager.cpp:212] [print_execution_results] Default Internal buffer planner executed successfully
[2026-01-02 20:12:47.018] [6259] [HailoRT] [info] [device_internal.cpp:57] [configure] Configuring HEF took 13.217757 milliseconds
[2026-01-02 20:12:47.018] [6259] [HailoRT] [info] [vdevice.cpp:749] [configure] Configuring HEF on VDevice took 13.565819 milliseconds
[2026-01-02 20:12:47.018] [6259] [HailoRT] [info] [infer_model.cpp:436] [configure] Configuring network group 'yolov6n' with params: batch size: 2, power mode: PERFORMANCE, latency: NONE
[2026-01-02 20:12:47.018] [6259] [HailoRT] [info] [multi_io_elements.cpp:756] [create] Created (AsyncHwEl)
[2026-01-02 20:12:47.018] [6259] [HailoRT] [info] [queue_elements.cpp:450] [create] Created (EntryPushQEl0yolov6n/input_layer1 | timeout: 10s)
[2026-01-02 20:12:47.018] [6259] [HailoRT] [info] [filter_elements.cpp:101] [create] Created (PreInferEl3yolov6n/input_layer1 | Reorder - src_order: RGB4, src_shape: (640, 640, 3), dst_order: NHCW, dst_shape: (640, 640, 3))
[2026-01-02 20:12:47.018] [6259] [HailoRT] [info] [queue_elements.cpp:450] [create] Created (PushQEl3yolov6n/input_layer1 | timeout: 10s)
[2026-01-02 20:12:47.018] [6259] [HailoRT] [info] [multi_io_elements.cpp:135] [create] Created (NmsPPMuxEl0YOLOX-Post-Process | Op YOLOX, Name: YOLOX-Post-Process, Score threshold: 0.300, IoU threshold: 0.45, Classes: 80, Cross classes: false, NMS results order: BY_CLASS, Max bboxes per class: 100, Image height: 640, Image width: 640)
[2026-01-02 20:12:47.019] [6259] [HailoRT] [info] [queue_elements.cpp:942] [create] Created (MultiPushQEl0YOLOX-Post-Process | timeout: 10s)
[2026-01-02 20:12:47.019] [6259] [HailoRT] [info] [edge_elements.cpp:187] [create] Created (LastAsyncEl0NmsPPMuxEl0YOLOX-Post-Process)
[2026-01-02 20:12:47.019] [6259] [HailoRT] [info] [pipeline.cpp:891] [print_deep_description] EntryPushQEl0yolov6n/input_layer1 | inputs: user | outputs: PreInferEl3yolov6n/input_layer1(running in thread_id: 6336)
[2026-01-02 20:12:47.019] [6259] [HailoRT] [info] [pipeline.cpp:891] [print_deep_description] PreInferEl3yolov6n/input_layer1 | inputs: EntryPushQEl0yolov6n/input_layer1[0] | outputs: PushQEl3yolov6n/input_layer1
[2026-01-02 20:12:47.019] [6259] [HailoRT] [info] [pipeline.cpp:891] [print_deep_description] PushQEl3yolov6n/input_layer1 | inputs: PreInferEl3yolov6n/input_layer1[0] | outputs: AsyncHwEl(running in thread_id: 6337)
[2026-01-02 20:12:47.019] [6259] [HailoRT] [info] [pipeline.cpp:891] [print_deep_description] AsyncHwEl | inputs: PushQEl3yolov6n/input_layer1[0] | outputs: MultiPushQEl0YOLOX-Post-Process MultiPushQEl0YOLOX-Post-Process MultiPushQEl0YOLOX-Post-Process MultiPushQEl0YOLOX-Post-Process MultiPushQEl0YOLOX-Post-Process MultiPushQEl0YOLOX-Post-Process MultiPushQEl0YOLOX-Post-Process MultiPushQEl0YOLOX-Post-Process MultiPushQEl0YOLOX-Post-Process
[2026-01-02 20:12:47.019] [6259] [HailoRT] [info] [pipeline.cpp:891] [print_deep_description] MultiPushQEl0YOLOX-Post-Process | inputs: AsyncHwEl[0] AsyncHwEl[1] AsyncHwEl[2] AsyncHwEl[3] AsyncHwEl[4] AsyncHwEl[5] AsyncHwEl[6] AsyncHwEl[7] AsyncHwEl[8] | outputs: NmsPPMuxEl0YOLOX-Post-Process(running in thread_id: 6338)
[2026-01-02 20:12:47.019] [6259] [HailoRT] [info] [pipeline.cpp:891] [print_deep_description] NmsPPMuxEl0YOLOX-Post-Process | inputs: MultiPushQEl0YOLOX-Post-Process[0] | outputs: LastAsyncEl0NmsPPMuxEl0YOLOX-Post-Process
[2026-01-02 20:12:47.019] [6259] [HailoRT] [info] [pipeline.cpp:891] [print_deep_description] LastAsyncEl0NmsPPMuxEl0YOLOX-Post-Process | inputs: NmsPPMuxEl0YOLOX-Post-Process[0] | outputs: user
[2026-01-02 20:12:48.232] [6328] [HailoRT] [info] [hef.cpp:1929] [get_network_group_and_network_name] No name was given. Addressing all networks of default network_group: yolov6n
[2026-01-02 20:19:27.933] [6422] [HailoRT] [info] [device.cpp:49] [Device] OS Version: Linux 6.12.47+rpt-rpi-2712 #1 SMP PREEMPT Debian 1:6.12.47-1+rpt1~bookworm (2025-09-16) aarch64
[2026-01-02 20:19:27.934] [6422] [HailoRT] [info] [control.cpp:108] [control__parse_identify_results] firmware_version is: 4.20.0
[2026-01-02 20:19:27.935] [6422] [HailoRT] [info] [control.cpp:108] [control__parse_identify_results] firmware_version is: 4.20.0
[2026-01-02 20:19:27.977] [6430] [HailoRT] [info] [device.cpp:49] [Device] OS Version: Linux 6.12.47+rpt-rpi-2712 #1 SMP PREEMPT Debian 1:6.12.47-1+rpt1~bookworm (2025-09-16) aarch64
[2026-01-02 20:19:27.978] [6430] [HailoRT] [info] [control.cpp:108] [control__parse_identify_results] firmware_version is: 4.20.0
[2026-01-02 20:19:27.979] [6430] [HailoRT] [info] [control.cpp:108] [control__parse_identify_results] firmware_version is: 4.20.0
[2026-01-02 20:19:28.029] [6438] [HailoRT] [info] [device.cpp:49] [Device] OS Version: Linux 6.12.47+rpt-rpi-2712 #1 SMP PREEMPT Debian 1:6.12.47-1+rpt1~bookworm (2025-09-16) aarch64
[2026-01-02 20:19:28.031] [6438] [HailoRT] [info] [control.cpp:108] [control__parse_identify_results] firmware_version is: 4.20.0
[2026-01-02 20:19:28.031] [6438] [HailoRT] [info] [control.cpp:108] [control__parse_identify_results] firmware_version is: 4.20.0
[2026-01-02 20:19:28.122] [6390] [HailoRT] [info] [vdevice.cpp:523] [create] Creating vdevice with params: device_count: 1, scheduling_algorithm: ROUND_ROBIN, multi_process_service: false
[2026-01-02 20:19:28.133] [6390] [HailoRT] [info] [device.cpp:49] [Device] OS Version: Linux 6.12.47+rpt-rpi-2712 #1 SMP PREEMPT Debian 1:6.12.47-1+rpt1~bookworm (2025-09-16) aarch64
[2026-01-02 20:19:28.135] [6390] [HailoRT] [info] [control.cpp:108] [control__parse_identify_results] firmware_version is: 4.20.0
[2026-01-02 20:19:28.135] [6390] [HailoRT] [info] [vdevice.cpp:651] [create] VDevice Infos: 0001:01:00.0
[2026-01-02 20:19:28.155] [6390] [HailoRT] [info] [hef.cpp:1929] [get_network_group_and_network_name] No name was given. Addressing all networks of default network_group: yolov6n
[2026-01-02 20:19:28.155] [6390] [HailoRT] [info] [hef.cpp:1929] [get_network_group_and_network_name] No name was given. Addressing all networks of default network_group: yolov6n
[2026-01-02 20:19:28.173] [6390] [HailoRT] [info] [internal_buffer_manager.cpp:202] [print_execution_results] Default Internal buffer planner failed to meet requirements
[2026-01-02 20:19:28.173] [6390] [HailoRT] [info] [internal_buffer_manager.cpp:212] [print_execution_results] Default Internal buffer planner executed successfully
[2026-01-02 20:19:28.179] [6390] [HailoRT] [info] [device_internal.cpp:57] [configure] Configuring HEF took 13.326409 milliseconds
[2026-01-02 20:19:28.179] [6390] [HailoRT] [info] [vdevice.cpp:749] [configure] Configuring HEF on VDevice took 13.676504 milliseconds
[2026-01-02 20:19:28.179] [6390] [HailoRT] [info] [infer_model.cpp:436] [configure] Configuring network group 'yolov6n' with params: batch size: 2, power mode: PERFORMANCE, latency: NONE
[2026-01-02 20:19:28.179] [6390] [HailoRT] [info] [multi_io_elements.cpp:756] [create] Created (AsyncHwEl)
[2026-01-02 20:19:28.179] [6390] [HailoRT] [info] [queue_elements.cpp:450] [create] Created (EntryPushQEl0yolov6n/input_layer1 | timeout: 10s)
[2026-01-02 20:19:28.179] [6390] [HailoRT] [info] [filter_elements.cpp:101] [create] Created (PreInferEl3yolov6n/input_layer1 | Reorder - src_order: RGB4, src_shape: (640, 640, 3), dst_order: NHCW, dst_shape: (640, 640, 3))
[2026-01-02 20:19:28.179] [6390] [HailoRT] [info] [queue_elements.cpp:450] [create] Created (PushQEl3yolov6n/input_layer1 | timeout: 10s)
[2026-01-02 20:19:28.179] [6390] [HailoRT] [info] [multi_io_elements.cpp:135] [create] Created (NmsPPMuxEl0YOLOX-Post-Process | Op YOLOX, Name: YOLOX-Post-Process, Score threshold: 0.300, IoU threshold: 0.45, Classes: 80, Cross classes: false, NMS results order: BY_CLASS, Max bboxes per class: 100, Image height: 640, Image width: 640)
[2026-01-02 20:19:28.180] [6390] [HailoRT] [info] [queue_elements.cpp:942] [create] Created (MultiPushQEl0YOLOX-Post-Process | timeout: 10s)
[2026-01-02 20:19:28.180] [6390] [HailoRT] [info] [edge_elements.cpp:187] [create] Created (LastAsyncEl0NmsPPMuxEl0YOLOX-Post-Process)
[2026-01-02 20:19:28.180] [6390] [HailoRT] [info] [pipeline.cpp:891] [print_deep_description] EntryPushQEl0yolov6n/input_layer1 | inputs: user | outputs: PreInferEl3yolov6n/input_layer1(running in thread_id: 6468)
[2026-01-02 20:19:28.180] [6390] [HailoRT] [info] [pipeline.cpp:891] [print_deep_description] PreInferEl3yolov6n/input_layer1 | inputs: EntryPushQEl0yolov6n/input_layer1[0] | outputs: PushQEl3yolov6n/input_layer1
[2026-01-02 20:19:28.180] [6390] [HailoRT] [info] [pipeline.cpp:891] [print_deep_description] PushQEl3yolov6n/input_layer1 | inputs: PreInferEl3yolov6n/input_layer1[0] | outputs: AsyncHwEl(running in thread_id: 6469)
[2026-01-02 20:19:28.180] [6390] [HailoRT] [info] [pipeline.cpp:891] [print_deep_description] AsyncHwEl | inputs: PushQEl3yolov6n/input_layer1[0] | outputs: MultiPushQEl0YOLOX-Post-Process MultiPushQEl0YOLOX-Post-Process MultiPushQEl0YOLOX-Post-Process MultiPushQEl0YOLOX-Post-Process MultiPushQEl0YOLOX-Post-Process MultiPushQEl0YOLOX-Post-Process MultiPushQEl0YOLOX-Post-Process MultiPushQEl0YOLOX-Post-Process MultiPushQEl0YOLOX-Post-Process
[2026-01-02 20:19:28.180] [6390] [HailoRT] [info] [pipeline.cpp:891] [print_deep_description] MultiPushQEl0YOLOX-Post-Process | inputs: AsyncHwEl[0] AsyncHwEl[1] AsyncHwEl[2] AsyncHwEl[3] AsyncHwEl[4] AsyncHwEl[5] AsyncHwEl[6] AsyncHwEl[7] AsyncHwEl[8] | outputs: NmsPPMuxEl0YOLOX-Post-Process(running in thread_id: 6470)
[2026-01-02 20:19:28.180] [6390] [HailoRT] [info] [pipeline.cpp:891] [print_deep_description] NmsPPMuxEl0YOLOX-Post-Process | inputs: MultiPushQEl0YOLOX-Post-Process[0] | outputs: LastAsyncEl0NmsPPMuxEl0YOLOX-Post-Process
[2026-01-02 20:19:28.180] [6390] [HailoRT] [info] [pipeline.cpp:891] [print_deep_description] LastAsyncEl0NmsPPMuxEl0YOLOX-Post-Process | inputs: NmsPPMuxEl0YOLOX-Post-Process[0] | outputs: user
[2026-01-02 20:19:29.370] [6460] [HailoRT] [info] [hef.cpp:1929] [get_network_group_and_network_name] No name was given. Addressing all networks of default network_group: yolov6n
[2026-01-02 20:20:34.522] [6591] [HailoRT] [info] [device.cpp:49] [Device] OS Version: Linux 6.12.47+rpt-rpi-2712 #1 SMP PREEMPT Debian 1:6.12.47-1+rpt1~bookworm (2025-09-16) aarch64
[2026-01-02 20:20:34.523] [6591] [HailoRT] [info] [control.cpp:108] [control__parse_identify_results] firmware_version is: 4.20.0
[2026-01-02 20:20:34.524] [6591] [HailoRT] [info] [control.cpp:108] [control__parse_identify_results] firmware_version is: 4.20.0
[2026-01-02 20:20:34.593] [6599] [HailoRT] [info] [device.cpp:49] [Device] OS Version: Linux 6.12.47+rpt-rpi-2712 #1 SMP PREEMPT Debian 1:6.12.47-1+rpt1~bookworm (2025-09-16) aarch64
[2026-01-02 20:20:34.594] [6599] [HailoRT] [info] [control.cpp:108] [control__parse_identify_results] firmware_version is: 4.20.0
[2026-01-02 20:20:34.595] [6599] [HailoRT] [info] [control.cpp:108] [control__parse_identify_results] firmware_version is: 4.20.0
[2026-01-02 20:20:34.645] [6607] [HailoRT] [info] [device.cpp:49] [Device] OS Version: Linux 6.12.47+rpt-rpi-2712 #1 SMP PREEMPT Debian 1:6.12.47-1+rpt1~bookworm (2025-09-16) aarch64
[2026-01-02 20:20:34.647] [6607] [HailoRT] [info] [control.cpp:108] [control__parse_identify_results] firmware_version is: 4.20.0
[2026-01-02 20:20:34.647] [6607] [HailoRT] [info] [control.cpp:108] [control__parse_identify_results] firmware_version is: 4.20.0
[2026-01-02 20:20:34.729] [6560] [HailoRT] [info] [vdevice.cpp:523] [create] Creating vdevice with params: device_count: 1, scheduling_algorithm: ROUND_ROBIN, multi_process_service: false
[2026-01-02 20:20:34.741] [6560] [HailoRT] [info] [device.cpp:49] [Device] OS Version: Linux 6.12.47+rpt-rpi-2712 #1 SMP PREEMPT Debian 1:6.12.47-1+rpt1~bookworm (2025-09-16) aarch64
[2026-01-02 20:20:34.742] [6560] [HailoRT] [info] [control.cpp:108] [control__parse_identify_results] firmware_version is: 4.20.0
[2026-01-02 20:20:34.742] [6560] [HailoRT] [info] [vdevice.cpp:651] [create] VDevice Infos: 0001:01:00.0
[2026-01-02 20:20:34.763] [6560] [HailoRT] [info] [hef.cpp:1929] [get_network_group_and_network_name] No name was given. Addressing all networks of default network_group: yolov6n
[2026-01-02 20:20:34.763] [6560] [HailoRT] [info] [hef.cpp:1929] [get_network_group_and_network_name] No name was given. Addressing all networks of default network_group: yolov6n
[2026-01-02 20:20:34.779] [6560] [HailoRT] [info] [internal_buffer_manager.cpp:202] [print_execution_results] Default Internal buffer planner failed to meet requirements
[2026-01-02 20:20:34.779] [6560] [HailoRT] [info] [internal_buffer_manager.cpp:212] [print_execution_results] Default Internal buffer planner executed successfully
[2026-01-02 20:20:34.786] [6560] [HailoRT] [info] [device_internal.cpp:57] [configure] Configuring HEF took 12.582591 milliseconds
[2026-01-02 20:20:34.786] [6560] [HailoRT] [info] [vdevice.cpp:749] [configure] Configuring HEF on VDevice took 12.933743 milliseconds
[2026-01-02 20:20:34.786] [6560] [HailoRT] [info] [infer_model.cpp:436] [configure] Configuring network group 'yolov6n' with params: batch size: 2, power mode: PERFORMANCE, latency: NONE
[2026-01-02 20:20:34.786] [6560] [HailoRT] [info] [multi_io_elements.cpp:756] [create] Created (AsyncHwEl)
[2026-01-02 20:20:34.786] [6560] [HailoRT] [info] [queue_elements.cpp:450] [create] Created (EntryPushQEl0yolov6n/input_layer1 | timeout: 10s)
[2026-01-02 20:20:34.787] [6560] [HailoRT] [info] [filter_elements.cpp:101] [create] Created (PreInferEl3yolov6n/input_layer1 | Reorder - src_order: RGB4, src_shape: (640, 640, 3), dst_order: NHCW, dst_shape: (640, 640, 3))
[2026-01-02 20:20:34.787] [6560] [HailoRT] [info] [queue_elements.cpp:450] [create] Created (PushQEl3yolov6n/input_layer1 | timeout: 10s)
[2026-01-02 20:20:34.787] [6560] [HailoRT] [info] [multi_io_elements.cpp:135] [create] Created (NmsPPMuxEl0YOLOX-Post-Process | Op YOLOX, Name: YOLOX-Post-Process, Score threshold: 0.300, IoU threshold: 0.45, Classes: 80, Cross classes: false, NMS results order: BY_CLASS, Max bboxes per class: 100, Image height: 640, Image width: 640)
[2026-01-02 20:20:34.787] [6560] [HailoRT] [info] [queue_elements.cpp:942] [create] Created (MultiPushQEl0YOLOX-Post-Process | timeout: 10s)
[2026-01-02 20:20:34.787] [6560] [HailoRT] [info] [edge_elements.cpp:187] [create] Created (LastAsyncEl0NmsPPMuxEl0YOLOX-Post-Process)
[2026-01-02 20:20:34.787] [6560] [HailoRT] [info] [pipeline.cpp:891] [print_deep_description] EntryPushQEl0yolov6n/input_layer1 | inputs: user | outputs: PreInferEl3yolov6n/input_layer1(running in thread_id: 6637)
[2026-01-02 20:20:34.787] [6560] [HailoRT] [info] [pipeline.cpp:891] [print_deep_description] PreInferEl3yolov6n/input_layer1 | inputs: EntryPushQEl0yolov6n/input_layer1[0] | outputs: PushQEl3yolov6n/input_layer1
[2026-01-02 20:20:34.787] [6560] [HailoRT] [info] [pipeline.cpp:891] [print_deep_description] PushQEl3yolov6n/input_layer1 | inputs: PreInferEl3yolov6n/input_layer1[0] | outputs: AsyncHwEl(running in thread_id: 6638)
[2026-01-02 20:20:34.787] [6560] [HailoRT] [info] [pipeline.cpp:891] [print_deep_description] AsyncHwEl | inputs: PushQEl3yolov6n/input_layer1[0] | outputs: MultiPushQEl0YOLOX-Post-Process MultiPushQEl0YOLOX-Post-Process MultiPushQEl0YOLOX-Post-Process MultiPushQEl0YOLOX-Post-Process MultiPushQEl0YOLOX-Post-Process MultiPushQEl0YOLOX-Post-Process MultiPushQEl0YOLOX-Post-Process MultiPushQEl0YOLOX-Post-Process MultiPushQEl0YOLOX-Post-Process
[2026-01-02 20:20:34.787] [6560] [HailoRT] [info] [pipeline.cpp:891] [print_deep_description] MultiPushQEl0YOLOX-Post-Process | inputs: AsyncHwEl[0] AsyncHwEl[1] AsyncHwEl[2] AsyncHwEl[3] AsyncHwEl[4] AsyncHwEl[5] AsyncHwEl[6] AsyncHwEl[7] AsyncHwEl[8] | outputs: NmsPPMuxEl0YOLOX-Post-Process(running in thread_id: 6639)
[2026-01-02 20:20:34.787] [6560] [HailoRT] [info] [pipeline.cpp:891] [print_deep_description] NmsPPMuxEl0YOLOX-Post-Process | inputs: MultiPushQEl0YOLOX-Post-Process[0] | outputs: LastAsyncEl0NmsPPMuxEl0YOLOX-Post-Process
[2026-01-02 20:20:34.787] [6560] [HailoRT] [info] [pipeline.cpp:891] [print_deep_description] LastAsyncEl0NmsPPMuxEl0YOLOX-Post-Process | inputs: NmsPPMuxEl0YOLOX-Post-Process[0] | outputs: user
[2026-01-02 20:20:35.969] [6629] [HailoRT] [info] [hef.cpp:1929] [get_network_group_and_network_name] No name was given. Addressing all networks of default network_group: yolov6n
[2026-01-02 20:24:07.820] [6689] [HailoRT] [info] [device.cpp:49] [Device] OS Version: Linux 6.12.47+rpt-rpi-2712 #1 SMP PREEMPT Debian 1:6.12.47-1+rpt1~bookworm (2025-09-16) aarch64
[2026-01-02 20:24:07.822] [6689] [HailoRT] [info] [control.cpp:108] [control__parse_identify_results] firmware_version is: 4.20.0
[2026-01-02 20:24:07.823] [6689] [HailoRT] [info] [control.cpp:108] [control__parse_identify_results] firmware_version is: 4.20.0
[2026-01-02 20:24:07.869] [6697] [HailoRT] [info] [device.cpp:49] [Device] OS Version: Linux 6.12.47+rpt-rpi-2712 #1 SMP PREEMPT Debian 1:6.12.47-1+rpt1~bookworm (2025-09-16) aarch64
[2026-01-02 20:24:07.870] [6697] [HailoRT] [info] [control.cpp:108] [control__parse_identify_results] firmware_version is: 4.20.0
[2026-01-02 20:24:07.871] [6697] [HailoRT] [info] [control.cpp:108] [control__parse_identify_results] firmware_version is: 4.20.0
[2026-01-02 20:24:07.917] [6705] [HailoRT] [info] [device.cpp:49] [Device] OS Version: Linux 6.12.47+rpt-rpi-2712 #1 SMP PREEMPT Debian 1:6.12.47-1+rpt1~bookworm (2025-09-16) aarch64
[2026-01-02 20:24:07.918] [6705] [HailoRT] [info] [control.cpp:108] [control__parse_identify_results] firmware_version is: 4.20.0
[2026-01-02 20:24:07.919] [6705] [HailoRT] [info] [control.cpp:108] [control__parse_identify_results] firmware_version is: 4.20.0
[2026-01-02 20:24:08.010] [6658] [HailoRT] [info] [vdevice.cpp:523] [create] Creating vdevice with params: device_count: 1, scheduling_algorithm: ROUND_ROBIN, multi_process_service: false
[2026-01-02 20:24:08.021] [6658] [HailoRT] [info] [device.cpp:49] [Device] OS Version: Linux 6.12.47+rpt-rpi-2712 #1 SMP PREEMPT Debian 1:6.12.47-1+rpt1~bookworm (2025-09-16) aarch64
[2026-01-02 20:24:08.022] [6658] [HailoRT] [info] [control.cpp:108] [control__parse_identify_results] firmware_version is: 4.20.0
[2026-01-02 20:24:08.022] [6658] [HailoRT] [info] [vdevice.cpp:651] [create] VDevice Infos: 0001:01:00.0
[2026-01-02 20:24:08.043] [6658] [HailoRT] [info] [hef.cpp:1929] [get_network_group_and_network_name] No name was given. Addressing all networks of default network_group: yolov6n
[2026-01-02 20:24:08.043] [6658] [HailoRT] [info] [hef.cpp:1929] [get_network_group_and_network_name] No name was given. Addressing all networks of default network_group: yolov6n
[2026-01-02 20:24:08.061] [6658] [HailoRT] [info] [internal_buffer_manager.cpp:202] [print_execution_results] Default Internal buffer planner failed to meet requirements
[2026-01-02 20:24:08.061] [6658] [HailoRT] [info] [internal_buffer_manager.cpp:212] [print_execution_results] Default Internal buffer planner executed successfully
[2026-01-02 20:24:08.068] [6658] [HailoRT] [info] [device_internal.cpp:57] [configure] Configuring HEF took 13.361264 milliseconds
[2026-01-02 20:24:08.068] [6658] [HailoRT] [info] [vdevice.cpp:749] [configure] Configuring HEF on VDevice took 13.712969 milliseconds
[2026-01-02 20:24:08.068] [6658] [HailoRT] [info] [infer_model.cpp:436] [configure] Configuring network group 'yolov6n' with params: batch size: 2, power mode: PERFORMANCE, latency: NONE
[2026-01-02 20:24:08.068] [6658] [HailoRT] [info] [multi_io_elements.cpp:756] [create] Created (AsyncHwEl)
[2026-01-02 20:24:08.068] [6658] [HailoRT] [info] [queue_elements.cpp:450] [create] Created (EntryPushQEl0yolov6n/input_layer1 | timeout: 10s)
[2026-01-02 20:24:08.068] [6658] [HailoRT] [info] [filter_elements.cpp:101] [create] Created (PreInferEl3yolov6n/input_layer1 | Reorder - src_order: RGB4, src_shape: (640, 640, 3), dst_order: NHCW, dst_shape: (640, 640, 3))
[2026-01-02 20:24:08.068] [6658] [HailoRT] [info] [queue_elements.cpp:450] [create] Created (PushQEl3yolov6n/input_layer1 | timeout: 10s)
[2026-01-02 20:24:08.068] [6658] [HailoRT] [info] [multi_io_elements.cpp:135] [create] Created (NmsPPMuxEl0YOLOX-Post-Process | Op YOLOX, Name: YOLOX-Post-Process, Score threshold: 0.300, IoU threshold: 0.45, Classes: 80, Cross classes: false, NMS results order: BY_CLASS, Max bboxes per class: 100, Image height: 640, Image width: 640)
[2026-01-02 20:24:08.069] [6658] [HailoRT] [info] [queue_elements.cpp:942] [create] Created (MultiPushQEl0YOLOX-Post-Process | timeout: 10s)
[2026-01-02 20:24:08.069] [6658] [HailoRT] [info] [edge_elements.cpp:187] [create] Created (LastAsyncEl0NmsPPMuxEl0YOLOX-Post-Process)
[2026-01-02 20:24:08.069] [6658] [HailoRT] [info] [pipeline.cpp:891] [print_deep_description] EntryPushQEl0yolov6n/input_layer1 | inputs: user | outputs: PreInferEl3yolov6n/input_layer1(running in thread_id: 6735)
[2026-01-02 20:24:08.069] [6658] [HailoRT] [info] [pipeline.cpp:891] [print_deep_description] PreInferEl3yolov6n/input_layer1 | inputs: EntryPushQEl0yolov6n/input_layer1[0] | outputs: PushQEl3yolov6n/input_layer1
[2026-01-02 20:24:08.069] [6658] [HailoRT] [info] [pipeline.cpp:891] [print_deep_description] PushQEl3yolov6n/input_layer1 | inputs: PreInferEl3yolov6n/input_layer1[0] | outputs: AsyncHwEl(running in thread_id: 6736)
[2026-01-02 20:24:08.069] [6658] [HailoRT] [info] [pipeline.cpp:891] [print_deep_description] AsyncHwEl | inputs: PushQEl3yolov6n/input_layer1[0] | outputs: MultiPushQEl0YOLOX-Post-Process MultiPushQEl0YOLOX-Post-Process MultiPushQEl0YOLOX-Post-Process MultiPushQEl0YOLOX-Post-Process MultiPushQEl0YOLOX-Post-Process MultiPushQEl0YOLOX-Post-Process MultiPushQEl0YOLOX-Post-Process MultiPushQEl0YOLOX-Post-Process MultiPushQEl0YOLOX-Post-Process
[2026-01-02 20:24:08.069] [6658] [HailoRT] [info] [pipeline.cpp:891] [print_deep_description] MultiPushQEl0YOLOX-Post-Process | inputs: AsyncHwEl[0] AsyncHwEl[1] AsyncHwEl[2] AsyncHwEl[3] AsyncHwEl[4] AsyncHwEl[5] AsyncHwEl[6] AsyncHwEl[7] AsyncHwEl[8] | outputs: NmsPPMuxEl0YOLOX-Post-Process(running in thread_id: 6737)
[2026-01-02 20:24:08.069] [6658] [HailoRT] [info] [pipeline.cpp:891] [print_deep_description] NmsPPMuxEl0YOLOX-Post-Process | inputs: MultiPushQEl0YOLOX-Post-Process[0] | outputs: LastAsyncEl0NmsPPMuxEl0YOLOX-Post-Process
[2026-01-02 20:24:08.069] [6658] [HailoRT] [info] [pipeline.cpp:891] [print_deep_description] LastAsyncEl0NmsPPMuxEl0YOLOX-Post-Process | inputs: NmsPPMuxEl0YOLOX-Post-Process[0] | outputs: user
[2026-01-02 20:24:09.257] [6727] [HailoRT] [info] [hef.cpp:1929] [get_network_group_and_network_name] No name was given. Addressing all networks of default network_group: yolov6n
[2026-01-02 20:25:08.911] [6787] [HailoRT] [info] [device.cpp:49] [Device] OS Version: Linux 6.12.47+rpt-rpi-2712 #1 SMP PREEMPT Debian 1:6.12.47-1+rpt1~bookworm (2025-09-16) aarch64
[2026-01-02 20:25:08.913] [6787] [HailoRT] [info] [control.cpp:108] [control__parse_identify_results] firmware_version is: 4.20.0
[2026-01-02 20:25:08.914] [6787] [HailoRT] [info] [control.cpp:108] [control__parse_identify_results] firmware_version is: 4.20.0
[2026-01-02 20:25:08.973] [6795] [HailoRT] [info] [device.cpp:49] [Device] OS Version: Linux 6.12.47+rpt-rpi-2712 #1 SMP PREEMPT Debian 1:6.12.47-1+rpt1~bookworm (2025-09-16) aarch64
[2026-01-02 20:25:08.974] [6795] [HailoRT] [info] [control.cpp:108] [control__parse_identify_results] firmware_version is: 4.20.0
[2026-01-02 20:25:08.975] [6795] [HailoRT] [info] [control.cpp:108] [control__parse_identify_results] firmware_version is: 4.20.0
[2026-01-02 20:25:09.033] [6803] [HailoRT] [info] [device.cpp:49] [Device] OS Version: Linux 6.12.47+rpt-rpi-2712 #1 SMP PREEMPT Debian 1:6.12.47-1+rpt1~bookworm (2025-09-16) aarch64
[2026-01-02 20:25:09.035] [6803] [HailoRT] [info] [control.cpp:108] [control__parse_identify_results] firmware_version is: 4.20.0
[2026-01-02 20:25:09.036] [6803] [HailoRT] [info] [control.cpp:108] [control__parse_identify_results] firmware_version is: 4.20.0
[2026-01-02 20:25:09.130] [6756] [HailoRT] [info] [vdevice.cpp:523] [create] Creating vdevice with params: device_count: 1, scheduling_algorithm: ROUND_ROBIN, multi_process_service: false
[2026-01-02 20:25:09.141] [6756] [HailoRT] [info] [device.cpp:49] [Device] OS Version: Linux 6.12.47+rpt-rpi-2712 #1 SMP PREEMPT Debian 1:6.12.47-1+rpt1~bookworm (2025-09-16) aarch64
[2026-01-02 20:25:09.142] [6756] [HailoRT] [info] [control.cpp:108] [control__parse_identify_results] firmware_version is: 4.20.0
[2026-01-02 20:25:09.142] [6756] [HailoRT] [info] [vdevice.cpp:651] [create] VDevice Infos: 0001:01:00.0
[2026-01-02 20:25:09.163] [6756] [HailoRT] [info] [hef.cpp:1929] [get_network_group_and_network_name] No name was given. Addressing all networks of default network_group: yolov6n
[2026-01-02 20:25:09.163] [6756] [HailoRT] [info] [hef.cpp:1929] [get_network_group_and_network_name] No name was given. Addressing all networks of default network_group: yolov6n
[2026-01-02 20:25:09.181] [6756] [HailoRT] [info] [internal_buffer_manager.cpp:202] [print_execution_results] Default Internal buffer planner failed to meet requirements
[2026-01-02 20:25:09.181] [6756] [HailoRT] [info] [internal_buffer_manager.cpp:212] [print_execution_results] Default Internal buffer planner executed successfully
[2026-01-02 20:25:09.187] [6756] [HailoRT] [info] [device_internal.cpp:57] [configure] Configuring HEF took 13.087514 milliseconds
[2026-01-02 20:25:09.187] [6756] [HailoRT] [info] [vdevice.cpp:749] [configure] Configuring HEF on VDevice took 13.436219 milliseconds
[2026-01-02 20:25:09.187] [6756] [HailoRT] [info] [infer_model.cpp:436] [configure] Configuring network group 'yolov6n' with params: batch size: 2, power mode: PERFORMANCE, latency: NONE
[2026-01-02 20:25:09.187] [6756] [HailoRT] [info] [multi_io_elements.cpp:756] [create] Created (AsyncHwEl)
[2026-01-02 20:25:09.187] [6756] [HailoRT] [info] [queue_elements.cpp:450] [create] Created (EntryPushQEl0yolov6n/input_layer1 | timeout: 10s)
[2026-01-02 20:25:09.187] [6756] [HailoRT] [info] [filter_elements.cpp:101] [create] Created (PreInferEl3yolov6n/input_layer1 | Reorder - src_order: RGB4, src_shape: (640, 640, 3), dst_order: NHCW, dst_shape: (640, 640, 3))
[2026-01-02 20:25:09.187] [6756] [HailoRT] [info] [queue_elements.cpp:450] [create] Created (PushQEl3yolov6n/input_layer1 | timeout: 10s)
[2026-01-02 20:25:09.187] [6756] [HailoRT] [info] [multi_io_elements.cpp:135] [create] Created (NmsPPMuxEl0YOLOX-Post-Process | Op YOLOX, Name: YOLOX-Post-Process, Score threshold: 0.300, IoU threshold: 0.45, Classes: 80, Cross classes: false, NMS results order: BY_CLASS, Max bboxes per class: 100, Image height: 640, Image width: 640)
[2026-01-02 20:25:09.188] [6756] [HailoRT] [info] [queue_elements.cpp:942] [create] Created (MultiPushQEl0YOLOX-Post-Process | timeout: 10s)
[2026-01-02 20:25:09.188] [6756] [HailoRT] [info] [edge_elements.cpp:187] [create] Created (LastAsyncEl0NmsPPMuxEl0YOLOX-Post-Process)
[2026-01-02 20:25:09.188] [6756] [HailoRT] [info] [pipeline.cpp:891] [print_deep_description] EntryPushQEl0yolov6n/input_layer1 | inputs: user | outputs: PreInferEl3yolov6n/input_layer1(running in thread_id: 6833)
[2026-01-02 20:25:09.188] [6756] [HailoRT] [info] [pipeline.cpp:891] [print_deep_description] PreInferEl3yolov6n/input_layer1 | inputs: EntryPushQEl0yolov6n/input_layer1[0] | outputs: PushQEl3yolov6n/input_layer1
[2026-01-02 20:25:09.188] [6756] [HailoRT] [info] [pipeline.cpp:891] [print_deep_description] PushQEl3yolov6n/input_layer1 | inputs: PreInferEl3yolov6n/input_layer1[0] | outputs: AsyncHwEl(running in thread_id: 6834)
[2026-01-02 20:25:09.188] [6756] [HailoRT] [info] [pipeline.cpp:891] [print_deep_description] AsyncHwEl | inputs: PushQEl3yolov6n/input_layer1[0] | outputs: MultiPushQEl0YOLOX-Post-Process MultiPushQEl0YOLOX-Post-Process MultiPushQEl0YOLOX-Post-Process MultiPushQEl0YOLOX-Post-Process MultiPushQEl0YOLOX-Post-Process MultiPushQEl0YOLOX-Post-Process MultiPushQEl0YOLOX-Post-Process MultiPushQEl0YOLOX-Post-Process MultiPushQEl0YOLOX-Post-Process
[2026-01-02 20:25:09.188] [6756] [HailoRT] [info] [pipeline.cpp:891] [print_deep_description] MultiPushQEl0YOLOX-Post-Process | inputs: AsyncHwEl[0] AsyncHwEl[1] AsyncHwEl[2] AsyncHwEl[3] AsyncHwEl[4] AsyncHwEl[5] AsyncHwEl[6] AsyncHwEl[7] AsyncHwEl[8] | outputs: NmsPPMuxEl0YOLOX-Post-Process(running in thread_id: 6835)
[2026-01-02 20:25:09.188] [6756] [HailoRT] [info] [pipeline.cpp:891] [print_deep_description] NmsPPMuxEl0YOLOX-Post-Process | inputs: MultiPushQEl0YOLOX-Post-Process[0] | outputs: LastAsyncEl0NmsPPMuxEl0YOLOX-Post-Process
[2026-01-02 20:25:09.188] [6756] [HailoRT] [info] [pipeline.cpp:891] [print_deep_description] LastAsyncEl0NmsPPMuxEl0YOLOX-Post-Process | inputs: NmsPPMuxEl0YOLOX-Post-Process[0] | outputs: user
[2026-01-02 20:25:10.424] [6825] [HailoRT] [info] [hef.cpp:1929] [get_network_group_and_network_name] No name was given. Addressing all networks of default network_group: yolov6n
[2026-01-02 20:25:37.561] [6960] [HailoRT] [info] [device.cpp:49] [Device] OS Version: Linux 6.12.47+rpt-rpi-2712 #1 SMP PREEMPT Debian 1:6.12.47-1+rpt1~bookworm (2025-09-16) aarch64
[2026-01-02 20:25:37.562] [6960] [HailoRT] [info] [control.cpp:108] [control__parse_identify_results] firmware_version is: 4.20.0
[2026-01-02 20:25:37.563] [6960] [HailoRT] [info] [control.cpp:108] [control__parse_identify_results] firmware_version is: 4.20.0
[2026-01-02 20:25:37.617] [6968] [HailoRT] [info] [device.cpp:49] [Device] OS Version: Linux 6.12.47+rpt-rpi-2712 #1 SMP PREEMPT Debian 1:6.12.47-1+rpt1~bookworm (2025-09-16) aarch64
[2026-01-02 20:25:37.618] [6968] [HailoRT] [info] [control.cpp:108] [control__parse_identify_results] firmware_version is: 4.20.0
[2026-01-02 20:25:37.619] [6968] [HailoRT] [info] [control.cpp:108] [control__parse_identify_results] firmware_version is: 4.20.0
[2026-01-02 20:25:37.669] [6976] [HailoRT] [info] [device.cpp:49] [Device] OS Version: Linux 6.12.47+rpt-rpi-2712 #1 SMP PREEMPT Debian 1:6.12.47-1+rpt1~bookworm (2025-09-16) aarch64
[2026-01-02 20:25:37.671] [6976] [HailoRT] [info] [control.cpp:108] [control__parse_identify_results] firmware_version is: 4.20.0
[2026-01-02 20:25:37.671] [6976] [HailoRT] [info] [control.cpp:108] [control__parse_identify_results] firmware_version is: 4.20.0
[2026-01-02 20:25:37.753] [6929] [HailoRT] [info] [vdevice.cpp:523] [create] Creating vdevice with params: device_count: 1, scheduling_algorithm: ROUND_ROBIN, multi_process_service: false
[2026-01-02 20:25:37.765] [6929] [HailoRT] [info] [device.cpp:49] [Device] OS Version: Linux 6.12.47+rpt-rpi-2712 #1 SMP PREEMPT Debian 1:6.12.47-1+rpt1~bookworm (2025-09-16) aarch64
[2026-01-02 20:25:37.766] [6929] [HailoRT] [info] [control.cpp:108] [control__parse_identify_results] firmware_version is: 4.20.0
[2026-01-02 20:25:37.766] [6929] [HailoRT] [info] [vdevice.cpp:651] [create] VDevice Infos: 0001:01:00.0
[2026-01-02 20:25:37.787] [6929] [HailoRT] [info] [hef.cpp:1929] [get_network_group_and_network_name] No name was given. Addressing all networks of default network_group: yolov6n
[2026-01-02 20:25:37.787] [6929] [HailoRT] [info] [hef.cpp:1929] [get_network_group_and_network_name] No name was given. Addressing all networks of default network_group: yolov6n
[2026-01-02 20:25:37.803] [6929] [HailoRT] [info] [internal_buffer_manager.cpp:202] [print_execution_results] Default Internal buffer planner failed to meet requirements
[2026-01-02 20:25:37.803] [6929] [HailoRT] [info] [internal_buffer_manager.cpp:212] [print_execution_results] Default Internal buffer planner executed successfully
[2026-01-02 20:25:37.809] [6929] [HailoRT] [info] [device_internal.cpp:57] [configure] Configuring HEF took 12.081452 milliseconds
[2026-01-02 20:25:37.810] [6929] [HailoRT] [info] [vdevice.cpp:749] [configure] Configuring HEF on VDevice took 12.442712 milliseconds
[2026-01-02 20:25:37.810] [6929] [HailoRT] [info] [infer_model.cpp:436] [configure] Configuring network group 'yolov6n' with params: batch size: 2, power mode: PERFORMANCE, latency: NONE
[2026-01-02 20:25:37.810] [6929] [HailoRT] [info] [multi_io_elements.cpp:756] [create] Created (AsyncHwEl)
[2026-01-02 20:25:37.810] [6929] [HailoRT] [info] [queue_elements.cpp:450] [create] Created (EntryPushQEl0yolov6n/input_layer1 | timeout: 10s)
[2026-01-02 20:25:37.810] [6929] [HailoRT] [info] [filter_elements.cpp:101] [create] Created (PreInferEl3yolov6n/input_layer1 | Reorder - src_order: RGB4, src_shape: (640, 640, 3), dst_order: NHCW, dst_shape: (640, 640, 3))
[2026-01-02 20:25:37.810] [6929] [HailoRT] [info] [queue_elements.cpp:450] [create] Created (PushQEl3yolov6n/input_layer1 | timeout: 10s)
[2026-01-02 20:25:37.810] [6929] [HailoRT] [info] [multi_io_elements.cpp:135] [create] Created (NmsPPMuxEl0YOLOX-Post-Process | Op YOLOX, Name: YOLOX-Post-Process, Score threshold: 0.300, IoU threshold: 0.45, Classes: 80, Cross classes: false, NMS results order: BY_CLASS, Max bboxes per class: 100, Image height: 640, Image width: 640)
[2026-01-02 20:25:37.811] [6929] [HailoRT] [info] [queue_elements.cpp:942] [create] Created (MultiPushQEl0YOLOX-Post-Process | timeout: 10s)
[2026-01-02 20:25:37.811] [6929] [HailoRT] [info] [edge_elements.cpp:187] [create] Created (LastAsyncEl0NmsPPMuxEl0YOLOX-Post-Process)
[2026-01-02 20:25:37.811] [6929] [HailoRT] [info] [pipeline.cpp:891] [print_deep_description] EntryPushQEl0yolov6n/input_layer1 | inputs: user | outputs: PreInferEl3yolov6n/input_layer1(running in thread_id: 7006)
[2026-01-02 20:25:37.811] [6929] [HailoRT] [info] [pipeline.cpp:891] [print_deep_description] PreInferEl3yolov6n/input_layer1 | inputs: EntryPushQEl0yolov6n/input_layer1[0] | outputs: PushQEl3yolov6n/input_layer1
[2026-01-02 20:25:37.811] [6929] [HailoRT] [info] [pipeline.cpp:891] [print_deep_description] PushQEl3yolov6n/input_layer1 | inputs: PreInferEl3yolov6n/input_layer1[0] | outputs: AsyncHwEl(running in thread_id: 7007)
[2026-01-02 20:25:37.811] [6929] [HailoRT] [info] [pipeline.cpp:891] [print_deep_description] AsyncHwEl | inputs: PushQEl3yolov6n/input_layer1[0] | outputs: MultiPushQEl0YOLOX-Post-Process MultiPushQEl0YOLOX-Post-Process MultiPushQEl0YOLOX-Post-Process MultiPushQEl0YOLOX-Post-Process MultiPushQEl0YOLOX-Post-Process MultiPushQEl0YOLOX-Post-Process MultiPushQEl0YOLOX-Post-Process MultiPushQEl0YOLOX-Post-Process MultiPushQEl0YOLOX-Post-Process
[2026-01-02 20:25:37.811] [6929] [HailoRT] [info] [pipeline.cpp:891] [print_deep_description] MultiPushQEl0YOLOX-Post-Process | inputs: AsyncHwEl[0] AsyncHwEl[1] AsyncHwEl[2] AsyncHwEl[3] AsyncHwEl[4] AsyncHwEl[5] AsyncHwEl[6] AsyncHwEl[7] AsyncHwEl[8] | outputs: NmsPPMuxEl0YOLOX-Post-Process(running in thread_id: 7008)
[2026-01-02 20:25:37.811] [6929] [HailoRT] [info] [pipeline.cpp:891] [print_deep_description] NmsPPMuxEl0YOLOX-Post-Process | inputs: MultiPushQEl0YOLOX-Post-Process[0] | outputs: LastAsyncEl0NmsPPMuxEl0YOLOX-Post-Process
[2026-01-02 20:25:37.811] [6929] [HailoRT] [info] [pipeline.cpp:891] [print_deep_description] LastAsyncEl0NmsPPMuxEl0YOLOX-Post-Process | inputs: NmsPPMuxEl0YOLOX-Post-Process[0] | outputs: user
[2026-01-02 20:25:38.997] [6998] [HailoRT] [info] [hef.cpp:1929] [get_network_group_and_network_name] No name was given. Addressing all networks of default network_group: yolov6n
[2026-01-02 20:26:26.065] [7076] [HailoRT] [info] [device.cpp:49] [Device] OS Version: Linux 6.12.47+rpt-rpi-2712 #1 SMP PREEMPT Debian 1:6.12.47-1+rpt1~bookworm (2025-09-16) aarch64
[2026-01-02 20:26:26.066] [7076] [HailoRT] [info] [control.cpp:108] [control__parse_identify_results] firmware_version is: 4.20.0
[2026-01-02 20:26:26.067] [7076] [HailoRT] [info] [control.cpp:108] [control__parse_identify_results] firmware_version is: 4.20.0
[2026-01-02 20:26:26.121] [7084] [HailoRT] [info] [device.cpp:49] [Device] OS Version: Linux 6.12.47+rpt-rpi-2712 #1 SMP PREEMPT Debian 1:6.12.47-1+rpt1~bookworm (2025-09-16) aarch64
[2026-01-02 20:26:26.122] [7084] [HailoRT] [info] [control.cpp:108] [control__parse_identify_results] firmware_version is: 4.20.0
[2026-01-02 20:26:26.123] [7084] [HailoRT] [info] [control.cpp:108] [control__parse_identify_results] firmware_version is: 4.20.0
[2026-01-02 20:26:26.177] [7092] [HailoRT] [info] [device.cpp:49] [Device] OS Version: Linux 6.12.47+rpt-rpi-2712 #1 SMP PREEMPT Debian 1:6.12.47-1+rpt1~bookworm (2025-09-16) aarch64
[2026-01-02 20:26:26.178] [7092] [HailoRT] [info] [control.cpp:108] [control__parse_identify_results] firmware_version is: 4.20.0
[2026-01-02 20:26:26.179] [7092] [HailoRT] [info] [control.cpp:108] [control__parse_identify_results] firmware_version is: 4.20.0
[2026-01-02 20:26:26.278] [7045] [HailoRT] [info] [vdevice.cpp:523] [create] Creating vdevice with params: device_count: 1, scheduling_algorithm: ROUND_ROBIN, multi_process_service: false
[2026-01-02 20:26:26.289] [7045] [HailoRT] [info] [device.cpp:49] [Device] OS Version: Linux 6.12.47+rpt-rpi-2712 #1 SMP PREEMPT Debian 1:6.12.47-1+rpt1~bookworm (2025-09-16) aarch64
[2026-01-02 20:26:26.291] [7045] [HailoRT] [info] [control.cpp:108] [control__parse_identify_results] firmware_version is: 4.20.0
[2026-01-02 20:26:26.291] [7045] [HailoRT] [info] [vdevice.cpp:651] [create] VDevice Infos: 0001:01:00.0
[2026-01-02 20:26:26.320] [7045] [HailoRT] [info] [hef.cpp:1929] [get_network_group_and_network_name] No name was given. Addressing all networks of default network_group: yolov6n
[2026-01-02 20:26:26.320] [7045] [HailoRT] [info] [hef.cpp:1929] [get_network_group_and_network_name] No name was given. Addressing all networks of default network_group: yolov6n
[2026-01-02 20:26:26.340] [7045] [HailoRT] [info] [internal_buffer_manager.cpp:202] [print_execution_results] Default Internal buffer planner failed to meet requirements
[2026-01-02 20:26:26.340] [7045] [HailoRT] [info] [internal_buffer_manager.cpp:212] [print_execution_results] Default Internal buffer planner executed successfully
[2026-01-02 20:26:26.350] [7045] [HailoRT] [info] [device_internal.cpp:57] [configure] Configuring HEF took 15.463328 milliseconds
[2026-01-02 20:26:26.350] [7045] [HailoRT] [info] [vdevice.cpp:749] [configure] Configuring HEF on VDevice took 15.82157 milliseconds
[2026-01-02 20:26:26.350] [7045] [HailoRT] [info] [infer_model.cpp:436] [configure] Configuring network group 'yolov6n' with params: batch size: 2, power mode: PERFORMANCE, latency: NONE
[2026-01-02 20:26:26.350] [7045] [HailoRT] [info] [multi_io_elements.cpp:756] [create] Created (AsyncHwEl)
[2026-01-02 20:26:26.350] [7045] [HailoRT] [info] [queue_elements.cpp:450] [create] Created (EntryPushQEl0yolov6n/input_layer1 | timeout: 10s)
[2026-01-02 20:26:26.350] [7045] [HailoRT] [info] [filter_elements.cpp:101] [create] Created (PreInferEl3yolov6n/input_layer1 | Reorder - src_order: RGB4, src_shape: (640, 640, 3), dst_order: NHCW, dst_shape: (640, 640, 3))
[2026-01-02 20:26:26.350] [7045] [HailoRT] [info] [queue_elements.cpp:450] [create] Created (PushQEl3yolov6n/input_layer1 | timeout: 10s)
[2026-01-02 20:26:26.350] [7045] [HailoRT] [info] [multi_io_elements.cpp:135] [create] Created (NmsPPMuxEl0YOLOX-Post-Process | Op YOLOX, Name: YOLOX-Post-Process, Score threshold: 0.300, IoU threshold: 0.45, Classes: 80, Cross classes: false, NMS results order: BY_CLASS, Max bboxes per class: 100, Image height: 640, Image width: 640)
[2026-01-02 20:26:26.351] [7045] [HailoRT] [info] [queue_elements.cpp:942] [create] Created (MultiPushQEl0YOLOX-Post-Process | timeout: 10s)
[2026-01-02 20:26:26.351] [7045] [HailoRT] [info] [edge_elements.cpp:187] [create] Created (LastAsyncEl0NmsPPMuxEl0YOLOX-Post-Process)
[2026-01-02 20:26:26.351] [7045] [HailoRT] [info] [pipeline.cpp:891] [print_deep_description] EntryPushQEl0yolov6n/input_layer1 | inputs: user | outputs: PreInferEl3yolov6n/input_layer1(running in thread_id: 7122)
[2026-01-02 20:26:26.351] [7045] [HailoRT] [info] [pipeline.cpp:891] [print_deep_description] PreInferEl3yolov6n/input_layer1 | inputs: EntryPushQEl0yolov6n/input_layer1[0] | outputs: PushQEl3yolov6n/input_layer1
[2026-01-02 20:26:26.351] [7045] [HailoRT] [info] [pipeline.cpp:891] [print_deep_description] PushQEl3yolov6n/input_layer1 | inputs: PreInferEl3yolov6n/input_layer1[0] | outputs: AsyncHwEl(running in thread_id: 7123)
[2026-01-02 20:26:26.351] [7045] [HailoRT] [info] [pipeline.cpp:891] [print_deep_description] AsyncHwEl | inputs: PushQEl3yolov6n/input_layer1[0] | outputs: MultiPushQEl0YOLOX-Post-Process MultiPushQEl0YOLOX-Post-Process MultiPushQEl0YOLOX-Post-Process MultiPushQEl0YOLOX-Post-Process MultiPushQEl0YOLOX-Post-Process MultiPushQEl0YOLOX-Post-Process MultiPushQEl0YOLOX-Post-Process MultiPushQEl0YOLOX-Post-Process MultiPushQEl0YOLOX-Post-Process
[2026-01-02 20:26:26.351] [7045] [HailoRT] [info] [pipeline.cpp:891] [print_deep_description] MultiPushQEl0YOLOX-Post-Process | inputs: AsyncHwEl[0] AsyncHwEl[1] AsyncHwEl[2] AsyncHwEl[3] AsyncHwEl[4] AsyncHwEl[5] AsyncHwEl[6] AsyncHwEl[7] AsyncHwEl[8] | outputs: NmsPPMuxEl0YOLOX-Post-Process(running in thread_id: 7124)
[2026-01-02 20:26:26.351] [7045] [HailoRT] [info] [pipeline.cpp:891] [print_deep_description] NmsPPMuxEl0YOLOX-Post-Process | inputs: MultiPushQEl0YOLOX-Post-Process[0] | outputs: LastAsyncEl0NmsPPMuxEl0YOLOX-Post-Process
[2026-01-02 20:26:26.351] [7045] [HailoRT] [info] [pipeline.cpp:891] [print_deep_description] LastAsyncEl0NmsPPMuxEl0YOLOX-Post-Process | inputs: NmsPPMuxEl0YOLOX-Post-Process[0] | outputs: user
[2026-01-02 20:26:27.540] [7114] [HailoRT] [info] [hef.cpp:1929] [get_network_group_and_network_name] No name was given. Addressing all networks of default network_group: yolov6n
[2026-01-02 20:27:04.996] [7169] [HailoRT] [info] [device.cpp:49] [Device] OS Version: Linux 6.12.47+rpt-rpi-2712 #1 SMP PREEMPT Debian 1:6.12.47-1+rpt1~bookworm (2025-09-16) aarch64
[2026-01-02 20:27:04.997] [7169] [HailoRT] [info] [control.cpp:108] [control__parse_identify_results] firmware_version is: 4.20.0
[2026-01-02 20:27:04.998] [7169] [HailoRT] [info] [control.cpp:108] [control__parse_identify_results] firmware_version is: 4.20.0
[2026-01-02 20:27:05.049] [7177] [HailoRT] [info] [device.cpp:49] [Device] OS Version: Linux 6.12.47+rpt-rpi-2712 #1 SMP PREEMPT Debian 1:6.12.47-1+rpt1~bookworm (2025-09-16) aarch64
[2026-01-02 20:27:05.050] [7177] [HailoRT] [info] [control.cpp:108] [control__parse_identify_results] firmware_version is: 4.20.0
[2026-01-02 20:27:05.051] [7177] [HailoRT] [info] [control.cpp:108] [control__parse_identify_results] firmware_version is: 4.20.0
[2026-01-02 20:27:05.093] [7185] [HailoRT] [info] [device.cpp:49] [Device] OS Version: Linux 6.12.47+rpt-rpi-2712 #1 SMP PREEMPT Debian 1:6.12.47-1+rpt1~bookworm (2025-09-16) aarch64
[2026-01-02 20:27:05.095] [7185] [HailoRT] [info] [control.cpp:108] [control__parse_identify_results] firmware_version is: 4.20.0
[2026-01-02 20:27:05.095] [7185] [HailoRT] [info] [control.cpp:108] [control__parse_identify_results] firmware_version is: 4.20.0
[2026-01-02 20:27:05.193] [7138] [HailoRT] [info] [vdevice.cpp:523] [create] Creating vdevice with params: device_count: 1, scheduling_algorithm: ROUND_ROBIN, multi_process_service: false
[2026-01-02 20:27:05.205] [7138] [HailoRT] [info] [device.cpp:49] [Device] OS Version: Linux 6.12.47+rpt-rpi-2712 #1 SMP PREEMPT Debian 1:6.12.47-1+rpt1~bookworm (2025-09-16) aarch64
[2026-01-02 20:27:05.206] [7138] [HailoRT] [info] [control.cpp:108] [control__parse_identify_results] firmware_version is: 4.20.0
[2026-01-02 20:27:05.206] [7138] [HailoRT] [info] [vdevice.cpp:651] [create] VDevice Infos: 0001:01:00.0
[2026-01-02 20:27:05.227] [7138] [HailoRT] [info] [hef.cpp:1929] [get_network_group_and_network_name] No name was given. Addressing all networks of default network_group: yolov6n
[2026-01-02 20:27:05.227] [7138] [HailoRT] [info] [hef.cpp:1929] [get_network_group_and_network_name] No name was given. Addressing all networks of default network_group: yolov6n
[2026-01-02 20:27:05.244] [7138] [HailoRT] [info] [internal_buffer_manager.cpp:202] [print_execution_results] Default Internal buffer planner failed to meet requirements
[2026-01-02 20:27:05.244] [7138] [HailoRT] [info] [internal_buffer_manager.cpp:212] [print_execution_results] Default Internal buffer planner executed successfully
[2026-01-02 20:27:05.250] [7138] [HailoRT] [info] [device_internal.cpp:57] [configure] Configuring HEF took 13.144372 milliseconds
[2026-01-02 20:27:05.251] [7138] [HailoRT] [info] [vdevice.cpp:749] [configure] Configuring HEF on VDevice took 13.490651 milliseconds
[2026-01-02 20:27:05.251] [7138] [HailoRT] [info] [infer_model.cpp:436] [configure] Configuring network group 'yolov6n' with params: batch size: 2, power mode: PERFORMANCE, latency: NONE
[2026-01-02 20:27:05.251] [7138] [HailoRT] [info] [multi_io_elements.cpp:756] [create] Created (AsyncHwEl)
[2026-01-02 20:27:05.251] [7138] [HailoRT] [info] [queue_elements.cpp:450] [create] Created (EntryPushQEl0yolov6n/input_layer1 | timeout: 10s)
[2026-01-02 20:27:05.251] [7138] [HailoRT] [info] [filter_elements.cpp:101] [create] Created (PreInferEl3yolov6n/input_layer1 | Reorder - src_order: RGB4, src_shape: (640, 640, 3), dst_order: NHCW, dst_shape: (640, 640, 3))
[2026-01-02 20:27:05.251] [7138] [HailoRT] [info] [queue_elements.cpp:450] [create] Created (PushQEl3yolov6n/input_layer1 | timeout: 10s)
[2026-01-02 20:27:05.251] [7138] [HailoRT] [info] [multi_io_elements.cpp:135] [create] Created (NmsPPMuxEl0YOLOX-Post-Process | Op YOLOX, Name: YOLOX-Post-Process, Score threshold: 0.300, IoU threshold: 0.45, Classes: 80, Cross classes: false, NMS results order: BY_CLASS, Max bboxes per class: 100, Image height: 640, Image width: 640)
[2026-01-02 20:27:05.252] [7138] [HailoRT] [info] [queue_elements.cpp:942] [create] Created (MultiPushQEl0YOLOX-Post-Process | timeout: 10s)
[2026-01-02 20:27:05.252] [7138] [HailoRT] [info] [edge_elements.cpp:187] [create] Created (LastAsyncEl0NmsPPMuxEl0YOLOX-Post-Process)
[2026-01-02 20:27:05.252] [7138] [HailoRT] [info] [pipeline.cpp:891] [print_deep_description] EntryPushQEl0yolov6n/input_layer1 | inputs: user | outputs: PreInferEl3yolov6n/input_layer1(running in thread_id: 7215)
[2026-01-02 20:27:05.252] [7138] [HailoRT] [info] [pipeline.cpp:891] [print_deep_description] PreInferEl3yolov6n/input_layer1 | inputs: EntryPushQEl0yolov6n/input_layer1[0] | outputs: PushQEl3yolov6n/input_layer1
[2026-01-02 20:27:05.252] [7138] [HailoRT] [info] [pipeline.cpp:891] [print_deep_description] PushQEl3yolov6n/input_layer1 | inputs: PreInferEl3yolov6n/input_layer1[0] | outputs: AsyncHwEl(running in thread_id: 7216)
[2026-01-02 20:27:05.252] [7138] [HailoRT] [info] [pipeline.cpp:891] [print_deep_description] AsyncHwEl | inputs: PushQEl3yolov6n/input_layer1[0] | outputs: MultiPushQEl0YOLOX-Post-Process MultiPushQEl0YOLOX-Post-Process MultiPushQEl0YOLOX-Post-Process MultiPushQEl0YOLOX-Post-Process MultiPushQEl0YOLOX-Post-Process MultiPushQEl0YOLOX-Post-Process MultiPushQEl0YOLOX-Post-Process MultiPushQEl0YOLOX-Post-Process MultiPushQEl0YOLOX-Post-Process
[2026-01-02 20:27:05.252] [7138] [HailoRT] [info] [pipeline.cpp:891] [print_deep_description] MultiPushQEl0YOLOX-Post-Process | inputs: AsyncHwEl[0] AsyncHwEl[1] AsyncHwEl[2] AsyncHwEl[3] AsyncHwEl[4] AsyncHwEl[5] AsyncHwEl[6] AsyncHwEl[7] AsyncHwEl[8] | outputs: NmsPPMuxEl0YOLOX-Post-Process(running in thread_id: 7217)
[2026-01-02 20:27:05.252] [7138] [HailoRT] [info] [pipeline.cpp:891] [print_deep_description] NmsPPMuxEl0YOLOX-Post-Process | inputs: MultiPushQEl0YOLOX-Post-Process[0] | outputs: LastAsyncEl0NmsPPMuxEl0YOLOX-Post-Process
[2026-01-02 20:27:05.252] [7138] [HailoRT] [info] [pipeline.cpp:891] [print_deep_description] LastAsyncEl0NmsPPMuxEl0YOLOX-Post-Process | inputs: NmsPPMuxEl0YOLOX-Post-Process[0] | outputs: user
[2026-01-02 20:27:06.466] [7207] [HailoRT] [info] [hef.cpp:1929] [get_network_group_and_network_name] No name was given. Addressing all networks of default network_group: yolov6n
[2026-01-02 20:29:03.341] [7360] [HailoRT] [info] [device.cpp:49] [Device] OS Version: Linux 6.12.47+rpt-rpi-2712 #1 SMP PREEMPT Debian 1:6.12.47-1+rpt1~bookworm (2025-09-16) aarch64
[2026-01-02 20:29:03.342] [7360] [HailoRT] [info] [control.cpp:108] [control__parse_identify_results] firmware_version is: 4.20.0
[2026-01-02 20:29:03.343] [7360] [HailoRT] [info] [control.cpp:108] [control__parse_identify_results] firmware_version is: 4.20.0
[2026-01-02 20:29:03.401] [7377] [HailoRT] [info] [device.cpp:49] [Device] OS Version: Linux 6.12.47+rpt-rpi-2712 #1 SMP PREEMPT Debian 1:6.12.47-1+rpt1~bookworm (2025-09-16) aarch64
[2026-01-02 20:29:03.403] [7377] [HailoRT] [info] [control.cpp:108] [control__parse_identify_results] firmware_version is: 4.20.0
[2026-01-02 20:29:03.403] [7377] [HailoRT] [info] [control.cpp:108] [control__parse_identify_results] firmware_version is: 4.20.0
[2026-01-02 20:29:03.457] [7385] [HailoRT] [info] [device.cpp:49] [Device] OS Version: Linux 6.12.47+rpt-rpi-2712 #1 SMP PREEMPT Debian 1:6.12.47-1+rpt1~bookworm (2025-09-16) aarch64
[2026-01-02 20:29:03.458] [7385] [HailoRT] [info] [control.cpp:108] [control__parse_identify_results] firmware_version is: 4.20.0
[2026-01-02 20:29:03.459] [7385] [HailoRT] [info] [control.cpp:108] [control__parse_identify_results] firmware_version is: 4.20.0
[2026-01-02 20:29:03.541] [7329] [HailoRT] [info] [vdevice.cpp:523] [create] Creating vdevice with params: device_count: 1, scheduling_algorithm: ROUND_ROBIN, multi_process_service: false
[2026-01-02 20:29:03.553] [7329] [HailoRT] [info] [device.cpp:49] [Device] OS Version: Linux 6.12.47+rpt-rpi-2712 #1 SMP PREEMPT Debian 1:6.12.47-1+rpt1~bookworm (2025-09-16) aarch64
[2026-01-02 20:29:03.554] [7329] [HailoRT] [info] [control.cpp:108] [control__parse_identify_results] firmware_version is: 4.20.0
[2026-01-02 20:29:03.554] [7329] [HailoRT] [info] [vdevice.cpp:651] [create] VDevice Infos: 0001:01:00.0
[2026-01-02 20:29:03.575] [7329] [HailoRT] [info] [hef.cpp:1929] [get_network_group_and_network_name] No name was given. Addressing all networks of default network_group: yolov6n
[2026-01-02 20:29:03.575] [7329] [HailoRT] [info] [hef.cpp:1929] [get_network_group_and_network_name] No name was given. Addressing all networks of default network_group: yolov6n
[2026-01-02 20:29:03.593] [7329] [HailoRT] [info] [internal_buffer_manager.cpp:202] [print_execution_results] Default Internal buffer planner failed to meet requirements
[2026-01-02 20:29:03.593] [7329] [HailoRT] [info] [internal_buffer_manager.cpp:212] [print_execution_results] Default Internal buffer planner executed successfully
[2026-01-02 20:29:03.599] [7329] [HailoRT] [info] [device_internal.cpp:57] [configure] Configuring HEF took 13.130435 milliseconds
[2026-01-02 20:29:03.599] [7329] [HailoRT] [info] [vdevice.cpp:749] [configure] Configuring HEF on VDevice took 13.483696 milliseconds
[2026-01-02 20:29:03.599] [7329] [HailoRT] [info] [infer_model.cpp:436] [configure] Configuring network group 'yolov6n' with params: batch size: 2, power mode: PERFORMANCE, latency: NONE
[2026-01-02 20:29:03.599] [7329] [HailoRT] [info] [multi_io_elements.cpp:756] [create] Created (AsyncHwEl)
[2026-01-02 20:29:03.599] [7329] [HailoRT] [info] [queue_elements.cpp:450] [create] Created (EntryPushQEl0yolov6n/input_layer1 | timeout: 10s)
[2026-01-02 20:29:03.600] [7329] [HailoRT] [info] [filter_elements.cpp:101] [create] Created (PreInferEl3yolov6n/input_layer1 | Reorder - src_order: RGB4, src_shape: (640, 640, 3), dst_order: NHCW, dst_shape: (640, 640, 3))
[2026-01-02 20:29:03.600] [7329] [HailoRT] [info] [queue_elements.cpp:450] [create] Created (PushQEl3yolov6n/input_layer1 | timeout: 10s)
[2026-01-02 20:29:03.600] [7329] [HailoRT] [info] [multi_io_elements.cpp:135] [create] Created (NmsPPMuxEl0YOLOX-Post-Process | Op YOLOX, Name: YOLOX-Post-Process, Score threshold: 0.300, IoU threshold: 0.45, Classes: 80, Cross classes: false, NMS results order: BY_CLASS, Max bboxes per class: 100, Image height: 640, Image width: 640)
[2026-01-02 20:29:03.600] [7329] [HailoRT] [info] [queue_elements.cpp:942] [create] Created (MultiPushQEl0YOLOX-Post-Process | timeout: 10s)
[2026-01-02 20:29:03.600] [7329] [HailoRT] [info] [edge_elements.cpp:187] [create] Created (LastAsyncEl0NmsPPMuxEl0YOLOX-Post-Process)
[2026-01-02 20:29:03.600] [7329] [HailoRT] [info] [pipeline.cpp:891] [print_deep_description] EntryPushQEl0yolov6n/input_layer1 | inputs: user | outputs: PreInferEl3yolov6n/input_layer1(running in thread_id: 7415)
[2026-01-02 20:29:03.600] [7329] [HailoRT] [info] [pipeline.cpp:891] [print_deep_description] PreInferEl3yolov6n/input_layer1 | inputs: EntryPushQEl0yolov6n/input_layer1[0] | outputs: PushQEl3yolov6n/input_layer1
[2026-01-02 20:29:03.600] [7329] [HailoRT] [info] [pipeline.cpp:891] [print_deep_description] PushQEl3yolov6n/input_layer1 | inputs: PreInferEl3yolov6n/input_layer1[0] | outputs: AsyncHwEl(running in thread_id: 7416)
[2026-01-02 20:29:03.600] [7329] [HailoRT] [info] [pipeline.cpp:891] [print_deep_description] AsyncHwEl | inputs: PushQEl3yolov6n/input_layer1[0] | outputs: MultiPushQEl0YOLOX-Post-Process MultiPushQEl0YOLOX-Post-Process MultiPushQEl0YOLOX-Post-Process MultiPushQEl0YOLOX-Post-Process MultiPushQEl0YOLOX-Post-Process MultiPushQEl0YOLOX-Post-Process MultiPushQEl0YOLOX-Post-Process MultiPushQEl0YOLOX-Post-Process MultiPushQEl0YOLOX-Post-Process
[2026-01-02 20:29:03.600] [7329] [HailoRT] [info] [pipeline.cpp:891] [print_deep_description] MultiPushQEl0YOLOX-Post-Process | inputs: AsyncHwEl[0] AsyncHwEl[1] AsyncHwEl[2] AsyncHwEl[3] AsyncHwEl[4] AsyncHwEl[5] AsyncHwEl[6] AsyncHwEl[7] AsyncHwEl[8] | outputs: NmsPPMuxEl0YOLOX-Post-Process(running in thread_id: 7417)
[2026-01-02 20:29:03.600] [7329] [HailoRT] [info] [pipeline.cpp:891] [print_deep_description] NmsPPMuxEl0YOLOX-Post-Process | inputs: MultiPushQEl0YOLOX-Post-Process[0] | outputs: LastAsyncEl0NmsPPMuxEl0YOLOX-Post-Process
[2026-01-02 20:29:03.600] [7329] [HailoRT] [info] [pipeline.cpp:891] [print_deep_description] LastAsyncEl0NmsPPMuxEl0YOLOX-Post-Process | inputs: NmsPPMuxEl0YOLOX-Post-Process[0] | outputs: user
[2026-01-02 20:29:04.836] [7407] [HailoRT] [info] [hef.cpp:1929] [get_network_group_and_network_name] No name was given. Addressing all networks of default network_group: yolov6n
[2026-01-02 20:31:14.581] [7462] [HailoRT] [info] [device.cpp:49] [Device] OS Version: Linux 6.12.47+rpt-rpi-2712 #1 SMP PREEMPT Debian 1:6.12.47-1+rpt1~bookworm (2025-09-16) aarch64
[2026-01-02 20:31:14.582] [7462] [HailoRT] [info] [control.cpp:108] [control__parse_identify_results] firmware_version is: 4.20.0
[2026-01-02 20:31:14.583] [7462] [HailoRT] [info] [control.cpp:108] [control__parse_identify_results] firmware_version is: 4.20.0
[2026-01-02 20:31:14.633] [7470] [HailoRT] [info] [device.cpp:49] [Device] OS Version: Linux 6.12.47+rpt-rpi-2712 #1 SMP PREEMPT Debian 1:6.12.47-1+rpt1~bookworm (2025-09-16) aarch64
[2026-01-02 20:31:14.634] [7470] [HailoRT] [info] [control.cpp:108] [control__parse_identify_results] firmware_version is: 4.20.0
[2026-01-02 20:31:14.635] [7470] [HailoRT] [info] [control.cpp:108] [control__parse_identify_results] firmware_version is: 4.20.0
[2026-01-02 20:31:14.677] [7478] [HailoRT] [info] [device.cpp:49] [Device] OS Version: Linux 6.12.47+rpt-rpi-2712 #1 SMP PREEMPT Debian 1:6.12.47-1+rpt1~bookworm (2025-09-16) aarch64
[2026-01-02 20:31:14.679] [7478] [HailoRT] [info] [control.cpp:108] [control__parse_identify_results] firmware_version is: 4.20.0
[2026-01-02 20:31:14.679] [7478] [HailoRT] [info] [control.cpp:108] [control__parse_identify_results] firmware_version is: 4.20.0
[2026-01-02 20:31:14.762] [7431] [HailoRT] [info] [vdevice.cpp:523] [create] Creating vdevice with params: device_count: 1, scheduling_algorithm: ROUND_ROBIN, multi_process_service: false
[2026-01-02 20:31:14.773] [7431] [HailoRT] [info] [device.cpp:49] [Device] OS Version: Linux 6.12.47+rpt-rpi-2712 #1 SMP PREEMPT Debian 1:6.12.47-1+rpt1~bookworm (2025-09-16) aarch64
[2026-01-02 20:31:14.774] [7431] [HailoRT] [info] [control.cpp:108] [control__parse_identify_results] firmware_version is: 4.20.0
[2026-01-02 20:31:14.774] [7431] [HailoRT] [info] [vdevice.cpp:651] [create] VDevice Infos: 0001:01:00.0
[2026-01-02 20:31:14.795] [7431] [HailoRT] [info] [hef.cpp:1929] [get_network_group_and_network_name] No name was given. Addressing all networks of default network_group: yolov6n
[2026-01-02 20:31:14.795] [7431] [HailoRT] [info] [hef.cpp:1929] [get_network_group_and_network_name] No name was given. Addressing all networks of default network_group: yolov6n
[2026-01-02 20:31:14.813] [7431] [HailoRT] [info] [internal_buffer_manager.cpp:202] [print_execution_results] Default Internal buffer planner failed to meet requirements
[2026-01-02 20:31:14.813] [7431] [HailoRT] [info] [internal_buffer_manager.cpp:212] [print_execution_results] Default Internal buffer planner executed successfully
[2026-01-02 20:31:14.819] [7431] [HailoRT] [info] [device_internal.cpp:57] [configure] Configuring HEF took 13.139445 milliseconds
[2026-01-02 20:31:14.819] [7431] [HailoRT] [info] [vdevice.cpp:749] [configure] Configuring HEF on VDevice took 13.487724 milliseconds
[2026-01-02 20:31:14.819] [7431] [HailoRT] [info] [infer_model.cpp:436] [configure] Configuring network group 'yolov6n' with params: batch size: 2, power mode: PERFORMANCE, latency: NONE
[2026-01-02 20:31:14.819] [7431] [HailoRT] [info] [multi_io_elements.cpp:756] [create] Created (AsyncHwEl)
[2026-01-02 20:31:14.819] [7431] [HailoRT] [info] [queue_elements.cpp:450] [create] Created (EntryPushQEl0yolov6n/input_layer1 | timeout: 10s)
[2026-01-02 20:31:14.819] [7431] [HailoRT] [info] [filter_elements.cpp:101] [create] Created (PreInferEl3yolov6n/input_layer1 | Reorder - src_order: RGB4, src_shape: (640, 640, 3), dst_order: NHCW, dst_shape: (640, 640, 3))
[2026-01-02 20:31:14.820] [7431] [HailoRT] [info] [queue_elements.cpp:450] [create] Created (PushQEl3yolov6n/input_layer1 | timeout: 10s)
[2026-01-02 20:31:14.820] [7431] [HailoRT] [info] [multi_io_elements.cpp:135] [create] Created (NmsPPMuxEl0YOLOX-Post-Process | Op YOLOX, Name: YOLOX-Post-Process, Score threshold: 0.300, IoU threshold: 0.45, Classes: 80, Cross classes: false, NMS results order: BY_CLASS, Max bboxes per class: 100, Image height: 640, Image width: 640)
[2026-01-02 20:31:14.820] [7431] [HailoRT] [info] [queue_elements.cpp:942] [create] Created (MultiPushQEl0YOLOX-Post-Process | timeout: 10s)
[2026-01-02 20:31:14.820] [7431] [HailoRT] [info] [edge_elements.cpp:187] [create] Created (LastAsyncEl0NmsPPMuxEl0YOLOX-Post-Process)
[2026-01-02 20:31:14.820] [7431] [HailoRT] [info] [pipeline.cpp:891] [print_deep_description] EntryPushQEl0yolov6n/input_layer1 | inputs: user | outputs: PreInferEl3yolov6n/input_layer1(running in thread_id: 7508)
[2026-01-02 20:31:14.820] [7431] [HailoRT] [info] [pipeline.cpp:891] [print_deep_description] PreInferEl3yolov6n/input_layer1 | inputs: EntryPushQEl0yolov6n/input_layer1[0] | outputs: PushQEl3yolov6n/input_layer1
[2026-01-02 20:31:14.820] [7431] [HailoRT] [info] [pipeline.cpp:891] [print_deep_description] PushQEl3yolov6n/input_layer1 | inputs: PreInferEl3yolov6n/input_layer1[0] | outputs: AsyncHwEl(running in thread_id: 7509)
[2026-01-02 20:31:14.820] [7431] [HailoRT] [info] [pipeline.cpp:891] [print_deep_description] AsyncHwEl | inputs: PushQEl3yolov6n/input_layer1[0] | outputs: MultiPushQEl0YOLOX-Post-Process MultiPushQEl0YOLOX-Post-Process MultiPushQEl0YOLOX-Post-Process MultiPushQEl0YOLOX-Post-Process MultiPushQEl0YOLOX-Post-Process MultiPushQEl0YOLOX-Post-Process MultiPushQEl0YOLOX-Post-Process MultiPushQEl0YOLOX-Post-Process MultiPushQEl0YOLOX-Post-Process
[2026-01-02 20:31:14.820] [7431] [HailoRT] [info] [pipeline.cpp:891] [print_deep_description] MultiPushQEl0YOLOX-Post-Process | inputs: AsyncHwEl[0] AsyncHwEl[1] AsyncHwEl[2] AsyncHwEl[3] AsyncHwEl[4] AsyncHwEl[5] AsyncHwEl[6] AsyncHwEl[7] AsyncHwEl[8] | outputs: NmsPPMuxEl0YOLOX-Post-Process(running in thread_id: 7510)
[2026-01-02 20:31:14.820] [7431] [HailoRT] [info] [pipeline.cpp:891] [print_deep_description] NmsPPMuxEl0YOLOX-Post-Process | inputs: MultiPushQEl0YOLOX-Post-Process[0] | outputs: LastAsyncEl0NmsPPMuxEl0YOLOX-Post-Process
[2026-01-02 20:31:14.820] [7431] [HailoRT] [info] [pipeline.cpp:891] [print_deep_description] LastAsyncEl0NmsPPMuxEl0YOLOX-Post-Process | inputs: NmsPPMuxEl0YOLOX-Post-Process[0] | outputs: user
[2026-01-02 20:31:16.043] [7500] [HailoRT] [info] [hef.cpp:1929] [get_network_group_and_network_name] No name was given. Addressing all networks of default network_group: yolov6n
[2026-01-02 20:37:03.381] [7556] [HailoRT] [info] [device.cpp:49] [Device] OS Version: Linux 6.12.47+rpt-rpi-2712 #1 SMP PREEMPT Debian 1:6.12.47-1+rpt1~bookworm (2025-09-16) aarch64
[2026-01-02 20:37:03.382] [7556] [HailoRT] [info] [control.cpp:108] [control__parse_identify_results] firmware_version is: 4.20.0
[2026-01-02 20:37:03.383] [7556] [HailoRT] [info] [control.cpp:108] [control__parse_identify_results] firmware_version is: 4.20.0
[2026-01-02 20:37:03.437] [7564] [HailoRT] [info] [device.cpp:49] [Device] OS Version: Linux 6.12.47+rpt-rpi-2712 #1 SMP PREEMPT Debian 1:6.12.47-1+rpt1~bookworm (2025-09-16) aarch64
[2026-01-02 20:37:03.438] [7564] [HailoRT] [info] [control.cpp:108] [control__parse_identify_results] firmware_version is: 4.20.0
[2026-01-02 20:37:03.439] [7564] [HailoRT] [info] [control.cpp:108] [control__parse_identify_results] firmware_version is: 4.20.0
[2026-01-02 20:37:03.481] [7572] [HailoRT] [info] [device.cpp:49] [Device] OS Version: Linux 6.12.47+rpt-rpi-2712 #1 SMP PREEMPT Debian 1:6.12.47-1+rpt1~bookworm (2025-09-16) aarch64
[2026-01-02 20:37:03.483] [7572] [HailoRT] [info] [control.cpp:108] [control__parse_identify_results] firmware_version is: 4.20.0
[2026-01-02 20:37:03.484] [7572] [HailoRT] [info] [control.cpp:108] [control__parse_identify_results] firmware_version is: 4.20.0
[2026-01-02 20:37:03.566] [7525] [HailoRT] [info] [vdevice.cpp:523] [create] Creating vdevice with params: device_count: 1, scheduling_algorithm: ROUND_ROBIN, multi_process_service: false
[2026-01-02 20:37:03.577] [7525] [HailoRT] [info] [device.cpp:49] [Device] OS Version: Linux 6.12.47+rpt-rpi-2712 #1 SMP PREEMPT Debian 1:6.12.47-1+rpt1~bookworm (2025-09-16) aarch64
[2026-01-02 20:37:03.578] [7525] [HailoRT] [info] [control.cpp:108] [control__parse_identify_results] firmware_version is: 4.20.0
[2026-01-02 20:37:03.578] [7525] [HailoRT] [info] [vdevice.cpp:651] [create] VDevice Infos: 0001:01:00.0
[2026-01-02 20:37:03.599] [7525] [HailoRT] [info] [hef.cpp:1929] [get_network_group_and_network_name] No name was given. Addressing all networks of default network_group: yolov6n
[2026-01-02 20:37:03.599] [7525] [HailoRT] [info] [hef.cpp:1929] [get_network_group_and_network_name] No name was given. Addressing all networks of default network_group: yolov6n
[2026-01-02 20:37:03.617] [7525] [HailoRT] [info] [internal_buffer_manager.cpp:202] [print_execution_results] Default Internal buffer planner failed to meet requirements
[2026-01-02 20:37:03.617] [7525] [HailoRT] [info] [internal_buffer_manager.cpp:212] [print_execution_results] Default Internal buffer planner executed successfully
[2026-01-02 20:37:03.623] [7525] [HailoRT] [info] [device_internal.cpp:57] [configure] Configuring HEF took 13.340708 milliseconds
[2026-01-02 20:37:03.623] [7525] [HailoRT] [info] [vdevice.cpp:749] [configure] Configuring HEF on VDevice took 13.690356 milliseconds
[2026-01-02 20:37:03.623] [7525] [HailoRT] [info] [infer_model.cpp:436] [configure] Configuring network group 'yolov6n' with params: batch size: 2, power mode: PERFORMANCE, latency: NONE
[2026-01-02 20:37:03.623] [7525] [HailoRT] [info] [multi_io_elements.cpp:756] [create] Created (AsyncHwEl)
[2026-01-02 20:37:03.623] [7525] [HailoRT] [info] [queue_elements.cpp:450] [create] Created (EntryPushQEl0yolov6n/input_layer1 | timeout: 10s)
[2026-01-02 20:37:03.623] [7525] [HailoRT] [info] [filter_elements.cpp:101] [create] Created (PreInferEl3yolov6n/input_layer1 | Reorder - src_order: RGB4, src_shape: (640, 640, 3), dst_order: NHCW, dst_shape: (640, 640, 3))
[2026-01-02 20:37:03.623] [7525] [HailoRT] [info] [queue_elements.cpp:450] [create] Created (PushQEl3yolov6n/input_layer1 | timeout: 10s)
[2026-01-02 20:37:03.623] [7525] [HailoRT] [info] [multi_io_elements.cpp:135] [create] Created (NmsPPMuxEl0YOLOX-Post-Process | Op YOLOX, Name: YOLOX-Post-Process, Score threshold: 0.300, IoU threshold: 0.45, Classes: 80, Cross classes: false, NMS results order: BY_CLASS, Max bboxes per class: 100, Image height: 640, Image width: 640)
[2026-01-02 20:37:03.624] [7525] [HailoRT] [info] [queue_elements.cpp:942] [create] Created (MultiPushQEl0YOLOX-Post-Process | timeout: 10s)
[2026-01-02 20:37:03.624] [7525] [HailoRT] [info] [edge_elements.cpp:187] [create] Created (LastAsyncEl0NmsPPMuxEl0YOLOX-Post-Process)
[2026-01-02 20:37:03.624] [7525] [HailoRT] [info] [pipeline.cpp:891] [print_deep_description] EntryPushQEl0yolov6n/input_layer1 | inputs: user | outputs: PreInferEl3yolov6n/input_layer1(running in thread_id: 7602)
[2026-01-02 20:37:03.624] [7525] [HailoRT] [info] [pipeline.cpp:891] [print_deep_description] PreInferEl3yolov6n/input_layer1 | inputs: EntryPushQEl0yolov6n/input_layer1[0] | outputs: PushQEl3yolov6n/input_layer1
[2026-01-02 20:37:03.624] [7525] [HailoRT] [info] [pipeline.cpp:891] [print_deep_description] PushQEl3yolov6n/input_layer1 | inputs: PreInferEl3yolov6n/input_layer1[0] | outputs: AsyncHwEl(running in thread_id: 7603)
[2026-01-02 20:37:03.624] [7525] [HailoRT] [info] [pipeline.cpp:891] [print_deep_description] AsyncHwEl | inputs: PushQEl3yolov6n/input_layer1[0] | outputs: MultiPushQEl0YOLOX-Post-Process MultiPushQEl0YOLOX-Post-Process MultiPushQEl0YOLOX-Post-Process MultiPushQEl0YOLOX-Post-Process MultiPushQEl0YOLOX-Post-Process MultiPushQEl0YOLOX-Post-Process MultiPushQEl0YOLOX-Post-Process MultiPushQEl0YOLOX-Post-Process MultiPushQEl0YOLOX-Post-Process
[2026-01-02 20:37:03.624] [7525] [HailoRT] [info] [pipeline.cpp:891] [print_deep_description] MultiPushQEl0YOLOX-Post-Process | inputs: AsyncHwEl[0] AsyncHwEl[1] AsyncHwEl[2] AsyncHwEl[3] AsyncHwEl[4] AsyncHwEl[5] AsyncHwEl[6] AsyncHwEl[7] AsyncHwEl[8] | outputs: NmsPPMuxEl0YOLOX-Post-Process(running in thread_id: 7604)
[2026-01-02 20:37:03.624] [7525] [HailoRT] [info] [pipeline.cpp:891] [print_deep_description] NmsPPMuxEl0YOLOX-Post-Process | inputs: MultiPushQEl0YOLOX-Post-Process[0] | outputs: LastAsyncEl0NmsPPMuxEl0YOLOX-Post-Process
[2026-01-02 20:37:03.624] [7525] [HailoRT] [info] [pipeline.cpp:891] [print_deep_description] LastAsyncEl0NmsPPMuxEl0YOLOX-Post-Process | inputs: NmsPPMuxEl0YOLOX-Post-Process[0] | outputs: user
[2026-01-02 20:37:04.824] [7594] [HailoRT] [info] [hef.cpp:1929] [get_network_group_and_network_name] No name was given. Addressing all networks of default network_group: yolov6n
[2026-01-02 20:37:46.885] [7646] [HailoRT] [info] [device.cpp:49] [Device] OS Version: Linux 6.12.47+rpt-rpi-2712 #1 SMP PREEMPT Debian 1:6.12.47-1+rpt1~bookworm (2025-09-16) aarch64
[2026-01-02 20:37:46.886] [7646] [HailoRT] [info] [control.cpp:108] [control__parse_identify_results] firmware_version is: 4.20.0
[2026-01-02 20:37:46.887] [7646] [HailoRT] [info] [control.cpp:108] [control__parse_identify_results] firmware_version is: 4.20.0
[2026-01-02 20:37:46.933] [7654] [HailoRT] [info] [device.cpp:49] [Device] OS Version: Linux 6.12.47+rpt-rpi-2712 #1 SMP PREEMPT Debian 1:6.12.47-1+rpt1~bookworm (2025-09-16) aarch64
[2026-01-02 20:37:46.934] [7654] [HailoRT] [info] [control.cpp:108] [control__parse_identify_results] firmware_version is: 4.20.0
[2026-01-02 20:37:46.935] [7654] [HailoRT] [info] [control.cpp:108] [control__parse_identify_results] firmware_version is: 4.20.0
[2026-01-02 20:37:46.985] [7662] [HailoRT] [info] [device.cpp:49] [Device] OS Version: Linux 6.12.47+rpt-rpi-2712 #1 SMP PREEMPT Debian 1:6.12.47-1+rpt1~bookworm (2025-09-16) aarch64
[2026-01-02 20:37:46.987] [7662] [HailoRT] [info] [control.cpp:108] [control__parse_identify_results] firmware_version is: 4.20.0
[2026-01-02 20:37:46.987] [7662] [HailoRT] [info] [control.cpp:108] [control__parse_identify_results] firmware_version is: 4.20.0
[2026-01-02 20:37:47.071] [7615] [HailoRT] [info] [vdevice.cpp:523] [create] Creating vdevice with params: device_count: 1, scheduling_algorithm: ROUND_ROBIN, multi_process_service: false
[2026-01-02 20:37:47.081] [7615] [HailoRT] [info] [device.cpp:49] [Device] OS Version: Linux 6.12.47+rpt-rpi-2712 #1 SMP PREEMPT Debian 1:6.12.47-1+rpt1~bookworm (2025-09-16) aarch64
[2026-01-02 20:37:47.082] [7615] [HailoRT] [info] [control.cpp:108] [control__parse_identify_results] firmware_version is: 4.20.0
[2026-01-02 20:37:47.082] [7615] [HailoRT] [info] [vdevice.cpp:651] [create] VDevice Infos: 0001:01:00.0
[2026-01-02 20:37:47.103] [7615] [HailoRT] [info] [hef.cpp:1929] [get_network_group_and_network_name] No name was given. Addressing all networks of default network_group: yolov6n
[2026-01-02 20:37:47.103] [7615] [HailoRT] [info] [hef.cpp:1929] [get_network_group_and_network_name] No name was given. Addressing all networks of default network_group: yolov6n
[2026-01-02 20:37:47.120] [7615] [HailoRT] [info] [internal_buffer_manager.cpp:202] [print_execution_results] Default Internal buffer planner failed to meet requirements
[2026-01-02 20:37:47.120] [7615] [HailoRT] [info] [internal_buffer_manager.cpp:212] [print_execution_results] Default Internal buffer planner executed successfully
[2026-01-02 20:37:47.127] [7615] [HailoRT] [info] [device_internal.cpp:57] [configure] Configuring HEF took 13.177503 milliseconds
[2026-01-02 20:37:47.127] [7615] [HailoRT] [info] [vdevice.cpp:749] [configure] Configuring HEF on VDevice took 13.529633 milliseconds
[2026-01-02 20:37:47.127] [7615] [HailoRT] [info] [infer_model.cpp:436] [configure] Configuring network group 'yolov6n' with params: batch size: 2, power mode: PERFORMANCE, latency: NONE
[2026-01-02 20:37:47.127] [7615] [HailoRT] [info] [multi_io_elements.cpp:756] [create] Created (AsyncHwEl)
[2026-01-02 20:37:47.127] [7615] [HailoRT] [info] [queue_elements.cpp:450] [create] Created (EntryPushQEl0yolov6n/input_layer1 | timeout: 10s)
[2026-01-02 20:37:47.127] [7615] [HailoRT] [info] [filter_elements.cpp:101] [create] Created (PreInferEl3yolov6n/input_layer1 | Reorder - src_order: RGB4, src_shape: (640, 640, 3), dst_order: NHCW, dst_shape: (640, 640, 3))
[2026-01-02 20:37:47.127] [7615] [HailoRT] [info] [queue_elements.cpp:450] [create] Created (PushQEl3yolov6n/input_layer1 | timeout: 10s)
[2026-01-02 20:37:47.127] [7615] [HailoRT] [info] [multi_io_elements.cpp:135] [create] Created (NmsPPMuxEl0YOLOX-Post-Process | Op YOLOX, Name: YOLOX-Post-Process, Score threshold: 0.300, IoU threshold: 0.45, Classes: 80, Cross classes: false, NMS results order: BY_CLASS, Max bboxes per class: 100, Image height: 640, Image width: 640)
[2026-01-02 20:37:47.128] [7615] [HailoRT] [info] [queue_elements.cpp:942] [create] Created (MultiPushQEl0YOLOX-Post-Process | timeout: 10s)
[2026-01-02 20:37:47.128] [7615] [HailoRT] [info] [edge_elements.cpp:187] [create] Created (LastAsyncEl0NmsPPMuxEl0YOLOX-Post-Process)
[2026-01-02 20:37:47.128] [7615] [HailoRT] [info] [pipeline.cpp:891] [print_deep_description] EntryPushQEl0yolov6n/input_layer1 | inputs: user | outputs: PreInferEl3yolov6n/input_layer1(running in thread_id: 7692)
[2026-01-02 20:37:47.128] [7615] [HailoRT] [info] [pipeline.cpp:891] [print_deep_description] PreInferEl3yolov6n/input_layer1 | inputs: EntryPushQEl0yolov6n/input_layer1[0] | outputs: PushQEl3yolov6n/input_layer1
[2026-01-02 20:37:47.128] [7615] [HailoRT] [info] [pipeline.cpp:891] [print_deep_description] PushQEl3yolov6n/input_layer1 | inputs: PreInferEl3yolov6n/input_layer1[0] | outputs: AsyncHwEl(running in thread_id: 7693)
[2026-01-02 20:37:47.128] [7615] [HailoRT] [info] [pipeline.cpp:891] [print_deep_description] AsyncHwEl | inputs: PushQEl3yolov6n/input_layer1[0] | outputs: MultiPushQEl0YOLOX-Post-Process MultiPushQEl0YOLOX-Post-Process MultiPushQEl0YOLOX-Post-Process MultiPushQEl0YOLOX-Post-Process MultiPushQEl0YOLOX-Post-Process MultiPushQEl0YOLOX-Post-Process MultiPushQEl0YOLOX-Post-Process MultiPushQEl0YOLOX-Post-Process MultiPushQEl0YOLOX-Post-Process
[2026-01-02 20:37:47.128] [7615] [HailoRT] [info] [pipeline.cpp:891] [print_deep_description] MultiPushQEl0YOLOX-Post-Process | inputs: AsyncHwEl[0] AsyncHwEl[1] AsyncHwEl[2] AsyncHwEl[3] AsyncHwEl[4] AsyncHwEl[5] AsyncHwEl[6] AsyncHwEl[7] AsyncHwEl[8] | outputs: NmsPPMuxEl0YOLOX-Post-Process(running in thread_id: 7694)
[2026-01-02 20:37:47.128] [7615] [HailoRT] [info] [pipeline.cpp:891] [print_deep_description] NmsPPMuxEl0YOLOX-Post-Process | inputs: MultiPushQEl0YOLOX-Post-Process[0] | outputs: LastAsyncEl0NmsPPMuxEl0YOLOX-Post-Process
[2026-01-02 20:37:47.128] [7615] [HailoRT] [info] [pipeline.cpp:891] [print_deep_description] LastAsyncEl0NmsPPMuxEl0YOLOX-Post-Process | inputs: NmsPPMuxEl0YOLOX-Post-Process[0] | outputs: user
[2026-01-02 20:37:48.310] [7684] [HailoRT] [info] [hef.cpp:1929] [get_network_group_and_network_name] No name was given. Addressing all networks of default network_group: yolov6n
[2026-01-02 20:39:59.333] [7737] [HailoRT] [info] [device.cpp:49] [Device] OS Version: Linux 6.12.47+rpt-rpi-2712 #1 SMP PREEMPT Debian 1:6.12.47-1+rpt1~bookworm (2025-09-16) aarch64
[2026-01-02 20:39:59.334] [7737] [HailoRT] [info] [control.cpp:108] [control__parse_identify_results] firmware_version is: 4.20.0
[2026-01-02 20:39:59.335] [7737] [HailoRT] [info] [control.cpp:108] [control__parse_identify_results] firmware_version is: 4.20.0
[2026-01-02 20:39:59.381] [7745] [HailoRT] [info] [device.cpp:49] [Device] OS Version: Linux 6.12.47+rpt-rpi-2712 #1 SMP PREEMPT Debian 1:6.12.47-1+rpt1~bookworm (2025-09-16) aarch64
[2026-01-02 20:39:59.382] [7745] [HailoRT] [info] [control.cpp:108] [control__parse_identify_results] firmware_version is: 4.20.0
[2026-01-02 20:39:59.383] [7745] [HailoRT] [info] [control.cpp:108] [control__parse_identify_results] firmware_version is: 4.20.0
[2026-01-02 20:39:59.433] [7753] [HailoRT] [info] [device.cpp:49] [Device] OS Version: Linux 6.12.47+rpt-rpi-2712 #1 SMP PREEMPT Debian 1:6.12.47-1+rpt1~bookworm (2025-09-16) aarch64
[2026-01-02 20:39:59.435] [7753] [HailoRT] [info] [control.cpp:108] [control__parse_identify_results] firmware_version is: 4.20.0
[2026-01-02 20:39:59.435] [7753] [HailoRT] [info] [control.cpp:108] [control__parse_identify_results] firmware_version is: 4.20.0
[2026-01-02 20:39:59.521] [7706] [HailoRT] [info] [vdevice.cpp:523] [create] Creating vdevice with params: device_count: 1, scheduling_algorithm: ROUND_ROBIN, multi_process_service: false
[2026-01-02 20:39:59.533] [7706] [HailoRT] [info] [device.cpp:49] [Device] OS Version: Linux 6.12.47+rpt-rpi-2712 #1 SMP PREEMPT Debian 1:6.12.47-1+rpt1~bookworm (2025-09-16) aarch64
[2026-01-02 20:39:59.534] [7706] [HailoRT] [info] [control.cpp:108] [control__parse_identify_results] firmware_version is: 4.20.0
[2026-01-02 20:39:59.534] [7706] [HailoRT] [info] [vdevice.cpp:651] [create] VDevice Infos: 0001:01:00.0
[2026-01-02 20:39:59.555] [7706] [HailoRT] [info] [hef.cpp:1929] [get_network_group_and_network_name] No name was given. Addressing all networks of default network_group: yolov6n
[2026-01-02 20:39:59.555] [7706] [HailoRT] [info] [hef.cpp:1929] [get_network_group_and_network_name] No name was given. Addressing all networks of default network_group: yolov6n
[2026-01-02 20:39:59.573] [7706] [HailoRT] [info] [internal_buffer_manager.cpp:202] [print_execution_results] Default Internal buffer planner failed to meet requirements
[2026-01-02 20:39:59.573] [7706] [HailoRT] [info] [internal_buffer_manager.cpp:212] [print_execution_results] Default Internal buffer planner executed successfully
[2026-01-02 20:39:59.579] [7706] [HailoRT] [info] [device_internal.cpp:57] [configure] Configuring HEF took 13.426889 milliseconds
[2026-01-02 20:39:59.579] [7706] [HailoRT] [info] [vdevice.cpp:749] [configure] Configuring HEF on VDevice took 13.777981 milliseconds
[2026-01-02 20:39:59.579] [7706] [HailoRT] [info] [infer_model.cpp:436] [configure] Configuring network group 'yolov6n' with params: batch size: 2, power mode: PERFORMANCE, latency: NONE
[2026-01-02 20:39:59.579] [7706] [HailoRT] [info] [multi_io_elements.cpp:756] [create] Created (AsyncHwEl)
[2026-01-02 20:39:59.579] [7706] [HailoRT] [info] [queue_elements.cpp:450] [create] Created (EntryPushQEl0yolov6n/input_layer1 | timeout: 10s)
[2026-01-02 20:39:59.579] [7706] [HailoRT] [info] [filter_elements.cpp:101] [create] Created (PreInferEl3yolov6n/input_layer1 | Reorder - src_order: RGB4, src_shape: (640, 640, 3), dst_order: NHCW, dst_shape: (640, 640, 3))
[2026-01-02 20:39:59.579] [7706] [HailoRT] [info] [queue_elements.cpp:450] [create] Created (PushQEl3yolov6n/input_layer1 | timeout: 10s)
[2026-01-02 20:39:59.579] [7706] [HailoRT] [info] [multi_io_elements.cpp:135] [create] Created (NmsPPMuxEl0YOLOX-Post-Process | Op YOLOX, Name: YOLOX-Post-Process, Score threshold: 0.300, IoU threshold: 0.45, Classes: 80, Cross classes: false, NMS results order: BY_CLASS, Max bboxes per class: 100, Image height: 640, Image width: 640)
[2026-01-02 20:39:59.580] [7706] [HailoRT] [info] [queue_elements.cpp:942] [create] Created (MultiPushQEl0YOLOX-Post-Process | timeout: 10s)
[2026-01-02 20:39:59.580] [7706] [HailoRT] [info] [edge_elements.cpp:187] [create] Created (LastAsyncEl0NmsPPMuxEl0YOLOX-Post-Process)
[2026-01-02 20:39:59.580] [7706] [HailoRT] [info] [pipeline.cpp:891] [print_deep_description] EntryPushQEl0yolov6n/input_layer1 | inputs: user | outputs: PreInferEl3yolov6n/input_layer1(running in thread_id: 7783)
[2026-01-02 20:39:59.580] [7706] [HailoRT] [info] [pipeline.cpp:891] [print_deep_description] PreInferEl3yolov6n/input_layer1 | inputs: EntryPushQEl0yolov6n/input_layer1[0] | outputs: PushQEl3yolov6n/input_layer1
[2026-01-02 20:39:59.580] [7706] [HailoRT] [info] [pipeline.cpp:891] [print_deep_description] PushQEl3yolov6n/input_layer1 | inputs: PreInferEl3yolov6n/input_layer1[0] | outputs: AsyncHwEl(running in thread_id: 7784)
[2026-01-02 20:39:59.580] [7706] [HailoRT] [info] [pipeline.cpp:891] [print_deep_description] AsyncHwEl | inputs: PushQEl3yolov6n/input_layer1[0] | outputs: MultiPushQEl0YOLOX-Post-Process MultiPushQEl0YOLOX-Post-Process MultiPushQEl0YOLOX-Post-Process MultiPushQEl0YOLOX-Post-Process MultiPushQEl0YOLOX-Post-Process MultiPushQEl0YOLOX-Post-Process MultiPushQEl0YOLOX-Post-Process MultiPushQEl0YOLOX-Post-Process MultiPushQEl0YOLOX-Post-Process
[2026-01-02 20:39:59.580] [7706] [HailoRT] [info] [pipeline.cpp:891] [print_deep_description] MultiPushQEl0YOLOX-Post-Process | inputs: AsyncHwEl[0] AsyncHwEl[1] AsyncHwEl[2] AsyncHwEl[3] AsyncHwEl[4] AsyncHwEl[5] AsyncHwEl[6] AsyncHwEl[7] AsyncHwEl[8] | outputs: NmsPPMuxEl0YOLOX-Post-Process(running in thread_id: 7785)
[2026-01-02 20:39:59.580] [7706] [HailoRT] [info] [pipeline.cpp:891] [print_deep_description] NmsPPMuxEl0YOLOX-Post-Process | inputs: MultiPushQEl0YOLOX-Post-Process[0] | outputs: LastAsyncEl0NmsPPMuxEl0YOLOX-Post-Process
[2026-01-02 20:39:59.580] [7706] [HailoRT] [info] [pipeline.cpp:891] [print_deep_description] LastAsyncEl0NmsPPMuxEl0YOLOX-Post-Process | inputs: NmsPPMuxEl0YOLOX-Post-Process[0] | outputs: user
[2026-01-02 20:40:00.805] [7774] [HailoRT] [info] [hef.cpp:1929] [get_network_group_and_network_name] No name was given. Addressing all networks of default network_group: yolov6n
[2026-01-02 20:42:39.069] [7829] [HailoRT] [info] [device.cpp:49] [Device] OS Version: Linux 6.12.47+rpt-rpi-2712 #1 SMP PREEMPT Debian 1:6.12.47-1+rpt1~bookworm (2025-09-16) aarch64
[2026-01-02 20:42:39.070] [7829] [HailoRT] [info] [control.cpp:108] [control__parse_identify_results] firmware_version is: 4.20.0
[2026-01-02 20:42:39.071] [7829] [HailoRT] [info] [control.cpp:108] [control__parse_identify_results] firmware_version is: 4.20.0
[2026-01-02 20:42:39.117] [7837] [HailoRT] [info] [device.cpp:49] [Device] OS Version: Linux 6.12.47+rpt-rpi-2712 #1 SMP PREEMPT Debian 1:6.12.47-1+rpt1~bookworm (2025-09-16) aarch64
[2026-01-02 20:42:39.118] [7837] [HailoRT] [info] [control.cpp:108] [control__parse_identify_results] firmware_version is: 4.20.0
[2026-01-02 20:42:39.119] [7837] [HailoRT] [info] [control.cpp:108] [control__parse_identify_results] firmware_version is: 4.20.0
[2026-01-02 20:42:39.161] [7845] [HailoRT] [info] [device.cpp:49] [Device] OS Version: Linux 6.12.47+rpt-rpi-2712 #1 SMP PREEMPT Debian 1:6.12.47-1+rpt1~bookworm (2025-09-16) aarch64
[2026-01-02 20:42:39.163] [7845] [HailoRT] [info] [control.cpp:108] [control__parse_identify_results] firmware_version is: 4.20.0
[2026-01-02 20:42:39.163] [7845] [HailoRT] [info] [control.cpp:108] [control__parse_identify_results] firmware_version is: 4.20.0
[2026-01-02 20:42:39.251] [7798] [HailoRT] [info] [vdevice.cpp:523] [create] Creating vdevice with params: device_count: 1, scheduling_algorithm: ROUND_ROBIN, multi_process_service: false
[2026-01-02 20:42:39.261] [7798] [HailoRT] [info] [device.cpp:49] [Device] OS Version: Linux 6.12.47+rpt-rpi-2712 #1 SMP PREEMPT Debian 1:6.12.47-1+rpt1~bookworm (2025-09-16) aarch64
[2026-01-02 20:42:39.262] [7798] [HailoRT] [info] [control.cpp:108] [control__parse_identify_results] firmware_version is: 4.20.0
[2026-01-02 20:42:39.262] [7798] [HailoRT] [info] [vdevice.cpp:651] [create] VDevice Infos: 0001:01:00.0
[2026-01-02 20:42:39.283] [7798] [HailoRT] [info] [hef.cpp:1929] [get_network_group_and_network_name] No name was given. Addressing all networks of default network_group: yolov6n
[2026-01-02 20:42:39.283] [7798] [HailoRT] [info] [hef.cpp:1929] [get_network_group_and_network_name] No name was given. Addressing all networks of default network_group: yolov6n
[2026-01-02 20:42:39.301] [7798] [HailoRT] [info] [internal_buffer_manager.cpp:202] [print_execution_results] Default Internal buffer planner failed to meet requirements
[2026-01-02 20:42:39.301] [7798] [HailoRT] [info] [internal_buffer_manager.cpp:212] [print_execution_results] Default Internal buffer planner executed successfully
[2026-01-02 20:42:39.307] [7798] [HailoRT] [info] [device_internal.cpp:57] [configure] Configuring HEF took 13.118034 milliseconds
[2026-01-02 20:42:39.307] [7798] [HailoRT] [info] [vdevice.cpp:749] [configure] Configuring HEF on VDevice took 13.464626 milliseconds
[2026-01-02 20:42:39.307] [7798] [HailoRT] [info] [infer_model.cpp:436] [configure] Configuring network group 'yolov6n' with params: batch size: 2, power mode: PERFORMANCE, latency: NONE
[2026-01-02 20:42:39.307] [7798] [HailoRT] [info] [multi_io_elements.cpp:756] [create] Created (AsyncHwEl)
[2026-01-02 20:42:39.308] [7798] [HailoRT] [info] [queue_elements.cpp:450] [create] Created (EntryPushQEl0yolov6n/input_layer1 | timeout: 10s)
[2026-01-02 20:42:39.308] [7798] [HailoRT] [info] [filter_elements.cpp:101] [create] Created (PreInferEl3yolov6n/input_layer1 | Reorder - src_order: RGB4, src_shape: (640, 640, 3), dst_order: NHCW, dst_shape: (640, 640, 3))
[2026-01-02 20:42:39.308] [7798] [HailoRT] [info] [queue_elements.cpp:450] [create] Created (PushQEl3yolov6n/input_layer1 | timeout: 10s)
[2026-01-02 20:42:39.308] [7798] [HailoRT] [info] [multi_io_elements.cpp:135] [create] Created (NmsPPMuxEl0YOLOX-Post-Process | Op YOLOX, Name: YOLOX-Post-Process, Score threshold: 0.300, IoU threshold: 0.45, Classes: 80, Cross classes: false, NMS results order: BY_CLASS, Max bboxes per class: 100, Image height: 640, Image width: 640)
[2026-01-02 20:42:39.308] [7798] [HailoRT] [info] [queue_elements.cpp:942] [create] Created (MultiPushQEl0YOLOX-Post-Process | timeout: 10s)
[2026-01-02 20:42:39.308] [7798] [HailoRT] [info] [edge_elements.cpp:187] [create] Created (LastAsyncEl0NmsPPMuxEl0YOLOX-Post-Process)
[2026-01-02 20:42:39.308] [7798] [HailoRT] [info] [pipeline.cpp:891] [print_deep_description] EntryPushQEl0yolov6n/input_layer1 | inputs: user | outputs: PreInferEl3yolov6n/input_layer1(running in thread_id: 7875)
[2026-01-02 20:42:39.308] [7798] [HailoRT] [info] [pipeline.cpp:891] [print_deep_description] PreInferEl3yolov6n/input_layer1 | inputs: EntryPushQEl0yolov6n/input_layer1[0] | outputs: PushQEl3yolov6n/input_layer1
[2026-01-02 20:42:39.308] [7798] [HailoRT] [info] [pipeline.cpp:891] [print_deep_description] PushQEl3yolov6n/input_layer1 | inputs: PreInferEl3yolov6n/input_layer1[0] | outputs: AsyncHwEl(running in thread_id: 7876)
[2026-01-02 20:42:39.308] [7798] [HailoRT] [info] [pipeline.cpp:891] [print_deep_description] AsyncHwEl | inputs: PushQEl3yolov6n/input_layer1[0] | outputs: MultiPushQEl0YOLOX-Post-Process MultiPushQEl0YOLOX-Post-Process MultiPushQEl0YOLOX-Post-Process MultiPushQEl0YOLOX-Post-Process MultiPushQEl0YOLOX-Post-Process MultiPushQEl0YOLOX-Post-Process MultiPushQEl0YOLOX-Post-Process MultiPushQEl0YOLOX-Post-Process MultiPushQEl0YOLOX-Post-Process
[2026-01-02 20:42:39.308] [7798[2026-01-02 20:45:40.977] [7958] [HailoRT] [info] [device.cpp:49] [Device] OS Version: Linux 6.12.47+rpt-rpi-2712 #1 SMP PREEMPT Debian 1:6.12.47-1+rpt1~bookworm (2025-09-16) aarch64
[2026-01-02 20:45:40.978] [7958] [HailoRT] [info] [control.cpp:108] [control__parse_identify_results] firmware_version is: 4.20.0
[2026-01-02 20:45:40.979] [7958] [HailoRT] [info] [control.cpp:108] [control__parse_identify_results] firmware_version is: 4.20.0
[2026-01-02 20:45:41.029] [7966] [HailoRT] [info] [device.cpp:49] [Device] OS Version: Linux 6.12.47+rpt-rpi-2712 #1 SMP PREEMPT Debian 1:6.12.47-1+rpt1~bookworm (2025-09-16) aarch64
[2026-01-02 20:45:41.031] [7966] [HailoRT] [info] [control.cpp:108] [control__parse_identify_results] firmware_version is: 4.20.0
[2026-01-02 20:45:41.031] [7966] [HailoRT] [info] [control.cpp:108] [control__parse_identify_results] firmware_version is: 4.20.0
[2026-01-02 20:45:41.077] [7974] [HailoRT] [info] [device.cpp:49] [Device] OS Version: Linux 6.12.47+rpt-rpi-2712 #1 SMP PREEMPT Debian 1:6.12.47-1+rpt1~bookworm (2025-09-16) aarch64
[2026-01-02 20:45:41.078] [7974] [HailoRT] [info] [control.cpp:108] [control__parse_identify_results] firmware_version is: 4.20.0
[2026-01-02 20:45:41.079] [7974] [HailoRT] [info] [control.cpp:108] [control__parse_identify_results] firmware_version is: 4.20.0
[2026-01-02 20:45:41.157] [7927] [HailoRT] [info] [vdevice.cpp:523] [create] Creating vdevice with params: device_count: 1, scheduling_algorithm: ROUND_ROBIN, multi_process_service: false
[2026-01-02 20:45:41.169] [7927] [HailoRT] [info] [device.cpp:49] [Device] OS Version: Linux 6.12.47+rpt-rpi-2712 #1 SMP PREEMPT Debian 1:6.12.47-1+rpt1~bookworm (2025-09-16) aarch64
[2026-01-02 20:45:41.170] [7927] [HailoRT] [info] [control.cpp:108] [control__parse_identify_results] firmware_version is: 4.20.0
[2026-01-02 20:45:41.170] [7927] [HailoRT] [info] [vdevice.cpp:651] [create] VDevice Infos: 0001:01:00.0
[2026-01-02 20:45:41.191] [7927] [HailoRT] [info] [hef.cpp:1929] [get_network_group_and_network_name] No name was given. Addressing all networks of default network_group: yolov6n
[2026-01-02 20:45:41.191] [7927] [HailoRT] [info] [hef.cpp:1929] [get_network_group_and_network_name] No name was given. Addressing all networks of default network_group: yolov6n
[2026-01-02 20:45:41.210] [7927] [HailoRT] [info] [internal_buffer_manager.cpp:202] [print_execution_results] Default Internal buffer planner failed to meet requirements
[2026-01-02 20:45:41.210] [7927] [HailoRT] [info] [internal_buffer_manager.cpp:212] [print_execution_results] Default Internal buffer planner executed successfully
[2026-01-02 20:45:41.216] [7927] [HailoRT] [info] [device_internal.cpp:57] [configure] Configuring HEF took 13.934457 milliseconds
[2026-01-02 20:45:41.216] [7927] [HailoRT] [info] [vdevice.cpp:749] [configure] Configuring HEF on VDevice took 14.281327 milliseconds
[2026-01-02 20:45:41.216] [7927] [HailoRT] [info] [infer_model.cpp:436] [configure] Configuring network group 'yolov6n' with params: batch size: 2, power mode: PERFORMANCE, latency: NONE
[2026-01-02 20:45:41.216] [7927] [HailoRT] [info] [multi_io_elements.cpp:756] [create] Created (AsyncHwEl)
[2026-01-02 20:45:41.216] [7927] [HailoRT] [info] [queue_elements.cpp:450] [create] Created (EntryPushQEl0yolov6n/input_layer1 | timeout: 10s)
[2026-01-02 20:45:41.216] [7927] [HailoRT] [info] [filter_elements.cpp:101] [create] Created (PreInferEl3yolov6n/input_layer1 | Reorder - src_order: RGB4, src_shape: (640, 640, 3), dst_order: NHCW, dst_shape: (640, 640, 3))
[2026-01-02 20:45:41.216] [7927] [HailoRT] [info] [queue_elements.cpp:450] [create] Created (PushQEl3yolov6n/input_layer1 | timeout: 10s)
[2026-01-02 20:45:41.216] [7927] [HailoRT] [info] [multi_io_elements.cpp:135] [create] Created (NmsPPMuxEl0YOLOX-Post-Process | Op YOLOX, Name: YOLOX-Post-Process, Score threshold: 0.300, IoU threshold: 0.45, Classes: 80, Cross classes: false, NMS results order: BY_CLASS, Max bboxes per class: 100, Image height: 640, Image width: 640)
[2026-01-02 20:45:41.217] [7927] [HailoRT] [info] [queue_elements.cpp:942] [create] Created (MultiPushQEl0YOLOX-Post-Process | timeout: 10s)
[2026-01-02 20:45:41.217] [7927] [HailoRT] [info] [edge_elements.cpp:187] [create] Created (LastAsyncEl0NmsPPMuxEl0YOLOX-Post-Process)
[2026-01-02 20:45:41.217] [7927] [HailoRT] [info] [pipeline.cpp:891] [print_deep_description] EntryPushQEl0yolov6n/input_layer1 | inputs: user | outputs: PreInferEl3yolov6n/input_layer1(running in thread_id: 8004)
[2026-01-02 20:45:41.217] [7927] [HailoRT] [info] [pipeline.cpp:891] [print_deep_description] PreInferEl3yolov6n/input_layer1 | inputs: EntryPushQEl0yolov6n/input_layer1[0] | outputs: PushQEl3yolov6n/input_layer1
[2026-01-02 20:45:41.217] [7927] [HailoRT] [info] [pipeline.cpp:891] [print_deep_description] PushQEl3yolov6n/input_layer1 | inputs: PreInferEl3yolov6n/input_layer1[0] | outputs: AsyncHwEl(running in thread_id: 8005)
[2026-01-02 20:45:41.217] [7927] [HailoRT] [info] [pipeline.cpp:891] [print_deep_description] AsyncHwEl | inputs: PushQEl3yolov6n/input_layer1[0] | outputs: MultiPushQEl0YOLOX-Post-Process MultiPushQEl0YOLOX-Post-Process MultiPushQEl0YOLOX-Post-Process MultiPushQEl0YOLOX-Post-Process MultiPushQEl0YOLOX-Post-Process MultiPushQEl0YOLOX-Post-Process MultiPushQEl0YOLOX-Post-Process MultiPushQEl0YOLOX-Post-Process MultiPushQEl0YOLOX-Post-Process
[2026-01-02 20:45:41.217] [7927] [HailoRT] [info] [pipeline.cpp:891] [print_deep_description] MultiPushQEl0YOLOX-Post-Process | inputs: AsyncHwEl[0] AsyncHwEl[1] AsyncHwEl[2] AsyncHwEl[3] AsyncHwEl[4] AsyncHwEl[5] AsyncHwEl[6] AsyncHwEl[7] AsyncHwEl[8] | outputs: NmsPPMuxEl0YOLOX-Post-Process(running in thread_id: 8006)
[2026-01-02 20:45:41.217] [7927] [HailoRT] [info] [pipeline.cpp:891] [print_deep_description] NmsPPMuxEl0YOLOX-Post-Process | inputs: MultiPushQEl0YOLOX-Post-Process[0] | outputs: LastAsyncEl0NmsPPMuxEl0YOLOX-Post-Process
[2026-01-02 20:45:41.217] [7927] [HailoRT] [info] [pipeline.cpp:891] [print_deep_description] LastAsyncEl0NmsPPMuxEl0YOLOX-Post-Process | inputs: NmsPPMuxEl0YOLOX-Post-Process[0] | outputs: user
[2026-01-02 20:45:42.450] [7996] [HailoRT] [info] [hef.cpp:1929] [get_network_group_and_network_name] No name was given. Addressing all networks of default network_group: yolov6n
[2026-01-02 20:47:05.917] [8046] [HailoRT] [info] [device.cpp:49] [Device] OS Version: Linux 6.12.47+rpt-rpi-2712 #1 SMP PREEMPT Debian 1:6.12.47-1+rpt1~bookworm (2025-09-16) aarch64
[2026-01-02 20:47:05.918] [8046] [HailoRT] [info] [control.cpp:108] [control__parse_identify_results] firmware_version is: 4.20.0
[2026-01-02 20:47:05.919] [8046] [HailoRT] [info] [control.cpp:108] [control__parse_identify_results] firmware_version is: 4.20.0
[2026-01-02 20:47:05.965] [8054] [HailoRT] [info] [device.cpp:49] [Device] OS Version: Linux 6.12.47+rpt-rpi-2712 #1 SMP PREEMPT Debian 1:6.12.47-1+rpt1~bookworm (2025-09-16) aarch64
[2026-01-02 20:47:05.966] [8054] [HailoRT] [info] [control.cpp:108] [control__parse_identify_results] firmware_version is: 4.20.0
[2026-01-02 20:47:05.967] [8054] [HailoRT] [info] [control.cpp:108] [control__parse_identify_results] firmware_version is: 4.20.0
[2026-01-02 20:47:06.033] [8062] [HailoRT] [info] [device.cpp:49] [Device] OS Version: Linux 6.12.47+rpt-rpi-2712 #1 SMP PREEMPT Debian 1:6.12.47-1+rpt1~bookworm (2025-09-16) aarch64
[2026-01-02 20:47:06.035] [8062] [HailoRT] [info] [control.cpp:108] [control__parse_identify_results] firmware_version is: 4.20.0
[2026-01-02 20:47:06.035] [8062] [HailoRT] [info] [control.cpp:108] [control__parse_identify_results] firmware_version is: 4.20.0
[2026-01-02 20:47:06.124] [8015] [HailoRT] [info] [vdevice.cpp:523] [create] Creating vdevice with params: device_count: 1, scheduling_algorithm: ROUND_ROBIN, multi_process_service: false
[2026-01-02 20:47:06.137] [8015] [HailoRT] [info] [device.cpp:49] [Device] OS Version: Linux 6.12.47+rpt-rpi-2712 #1 SMP PREEMPT Debian 1:6.12.47-1+rpt1~bookworm (2025-09-16) aarch64
[2026-01-02 20:47:06.138] [8015] [HailoRT] [info] [control.cpp:108] [control__parse_identify_results] firmware_version is: 4.20.0
[2026-01-02 20:47:06.138] [8015] [HailoRT] [info] [vdevice.cpp:651] [create] VDevice Infos: 0001:01:00.0
[2026-01-02 20:47:06.158] [8015] [HailoRT] [info] [hef.cpp:1929] [get_network_group_and_network_name] No name was given. Addressing all networks of default network_group: yolov6n
[2026-01-02 20:47:06.158] [8015] [HailoRT] [info] [hef.cpp:1929] [get_network_group_and_network_name] No name was given. Addressing all networks of default network_group: yolov6n
[2026-01-02 20:47:06.176] [8015] [HailoRT] [info] [internal_buffer_manager.cpp:202] [print_execution_results] Default Internal buffer planner failed to meet requirements
[2026-01-02 20:47:06.176] [8015] [HailoRT] [info] [internal_buffer_manager.cpp:212] [print_execution_results] Default Internal buffer planner executed successfully
[2026-01-02 20:47:06.182] [8015] [HailoRT] [info] [device_internal.cpp:57] [configure] Configuring HEF took 13.300049 milliseconds
[2026-01-02 20:47:06.182] [8015] [HailoRT] [info] [vdevice.cpp:749] [configure] Configuring HEF on VDevice took 13.65542 milliseconds
[2026-01-02 20:47:06.182] [8015] [HailoRT] [info] [infer_model.cpp:436] [configure] Configuring network group 'yolov6n' with params: batch size: 2, power mode: PERFORMANCE, latency: NONE
[2026-01-02 20:47:06.182] [8015] [HailoRT] [info] [multi_io_elements.cpp:756] [create] Created (AsyncHwEl)
[2026-01-02 20:47:06.182] [8015] [HailoRT] [info] [queue_elements.cpp:450] [create] Created (EntryPushQEl0yolov6n/input_layer1 | timeout: 10s)
[2026-01-02 20:47:06.182] [8015] [HailoRT] [info] [filter_elements.cpp:101] [create] Created (PreInferEl3yolov6n/input_layer1 | Reorder - src_order: RGB4, src_shape: (640, 640, 3), dst_order: NHCW, dst_shape: (640, 640, 3))
[2026-01-02 20:47:06.183] [8015] [HailoRT] [info] [queue_elements.cpp:450] [create] Created (PushQEl3yolov6n/input_layer1 | timeout: 10s)
[2026-01-02 20:47:06.183] [8015] [HailoRT] [info] [multi_io_elements.cpp:135] [create] Created (NmsPPMuxEl0YOLOX-Post-Process | Op YOLOX, Name: YOLOX-Post-Process, Score threshold: 0.300, IoU threshold: 0.45, Classes: 80, Cross classes: false, NMS results order: BY_CLASS, Max bboxes per class: 100, Image height: 640, Image width: 640)
[2026-01-02 20:47:06.183] [8015] [HailoRT] [info] [queue_elements.cpp:942] [create] Created (MultiPushQEl0YOLOX-Post-Process | timeout: 10s)
[2026-01-02 20:47:06.183] [8015] [HailoRT] [info] [edge_elements.cpp:187] [create] Created (LastAsyncEl0NmsPPMuxEl0YOLOX-Post-Process)
[2026-01-02 20:47:06.183] [8015] [HailoRT] [info] [pipeline.cpp:891] [print_deep_description] EntryPushQEl0yolov6n/input_layer1 | inputs: user | outputs: PreInferEl3yolov6n/input_layer1(running in thread_id: 8092)
[2026-01-02 20:47:06.183] [8015] [HailoRT] [info] [pipeline.cpp:891] [print_deep_description] PreInferEl3yolov6n/input_layer1 | inputs: EntryPushQEl0yolov6n/input_layer1[0] | outputs: PushQEl3yolov6n/input_layer1
[2026-01-02 20:47:06.183] [8015] [HailoRT] [info] [pipeline.cpp:891] [print_deep_description] PushQEl3yolov6n/input_layer1 | inputs: PreInferEl3yolov6n/input_layer1[0] | outputs: AsyncHwEl(running in thread_id: 8093)
[2026-01-02 20:47:06.183] [8015] [HailoRT] [info] [pipeline.cpp:891] [print_deep_description] AsyncHwEl | inputs: PushQEl3yolov6n/input_layer1[0] | outputs: MultiPushQEl0YOLOX-Post-Process MultiPushQEl0YOLOX-Post-Process MultiPushQEl0YOLOX-Post-Process MultiPushQEl0YOLOX-Post-Process MultiPushQEl0YOLOX-Post-Process MultiPushQEl0YOLOX-Post-Process MultiPushQEl0YOLOX-Post-Process MultiPushQEl0YOLOX-Post-Process MultiPushQEl0YOLOX-Post-Process
[2026-01-02 20:47:06.183] [8015] [HailoRT] [info] [pipeline.cpp:891] [print_deep_description] MultiPushQEl0YOLOX-Post-Process | inputs: AsyncHwEl[0] AsyncHwEl[1] AsyncHwEl[2] AsyncHwEl[3] AsyncHwEl[4] AsyncHwEl[5] AsyncHwEl[6] AsyncHwEl[7] AsyncHwEl[8] | outputs: NmsPPMuxEl0YOLOX-Post-Process(running in thread_id: 8094)
[2026-01-02 20:47:06.183] [8015] [HailoRT] [info] [pipeline.cpp:891] [print_deep_description] NmsPPMuxEl0YOLOX-Post-Process | inputs: MultiPushQEl0YOLOX-Post-Process[0] | outputs: LastAsyncEl0NmsPPMuxEl0YOLOX-Post-Process
[2026-01-02 20:47:06.183] [8015] [HailoRT] [info] [pipeline.cpp:891] [print_deep_description] LastAsyncEl0NmsPPMuxEl0YOLOX-Post-Process | inputs: NmsPPMuxEl0YOLOX-Post-Process[0] | outputs: user
[2026-01-02 20:47:07.382] [8084] [HailoRT] [info] [hef.cpp:1929] [get_network_group_and_network_name] No name was given. Addressing all networks of default network_group: yolov6n
[2026-01-02 20:49:47.868] [8168] [HailoRT] [info] [device.cpp:49] [Device] OS Version: Linux 6.12.47+rpt-rpi-2712 #1 SMP PREEMPT Debian 1:6.12.47-1+rpt1~bookworm (2025-09-16) aarch64
[2026-01-02 20:49:47.869] [8168] [HailoRT] [info] [control.cpp:108] [control__parse_identify_results] firmware_version is: 4.20.0
[2026-01-02 20:49:47.870] [8168] [HailoRT] [info] [control.cpp:108] [control__parse_identify_results] firmware_version is: 4.20.0
[2026-01-02 20:49:47.929] [8176] [HailoRT] [info] [device.cpp:49] [Device] OS Version: Linux 6.12.47+rpt-rpi-2712 #1 SMP PREEMPT Debian 1:6.12.47-1+rpt1~bookworm (2025-09-16) aarch64
[2026-01-02 20:49:47.930] [8176] [HailoRT] [info] [control.cpp:108] [control__parse_identify_results] firmware_version is: 4.20.0
[2026-01-02 20:49:47.931] [8176] [HailoRT] [info] [control.cpp:108] [control__parse_identify_results] firmware_version is: 4.20.0
[2026-01-02 20:49:47.973] [8184] [HailoRT] [info] [device.cpp:49] [Device] OS Version: Linux 6.12.47+rpt-rpi-2712 #1 SMP PREEMPT Debian 1:6.12.47-1+rpt1~bookworm (2025-09-16) aarch64
[2026-01-02 20:49:47.975] [8184] [HailoRT] [info] [control.cpp:108] [control__parse_identify_results] firmware_version is: 4.20.0
[2026-01-02 20:49:47.976] [8184] [HailoRT] [info] [control.cpp:108] [control__parse_identify_results] firmware_version is: 4.20.0
[2026-01-02 20:49:48.058] [8137] [HailoRT] [info] [vdevice.cpp:523] [create] Creating vdevice with params: device_count: 1, scheduling_algorithm: ROUND_ROBIN, multi_process_service: false
[2026-01-02 20:49:48.069] [8137] [HailoRT] [info] [device.cpp:49] [Device] OS Version: Linux 6.12.47+rpt-rpi-2712 #1 SMP PREEMPT Debian 1:6.12.47-1+rpt1~bookworm (2025-09-16) aarch64
[2026-01-02 20:49:48.070] [8137] [HailoRT] [info] [control.cpp:108] [control__parse_identify_results] firmware_version is: 4.20.0
[2026-01-02 20:49:48.070] [8137] [HailoRT] [info] [vdevice.cpp:651] [create] VDevice Infos: 0001:01:00.0
[2026-01-02 20:49:48.091] [8137] [HailoRT] [info] [hef.cpp:1929] [get_network_group_and_network_name] No name was given. Addressing all networks of default network_group: yolov6n
[2026-01-02 20:49:48.091] [8137] [HailoRT] [info] [hef.cpp:1929] [get_network_group_and_network_name] No name was given. Addressing all networks of default network_group: yolov6n
[2026-01-02 20:49:48.109] [8137] [HailoRT] [info] [internal_buffer_manager.cpp:202] [print_execution_results] Default Internal buffer planner failed to meet requirements
[2026-01-02 20:49:48.109] [8137] [HailoRT] [info] [internal_buffer_manager.cpp:212] [print_execution_results] Default Internal buffer planner executed successfully
[2026-01-02 20:49:48.115] [8137] [HailoRT] [info] [device_internal.cpp:57] [configure] Configuring HEF took 13.303381 milliseconds
[2026-01-02 20:49:48.115] [8137] [HailoRT] [info] [vdevice.cpp:749] [configure] Configuring HEF on VDevice took 13.648696 milliseconds
[2026-01-02 20:49:48.115] [8137] [HailoRT] [info] [infer_model.cpp:436] [configure] Configuring network group 'yolov6n' with params: batch size: 2, power mode: PERFORMANCE, latency: NONE
[2026-01-02 20:49:48.115] [8137] [HailoRT] [info] [multi_io_elements.cpp:756] [create] Created (AsyncHwEl)
[2026-01-02 20:49:48.115] [8137] [HailoRT] [info] [queue_elements.cpp:450] [create] Created (EntryPushQEl0yolov6n/input_layer1 | timeout: 10s)
[2026-01-02 20:49:48.115] [8137] [HailoRT] [info] [filter_elements.cpp:101] [create] Created (PreInferEl3yolov6n/input_layer1 | Reorder - src_order: RGB4, src_shape: (640, 640, 3), dst_order: NHCW, dst_shape: (640, 640, 3))
[2026-01-02 20:49:48.115] [8137] [HailoRT] [info] [queue_elements.cpp:450] [create] Created (PushQEl3yolov6n/input_layer1 | timeout: 10s)
[2026-01-02 20:49:48.115] [8137] [HailoRT] [info] [multi_io_elements.cpp:135] [create] Created (NmsPPMuxEl0YOLOX-Post-Process | Op YOLOX, Name: YOLOX-Post-Process, Score threshold: 0.300, IoU threshold: 0.45, Classes: 80, Cross classes: false, NMS results order: BY_CLASS, Max bboxes per class: 100, Image height: 640, Image width: 640)
[2026-01-02 20:49:48.116] [8137] [HailoRT] [info] [queue_elements.cpp:942] [create] Created (MultiPushQEl0YOLOX-Post-Process | timeout: 10s)
[2026-01-02 20:49:48.116] [8137] [HailoRT] [info] [edge_elements.cpp:187] [create] Created (LastAsyncEl0NmsPPMuxEl0YOLOX-Post-Process)
[2026-01-02 20:49:48.116] [8137] [HailoRT] [info] [pipeline.cpp:891] [print_deep_description] EntryPushQEl0yolov6n/input_layer1 | inputs: user | outputs: PreInferEl3yolov6n/input_layer1(running in thread_id: 8214)
[2026-01-02 20:49:48.116] [8137] [HailoRT] [info] [pipeline.cpp:891] [print_deep_description] PreInferEl3yolov6n/input_layer1 | inputs: EntryPushQEl0yolov6n/input_layer1[0] | outputs: PushQEl3yolov6n/input_layer1
[2026-01-02 20:49:48.116] [8137] [HailoRT] [info] [pipeline.cpp:891] [print_deep_description] PushQEl3yolov6n/input_layer1 | inputs: PreInferEl3yolov6n/input_layer1[0] | outputs: AsyncHwEl(running in thread_id: 8215)
[2026-01-02 20:49:48.116] [8137] [HailoRT] [info] [pipeline.cpp:891] [print_deep_description] AsyncHwEl | inputs: PushQEl3yolov6n/input_layer1[0] | outputs: MultiPushQEl0YOLOX-Post-Process MultiPushQEl0YOLOX-Post-Process MultiPushQEl0YOLOX-Post-Process MultiPushQEl0YOLOX-Post-Process MultiPushQEl0YOLOX-Post-Process MultiPushQEl0YOLOX-Post-Process MultiPushQEl0YOLOX-Post-Process MultiPushQEl0YOLOX-Post-Process MultiPushQEl0YOLOX-Post-Process
[2026-01-02 20:49:48.116] [8137] [HailoRT] [info] [pipeline.cpp:891] [print_deep_description] MultiPushQEl0YOLOX-Post-Process | inputs: AsyncHwEl[0] AsyncHwEl[1] AsyncHwEl[2] AsyncHwEl[3] AsyncHwEl[4] AsyncHwEl[5] AsyncHwEl[6] AsyncHwEl[7] AsyncHwEl[8] | outputs: NmsPPMuxEl0YOLOX-Post-Process(running in thread_id: 8216)
[2026-01-02 20:49:48.116] [8137] [HailoRT] [info] [pipeline.cpp:891] [print_deep_description] NmsPPMuxEl0YOLOX-Post-Process | inputs: MultiPushQEl0YOLOX-Post-Process[0] | outputs: LastAsyncEl0NmsPPMuxEl0YOLOX-Post-Process
[2026-01-02 20:49:48.116] [8137] [HailoRT] [info] [pipeline.cpp:891] [print_deep_description] LastAsyncEl0NmsPPMuxEl0YOLOX-Post-Process | inputs: NmsPPMuxEl0YOLOX-Post-Process[0] | outputs: user
[2026-01-02 20:49:49.346] [8206] [HailoRT] [info] [hef.cpp:1929] [get_network_group_and_network_name] No name was given. Addressing all networks of default network_group: yolov6n
[2026-01-02 20:50:29.053] [8301] [HailoRT] [info] [device.cpp:49] [Device] OS Version: Linux 6.12.47+rpt-rpi-2712 #1 SMP PREEMPT Debian 1:6.12.47-1+rpt1~bookworm (2025-09-16) aarch64
[2026-01-02 20:50:29.054] [8301] [HailoRT] [info] [control.cpp:108] [control__parse_identify_results] firmware_version is: 4.20.0
[2026-01-02 20:50:29.055] [8301] [HailoRT] [info] [control.cpp:108] [control__parse_identify_results] firmware_version is: 4.20.0
[2026-01-02 20:50:29.097] [8309] [HailoRT] [info] [device.cpp:49] [Device] OS Version: Linux 6.12.47+rpt-rpi-2712 #1 SMP PREEMPT Debian 1:6.12.47-1+rpt1~bookworm (2025-09-16) aarch64
[2026-01-02 20:50:29.098] [8309] [HailoRT] [info] [control.cpp:108] [control__parse_identify_results] firmware_version is: 4.20.0
[2026-01-02 20:50:29.099] [8309] [HailoRT] [info] [control.cpp:108] [control__parse_identify_results] firmware_version is: 4.20.0
[2026-01-02 20:50:29.141] [8317] [HailoRT] [info] [device.cpp:49] [Device] OS Version: Linux 6.12.47+rpt-rpi-2712 #1 SMP PREEMPT Debian 1:6.12.47-1+rpt1~bookworm (2025-09-16) aarch64
[2026-01-02 20:50:29.143] [8317] [HailoRT] [info] [control.cpp:108] [control__parse_identify_results] firmware_version is: 4.20.0
[2026-01-02 20:50:29.144] [8317] [HailoRT] [info] [control.cpp:108] [control__parse_identify_results] firmware_version is: 4.20.0
[2026-01-02 20:50:29.237] [8267] [HailoRT] [info] [vdevice.cpp:523] [create] Creating vdevice with params: device_count: 1, scheduling_algorithm: ROUND_ROBIN, multi_process_service: false
[2026-01-02 20:50:29.249] [8267] [HailoRT] [info] [device.cpp:49] [Device] OS Version: Linux 6.12.47+rpt-rpi-2712 #1 SMP PREEMPT Debian 1:6.12.47-1+rpt1~bookworm (2025-09-16) aarch64
[2026-01-02 20:50:29.250] [8267] [HailoRT] [info] [control.cpp:108] [control__parse_identify_results] firmware_version is: 4.20.0
[2026-01-02 20:50:29.250] [8267] [HailoRT] [info] [vdevice.cpp:651] [create] VDevice Infos: 0001:01:00.0
[2026-01-02 20:50:29.271] [8267] [HailoRT] [info] [hef.cpp:1929] [get_network_group_and_network_name] No name was given. Addressing all networks of default network_group: yolov6n
[2026-01-02 20:50:29.271] [8267] [HailoRT] [info] [hef.cpp:1929] [get_network_group_and_network_name] No name was given. Addressing all networks of default network_group: yolov6n
[2026-01-02 20:50:29.288] [8267] [HailoRT] [info] [internal_buffer_manager.cpp:202] [print_execution_results] Default Internal buffer planner failed to meet requirements
[2026-01-02 20:50:29.288] [8267] [HailoRT] [info] [internal_buffer_manager.cpp:212] [print_execution_results] Default Internal buffer planner executed successfully
[2026-01-02 20:50:29.295] [8267] [HailoRT] [info] [device_internal.cpp:57] [configure] Configuring HEF took 13.561714 milliseconds
[2026-01-02 20:50:29.295] [8267] [HailoRT] [info] [vdevice.cpp:749] [configure] Configuring HEF on VDevice took 13.935603 milliseconds
[2026-01-02 20:50:29.295] [8267] [HailoRT] [info] [infer_model.cpp:436] [configure] Configuring network group 'yolov6n' with params: batch size: 2, power mode: PERFORMANCE, latency: NONE
[2026-01-02 20:50:29.295] [8267] [HailoRT] [info] [multi_io_elements.cpp:756] [create] Created (AsyncHwEl)
[2026-01-02 20:50:29.295] [8267] [HailoRT] [info] [queue_elements.cpp:450] [create] Created (EntryPushQEl0yolov6n/input_layer1 | timeout: 10s)
[2026-01-02 20:50:29.295] [8267] [HailoRT] [info] [filter_elements.cpp:101] [create] Created (PreInferEl3yolov6n/input_layer1 | Reorder - src_order: RGB4, src_shape: (640, 640, 3), dst_order: NHCW, dst_shape: (640, 640, 3))
[2026-01-02 20:50:29.295] [8267] [HailoRT] [info] [queue_elements.cpp:450] [create] Created (PushQEl3yolov6n/input_layer1 | timeout: 10s)
[2026-01-02 20:50:29.295] [8267] [HailoRT] [info] [multi_io_elements.cpp:135] [create] Created (NmsPPMuxEl0YOLOX-Post-Process | Op YOLOX, Name: YOLOX-Post-Process, Score threshold: 0.300, IoU threshold: 0.45, Classes: 80, Cross classes: false, NMS results order: BY_CLASS, Max bboxes per class: 100, Image height: 640, Image width: 640)
[2026-01-02 20:50:29.296] [8267] [HailoRT] [info] [queue_elements.cpp:942] [create] Created (MultiPushQEl0YOLOX-Post-Process | timeout: 10s)
[2026-01-02 20:50:29.296] [8267] [HailoRT] [info] [edge_elements.cpp:187] [create] Created (LastAsyncEl0NmsPPMuxEl0YOLOX-Post-Process)
[2026-01-02 20:50:29.296] [8267] [HailoRT] [info] [pipeline.cpp:891] [print_deep_description] EntryPushQEl0yolov6n/input_layer1 | inputs: user | outputs: PreInferEl3yolov6n/input_layer1(running in thread_id: 8347)
[2026-01-02 20:50:29.296] [8267] [HailoRT] [info] [pipeline.cpp:891] [print_deep_description] PreInferEl3yolov6n/input_layer1 | inputs: EntryPushQEl0yolov6n/input_layer1[0] | outputs: PushQEl3yolov6n/input_layer1
[2026-01-02 20:50:29.296] [8267] [HailoRT] [info] [pipeline.cpp:891] [print_deep_description] PushQEl3yolov6n/input_layer1 | inputs: PreInferEl3yolov6n/input_layer1[0] | outputs: AsyncHwEl(running in thread_id: 8348)
[2026-01-02 20:50:29.296] [8267] [HailoRT] [info] [pipeline.cpp:891] [print_deep_description] AsyncHwEl | inputs: PushQEl3yolov6n/input_layer1[0] | outputs: MultiPushQEl0YOLOX-Post-Process MultiPushQEl0YOLOX-Post-Process MultiPushQEl0YOLOX-Post-Process MultiPushQEl0YOLOX-Post-Process MultiPushQEl0YOLOX-Post-Process MultiPushQEl0YOLOX-Post-Process MultiPushQEl0YOLOX-Post-Process MultiPushQEl0YOLOX-Post-Process MultiPushQEl0YOLOX-Post-Process
[2026-01-02 20:50:29.296] [8267] [HailoRT] [info] [pipeline.cpp:891] [print_deep_description] MultiPushQEl0YOLOX-Post-Process | inputs: AsyncHwEl[0] AsyncHwEl[1] AsyncHwEl[2] AsyncHwEl[3] AsyncHwEl[4] AsyncHwEl[5] AsyncHwEl[6] AsyncHwEl[7] AsyncHwEl[8] | outputs: NmsPPMuxEl0YOLOX-Post-Process(running in thread_id: 8349)
[2026-01-02 20:50:29.296] [8267] [HailoRT] [info] [pipeline.cpp:891] [print_deep_description] NmsPPMuxEl0YOLOX-Post-Process | inputs: MultiPushQEl0YOLOX-Post-Process[0] | outputs: LastAsyncEl0NmsPPMuxEl0YOLOX-Post-Process
[2026-01-02 20:50:29.296] [8267] [HailoRT] [info] [pipeline.cpp:891] [print_deep_description] LastAsyncEl0NmsPPMuxEl0YOLOX-Post-Process | inputs: NmsPPMuxEl0YOLOX-Post-Process[0] | outputs: user
[2026-01-02 20:50:30.532] [8339] [HailoRT] [info] [hef.cpp:1929] [get_network_group_and_network_name] No name was given. Addressing all networks of default network_group: yolov6n
[2026-01-02 20:51:11.188] [8422] [HailoRT] [info] [device.cpp:49] [Device] OS Version: Linux 6.12.47+rpt-rpi-2712 #1 SMP PREEMPT Debian 1:6.12.47-1+rpt1~bookworm (2025-09-16) aarch64
[2026-01-02 20:51:11.189] [8422] [HailoRT] [info] [control.cpp:108] [control__parse_identify_results] firmware_version is: 4.20.0
[2026-01-02 20:51:11.190] [8422] [HailoRT] [info] [control.cpp:108] [control__parse_identify_results] firmware_version is: 4.20.0
[2026-01-02 20:51:11.245] [8430] [HailoRT] [info] [device.cpp:49] [Device] OS Version: Linux 6.12.47+rpt-rpi-2712 #1 SMP PREEMPT Debian 1:6.12.47-1+rpt1~bookworm (2025-09-16) aarch64
[2026-01-02 20:51:11.246] [8430] [HailoRT] [info] [control.cpp:108] [control__parse_identify_results] firmware_version is: 4.20.0
[2026-01-02 20:51:11.247] [8430] [HailoRT] [info] [control.cpp:108] [control__parse_identify_results] firmware_version is: 4.20.0
[2026-01-02 20:51:11.293] [8438] [HailoRT] [info] [device.cpp:49] [Device] OS Version: Linux 6.12.47+rpt-rpi-2712 #1 SMP PREEMPT Debian 1:6.12.47-1+rpt1~bookworm (2025-09-16) aarch64
[2026-01-02 20:51:11.295] [8438] [HailoRT] [info] [control.cpp:108] [control__parse_identify_results] firmware_version is: 4.20.0
[2026-01-02 20:51:11.295] [8438] [HailoRT] [info] [control.cpp:108] [control__parse_identify_results] firmware_version is: 4.20.0
[2026-01-02 20:51:11.379] [8391] [HailoRT] [info] [vdevice.cpp:523] [create] Creating vdevice with params: device_count: 1, scheduling_algorithm: ROUND_ROBIN, multi_process_service: false
[2026-01-02 20:51:11.389] [8391] [HailoRT] [info] [device.cpp:49] [Device] OS Version: Linux 6.12.47+rpt-rpi-2712 #1 SMP PREEMPT Debian 1:6.12.47-1+rpt1~bookworm (2025-09-16) aarch64
[2026-01-02 20:51:11.390] [8391] [HailoRT] [info] [control.cpp:108] [control__parse_identify_results] firmware_version is: 4.20.0
[2026-01-02 20:51:11.391] [8391] [HailoRT] [info] [vdevice.cpp:651] [create] VDevice Infos: 0001:01:00.0
[2026-01-02 20:51:11.411] [8391] [HailoRT] [info] [hef.cpp:1929] [get_network_group_and_network_name] No name was given. Addressing all networks of default network_group: yolov6n
[2026-01-02 20:51:11.411] [8391] [HailoRT] [info] [hef.cpp:1929] [get_network_group_and_network_name] No name was given. Addressing all networks of default network_group: yolov6n
[2026-01-02 20:51:11.427] [8391] [HailoRT] [info] [internal_buffer_manager.cpp:202] [print_execution_results] Default Internal buffer planner failed to meet requirements
[2026-01-02 20:51:11.427] [8391] [HailoRT] [info] [internal_buffer_manager.cpp:212] [print_execution_results] Default Internal buffer planner executed successfully
[2026-01-02 20:51:11.433] [8391] [HailoRT] [info] [device_internal.cpp:57] [configure] Configuring HEF took 11.400456 milliseconds
[2026-01-02 20:51:11.433] [8391] [HailoRT] [info] [vdevice.cpp:749] [configure] Configuring HEF on VDevice took 11.737826 milliseconds
[2026-01-02 20:51:11.433] [8391] [HailoRT] [info] [infer_model.cpp:436] [configure] Configuring network group 'yolov6n' with params: batch size: 2, power mode: PERFORMANCE, latency: NONE
[2026-01-02 20:51:11.433] [8391] [HailoRT] [info] [multi_io_elements.cpp:756] [create] Created (AsyncHwEl)
[2026-01-02 20:51:11.433] [8391] [HailoRT] [info] [queue_elements.cpp:450] [create] Created (EntryPushQEl0yolov6n/input_layer1 | timeout: 10s)
[2026-01-02 20:51:11.433] [8391] [HailoRT] [info] [filter_elements.cpp:101] [create] Created (PreInferEl3yolov6n/input_layer1 | Reorder - src_order: RGB4, src_shape: (640, 640, 3), dst_order: NHCW, dst_shape: (640, 640, 3))
[2026-01-02 20:51:11.433] [8391] [HailoRT] [info] [queue_elements.cpp:450] [create] Created (PushQEl3yolov6n/input_layer1 | timeout: 10s)
[2026-01-02 20:51:11.433] [8391] [HailoRT] [info] [multi_io_elements.cpp:135] [create] Created (NmsPPMuxEl0YOLOX-Post-Process | Op YOLOX, Name: YOLOX-Post-Process, Score threshold: 0.300, IoU threshold: 0.45, Classes: 80, Cross classes: false, NMS results order: BY_CLASS, Max bboxes per class: 100, Image height: 640, Image width: 640)
[2026-01-02 20:51:11.434] [8391] [HailoRT] [info] [queue_elements.cpp:942] [create] Created (MultiPushQEl0YOLOX-Post-Process | timeout: 10s)
[2026-01-02 20:51:11.434] [8391] [HailoRT] [info] [edge_elements.cpp:187] [create] Created (LastAsyncEl0NmsPPMuxEl0YOLOX-Post-Process)
[2026-01-02 20:51:11.434] [8391] [HailoRT] [info] [pipeline.cpp:891] [print_deep_description] EntryPushQEl0yolov6n/input_layer1 | inputs: user | outputs: PreInferEl3yolov6n/input_layer1(running in thread_id: 8468)
[2026-01-02 20:51:11.434] [8391] [HailoRT] [info] [pipeline.cpp:891] [print_deep_description] PreInferEl3yolov6n/input_layer1 | inputs: EntryPushQEl0yolov6n/input_layer1[0] | outputs: PushQEl3yolov6n/input_layer1
[2026-01-02 20:51:11.434] [8391] [HailoRT] [info] [pipeline.cpp:891] [print_deep_description] PushQEl3yolov6n/input_layer1 | inputs: PreInferEl3yolov6n/input_layer1[0] | outputs: AsyncHwEl(running in thread_id: 8469)
[2026-01-02 20:51:11.434] [8391] [HailoRT] [info] [pipeline.cpp:891] [print_deep_description] AsyncHwEl | inputs: PushQEl3yolov6n/input_layer1[0] | outputs: MultiPushQEl0YOLOX-Post-Process MultiPushQEl0YOLOX-Post-Process MultiPushQEl0YOLOX-Post-Process MultiPushQEl0YOLOX-Post-Process MultiPushQEl0YOLOX-Post-Process MultiPushQEl0YOLOX-Post-Process MultiPushQEl0YOLOX-Post-Process MultiPushQEl0YOLOX-Post-Process MultiPushQEl0YOLOX-Post-Process
[2026-01-02 20:51:11.434] [8391] [HailoRT] [info] [pipeline.cpp:891] [print_deep_description] MultiPushQEl0YOLOX-Post-Process | inputs: AsyncHwEl[0] AsyncHwEl[1] AsyncHwEl[2] AsyncHwEl[3] AsyncHwEl[4] AsyncHwEl[5] AsyncHwEl[6] AsyncHwEl[7] AsyncHwEl[8] | outputs: NmsPPMuxEl0YOLOX-Post-Process(running in thread_id: 8470)
[2026-01-02 20:51:11.434] [8391] [HailoRT] [info] [pipeline.cpp:891] [print_deep_description] NmsPPMuxEl0YOLOX-Post-Process | inputs: MultiPushQEl0YOLOX-Post-Process[0] | outputs: LastAsyncEl0NmsPPMuxEl0YOLOX-Post-Process
[2026-01-02 20:51:11.434] [8391] [HailoRT] [info] [pipeline.cpp:891] [print_deep_description] LastAsyncEl0NmsPPMuxEl0YOLOX-Post-Process | inputs: NmsPPMuxEl0YOLOX-Post-Process[0] | outputs: user
[2026-01-02 20:51:12.648] [8460] [HailoRT] [info] [hef.cpp:1929] [get_network_group_and_network_name] No name was given. Addressing all networks of default network_group: yolov6n
[2026-01-02 20:51:58.937] [8531] [HailoRT] [info] [device.cpp:49] [Device] OS Version: Linux 6.12.47+rpt-rpi-2712 #1 SMP PREEMPT Debian 1:6.12.47-1+rpt1~bookworm (2025-09-16) aarch64
[2026-01-02 20:51:58.938] [8531] [HailoRT] [info] [control.cpp:108] [control__parse_identify_results] firmware_version is: 4.20.0
[2026-01-02 20:51:58.939] [8531] [HailoRT] [info] [control.cpp:108] [control__parse_identify_results] firmware_version is: 4.20.0
[2026-01-02 20:51:58.993] [8539] [HailoRT] [info] [device.cpp:49] [Device] OS Version: Linux 6.12.47+rpt-rpi-2712 #1 SMP PREEMPT Debian 1:6.12.47-1+rpt1~bookworm (2025-09-16) aarch64
[2026-01-02 20:51:58.994] [8539] [HailoRT] [info] [control.cpp:108] [control__parse_identify_results] firmware_version is: 4.20.0
[2026-01-02 20:51:58.995] [8539] [HailoRT] [info] [control.cpp:108] [control__parse_identify_results] firmware_version is: 4.20.0
[2026-01-02 20:51:59.037] [8547] [HailoRT] [info] [device.cpp:49] [Device] OS Version: Linux 6.12.47+rpt-rpi-2712 #1 SMP PREEMPT Debian 1:6.12.47-1+rpt1~bookworm (2025-09-16) aarch64
[2026-01-02 20:51:59.039] [8547] [HailoRT] [info] [control.cpp:108] [control__parse_identify_results] firmware_version is: 4.20.0
[2026-01-02 20:51:59.039] [8547] [HailoRT] [info] [control.cpp:108] [control__parse_identify_results] firmware_version is: 4.20.0
[2026-01-02 20:51:59.116] [8500] [HailoRT] [info] [vdevice.cpp:523] [create] Creating vdevice with params: device_count: 1, scheduling_algorithm: ROUND_ROBIN, multi_process_service: false
[2026-01-02 20:51:59.129] [8500] [HailoRT] [info] [device.cpp:49] [Device] OS Version: Linux 6.12.47+rpt-rpi-2712 #1 SMP PREEMPT Debian 1:6.12.47-1+rpt1~bookworm (2025-09-16) aarch64
[2026-01-02 20:51:59.130] [8500] [HailoRT] [info] [control.cpp:108] [control__parse_identify_results] firmware_version is: 4.20.0
[2026-01-02 20:51:59.130] [8500] [HailoRT] [info] [vdevice.cpp:651] [create] VDevice Infos: 0001:01:00.0
[2026-01-02 20:51:59.150] [8500] [HailoRT] [info] [hef.cpp:1929] [get_network_group_and_network_name] No name was given. Addressing all networks of default network_group: yolov6n
[2026-01-02 20:51:59.150] [8500] [HailoRT] [info] [hef.cpp:1929] [get_network_group_and_network_name] No name was given. Addressing all networks of default network_group: yolov6n
[2026-01-02 20:51:59.168] [8500] [HailoRT] [info] [internal_buffer_manager.cpp:202] [print_execution_results] Default Internal buffer planner failed to meet requirements
[2026-01-02 20:51:59.168] [8500] [HailoRT] [info] [internal_buffer_manager.cpp:212] [print_execution_results] Default Internal buffer planner executed successfully
[2026-01-02 20:51:59.174] [8500] [HailoRT] [info] [device_internal.cpp:57] [configure] Configuring HEF took 13.35751 milliseconds
[2026-01-02 20:51:59.174] [8500] [HailoRT] [info] [vdevice.cpp:749] [configure] Configuring HEF on VDevice took 13.703621 milliseconds
[2026-01-02 20:51:59.174] [8500] [HailoRT] [info] [infer_model.cpp:436] [configure] Configuring network group 'yolov6n' with params: batch size: 2, power mode: PERFORMANCE, latency: NONE
[2026-01-02 20:51:59.174] [8500] [HailoRT] [info] [multi_io_elements.cpp:756] [create] Created (AsyncHwEl)
[2026-01-02 20:51:59.175] [8500] [HailoRT] [info] [queue_elements.cpp:450] [create] Created (EntryPushQEl0yolov6n/input_layer1 | timeout: 10s)
[2026-01-02 20:51:59.175] [8500] [HailoRT] [info] [filter_elements.cpp:101] [create] Created (PreInferEl3yolov6n/input_layer1 | Reorder - src_order: RGB4, src_shape: (640, 640, 3), dst_order: NHCW, dst_shape: (640, 640, 3))
[2026-01-02 20:51:59.175] [8500] [HailoRT] [info] [queue_elements.cpp:450] [create] Created (PushQEl3yolov6n/input_layer1 | timeout: 10s)
[2026-01-02 20:51:59.175] [8500] [HailoRT] [info] [multi_io_elements.cpp:135] [create] Created (NmsPPMuxEl0YOLOX-Post-Process | Op YOLOX, Name: YOLOX-Post-Process, Score threshold: 0.300, IoU threshold: 0.45, Classes: 80, Cross classes: false, NMS results order: BY_CLASS, Max bboxes per class: 100, Image height: 640, Image width: 640)
[2026-01-02 20:51:59.175] [8500] [HailoRT] [info] [queue_elements.cpp:942] [create] Created (MultiPushQEl0YOLOX-Post-Process | timeout: 10s)
[2026-01-02 20:51:59.175] [8500] [HailoRT] [info] [edge_elements.cpp:187] [create] Created (LastAsyncEl0NmsPPMuxEl0YOLOX-Post-Process)
[2026-01-02 20:51:59.175] [8500] [HailoRT] [info] [pipeline.cpp:891] [print_deep_description] EntryPushQEl0yolov6n/input_layer1 | inputs: user | outputs: PreInferEl3yolov6n/input_layer1(running in thread_id: 8577)
[2026-01-02 20:51:59.175] [8500] [HailoRT] [info] [pipeline.cpp:891] [print_deep_description] PreInferEl3yolov6n/input_layer1 | inputs: EntryPushQEl0yolov6n/input_layer1[0] | outputs: PushQEl3yolov6n/input_layer1
[2026-01-02 20:51:59.175] [8500] [HailoRT] [info] [pipeline.cpp:891] [print_deep_description] PushQEl3yolov6n/input_layer1 | inputs: PreInferEl3yolov6n/input_layer1[0] | outputs: AsyncHwEl(running in thread_id: 8578)
[2026-01-02 20:51:59.175] [8500] [HailoRT] [info] [pipeline.cpp:891] [print_deep_description] AsyncHwEl | inputs: PushQEl3yolov6n/input_layer1[0] | outputs: MultiPushQEl0YOLOX-Post-Process MultiPushQEl0YOLOX-Post-Process MultiPushQEl0YOLOX-Post-Process MultiPushQEl0YOLOX-Post-Process MultiPushQEl0YOLOX-Post-Process MultiPushQEl0YOLOX-Post-Process MultiPushQEl0YOLOX-Post-Process MultiPushQEl0YOLOX-Post-Process MultiPushQEl0YOLOX-Post-Process
[2026-01-02 20:51:59.175] [8500] [HailoRT] [info] [pipeline.cpp:891] [print_deep_description] MultiPushQEl0YOLOX-Post-Process | inputs: AsyncHwEl[0] AsyncHwEl[1] AsyncHwEl[2] AsyncHwEl[3] AsyncHwEl[4] AsyncHwEl[5] AsyncHwEl[6] AsyncHwEl[7] AsyncHwEl[8] | outputs: NmsPPMuxEl0YOLOX-Post-Process(running in thread_id: 8579)
[2026-01-02 20:51:59.175] [8500] [HailoRT] [info] [pipeline.cpp:891] [print_deep_description] NmsPPMuxEl0YOLOX-Post-Process | inputs: MultiPushQEl0YOLOX-Post-Process[0] | outputs: LastAsyncEl0NmsPPMuxEl0YOLOX-Post-Process
[2026-01-02 20:51:59.175] [8500] [HailoRT] [info] [pipeline.cpp:891] [print_deep_description] LastAsyncEl0NmsPPMuxEl0YOLOX-Post-Process | inputs: NmsPPMuxEl0YOLOX-Post-Process[0] | outputs: user
[2026-01-02 20:52:00.392] [8569] [HailoRT] [info] [hef.cpp:1929] [get_network_group_and_network_name] No name was given. Addressing all networks of default network_group: yolov6n
[2026-01-02 20:57:11.377] [8633] [HailoRT] [info] [device.cpp:49] [Device] OS Version: Linux 6.12.47+rpt-rpi-2712 #1 SMP PREEMPT Debian 1:6.12.47-1+rpt1~bookworm (2025-09-16) aarch64
[2026-01-02 20:57:11.378] [8633] [HailoRT] [info] [control.cpp:108] [control__parse_identify_results] firmware_version is: 4.20.0
[2026-01-02 20:57:11.379] [8633] [HailoRT] [info] [control.cpp:108] [control__parse_identify_results] firmware_version is: 4.20.0
[2026-01-02 20:57:11.425] [8641] [HailoRT] [info] [device.cpp:49] [Device] OS Version: Linux 6.12.47+rpt-rpi-2712 #1 SMP PREEMPT Debian 1:6.12.47-1+rpt1~bookworm (2025-09-16) aarch64
[2026-01-02 20:57:11.426] [8641] [HailoRT] [info] [control.cpp:108] [control__parse_identify_results] firmware_version is: 4.20.0
[2026-01-02 20:57:11.427] [8641] [HailoRT] [info] [control.cpp:108] [control__parse_identify_results] firmware_version is: 4.20.0
[2026-01-02 20:57:11.473] [8649] [HailoRT] [info] [device.cpp:49] [Device] OS Version: Linux 6.12.47+rpt-rpi-2712 #1 SMP PREEMPT Debian 1:6.12.47-1+rpt1~bookworm (2025-09-16) aarch64
[2026-01-02 20:57:11.475] [8649] [HailoRT] [info] [control.cpp:108] [control__parse_identify_results] firmware_version is: 4.20.0
[2026-01-02 20:57:11.475] [8649] [HailoRT] [info] [control.cpp:108] [control__parse_identify_results] firmware_version is: 4.20.0
[2026-01-02 20:57:11.561] [8602] [HailoRT] [info] [vdevice.cpp:523] [create] Creating vdevice with params: device_count: 1, scheduling_algorithm: ROUND_ROBIN, multi_process_service: false
[2026-01-02 20:57:11.573] [8602] [HailoRT] [info] [device.cpp:49] [Device] OS Version: Linux 6.12.47+rpt-rpi-2712 #1 SMP PREEMPT Debian 1:6.12.47-1+rpt1~bookworm (2025-09-16) aarch64
[2026-01-02 20:57:11.574] [8602] [HailoRT] [info] [control.cpp:108] [control__parse_identify_results] firmware_version is: 4.20.0
[2026-01-02 20:57:11.574] [8602] [HailoRT] [info] [vdevice.cpp:651] [create] VDevice Infos: 0001:01:00.0
[2026-01-02 20:57:11.595] [8602] [HailoRT] [info] [hef.cpp:1929] [get_network_group_and_network_name] No name was given. Addressing all networks of default network_group: yolov6n
[2026-01-02 20:57:11.595] [8602] [HailoRT] [info] [hef.cpp:1929] [get_network_group_and_network_name] No name was given. Addressing all networks of default network_group: yolov6n
[2026-01-02 20:57:11.612] [8602] [HailoRT] [info] [internal_buffer_manager.cpp:202] [print_execution_results] Default Internal buffer planner failed to meet requirements
[2026-01-02 20:57:11.612] [8602] [HailoRT] [info] [internal_buffer_manager.cpp:212] [print_execution_results] Default Internal buffer planner executed successfully
[2026-01-02 20:57:11.618] [8602] [HailoRT] [info] [device_internal.cpp:57] [configure] Configuring HEF took 13.18886 milliseconds
[2026-01-02 20:57:11.619] [8602] [HailoRT] [info] [vdevice.cpp:749] [configure] Configuring HEF on VDevice took 13.535823 milliseconds
[2026-01-02 20:57:11.619] [8602] [HailoRT] [info] [infer_model.cpp:436] [configure] Configuring network group 'yolov6n' with params: batch size: 2, power mode: PERFORMANCE, latency: NONE
[2026-01-02 20:57:11.619] [8602] [HailoRT] [info] [multi_io_elements.cpp:756] [create] Created (AsyncHwEl)
[2026-01-02 20:57:11.619] [8602] [HailoRT] [info] [queue_elements.cpp:450] [create] Created (EntryPushQEl0yolov6n/input_layer1 | timeout: 10s)
[2026-01-02 20:57:11.619] [8602] [HailoRT] [info] [filter_elements.cpp:101] [create] Created (PreInferEl3yolov6n/input_layer1 | Reorder - src_order: RGB4, src_shape: (640, 640, 3), dst_order: NHCW, dst_shape: (640, 640, 3))
[2026-01-02 20:57:11.619] [8602] [HailoRT] [info] [queue_elements.cpp:450] [create] Created (PushQEl3yolov6n/input_layer1 | timeout: 10s)
[2026-01-02 20:57:11.619] [8602] [HailoRT] [info] [multi_io_elements.cpp:135] [create] Created (NmsPPMuxEl0YOLOX-Post-Process | Op YOLOX, Name: YOLOX-Post-Process, Score threshold: 0.300, IoU threshold: 0.45, Classes: 80, Cross classes: false, NMS results order: BY_CLASS, Max bboxes per class: 100, Image height: 640, Image width: 640)
[2026-01-02 20:57:11.620] [8602] [HailoRT] [info] [queue_elements.cpp:942] [create] Created (MultiPushQEl0YOLOX-Post-Process | timeout: 10s)
[2026-01-02 20:57:11.620] [8602] [HailoRT] [info] [edge_elements.cpp:187] [create] Created (LastAsyncEl0NmsPPMuxEl0YOLOX-Post-Process)
[2026-01-02 20:57:11.620] [8602] [HailoRT] [info] [pipeline.cpp:891] [print_deep_description] EntryPushQEl0yolov6n/input_layer1 | inputs: user | outputs: PreInferEl3yolov6n/input_layer1(running in thread_id: 8679)
[2026-01-02 20:57:11.620] [8602] [HailoRT] [info] [pipeline.cpp:891] [print_deep_description] PreInferEl3yolov6n/input_layer1 | inputs: EntryPushQEl0yolov6n/input_layer1[0] | outputs: PushQEl3yolov6n/input_layer1
[2026-01-02 20:57:11.620] [8602] [HailoRT] [info] [pipeline.cpp:891] [print_deep_description] PushQEl3yolov6n/input_layer1 | inputs: PreInferEl3yolov6n/input_layer1[0] | outputs: AsyncHwEl(running in thread_id: 8680)
[2026-01-02 20:57:11.620] [8602] [HailoRT] [info] [pipeline.cpp:891] [print_deep_description] AsyncHwEl | inputs: PushQEl3yolov6n/input_layer1[0] | outputs: MultiPushQEl0YOLOX-Post-Process MultiPushQEl0YOLOX-Post-Process MultiPushQEl0YOLOX-Post-Process MultiPushQEl0YOLOX-Post-Process MultiPushQEl0YOLOX-Post-Process MultiPushQEl0YOLOX-Post-Process MultiPushQEl0YOLOX-Post-Process MultiPushQEl0YOLOX-Post-Process MultiPushQEl0YOLOX-Post-Process
[2026-01-02 20:57:11.620] [8602] [HailoRT] [info] [pipeline.cpp:891] [print_deep_description] MultiPushQEl0YOLOX-Post-Process | inputs: AsyncHwEl[0] AsyncHwEl[1] AsyncHwEl[2] AsyncHwEl[3] AsyncHwEl[4] AsyncHwEl[5] AsyncHwEl[6] AsyncHwEl[7] AsyncHwEl[8] | outputs: NmsPPMuxEl0YOLOX-Post-Process(running in thread_id: 8681)
[2026-01-02 20:57:11.620] [8602] [HailoRT] [info] [pipeline.cpp:891] [print_deep_description] NmsPPMuxEl0YOLOX-Post-Process | inputs: MultiPushQEl0YOLOX-Post-Process[0] | outputs: LastAsyncEl0NmsPPMuxEl0YOLOX-Post-Process
[2026-01-02 20:57:11.620] [8602] [HailoRT] [info] [pipeline.cpp:891] [print_deep_description] LastAsyncEl0NmsPPMuxEl0YOLOX-Post-Process | inputs: NmsPPMuxEl0YOLOX-Post-Process[0] | outputs: user
[2026-01-02 20:57:12.815] [8671] [HailoRT] [info] [hef.cpp:1929] [get_network_group_and_network_name] No name was given. Addressing all networks of default network_group: yolov6n
[2026-01-02 20:57:48.885] [8723] [HailoRT] [info] [device.cpp:49] [Device] OS Version: Linux 6.12.47+rpt-rpi-2712 #1 SMP PREEMPT Debian 1:6.12.47-1+rpt1~bookworm (2025-09-16) aarch64
[2026-01-02 20:57:48.886] [8723] [HailoRT] [info] [control.cpp:108] [control__parse_identify_results] firmware_version is: 4.20.0
[2026-01-02 20:57:48.887] [8723] [HailoRT] [info] [control.cpp:108] [control__parse_identify_results] firmware_version is: 4.20.0
[2026-01-02 20:57:48.945] [8731] [HailoRT] [info] [device.cpp:49] [Device] OS Version: Linux 6.12.47+rpt-rpi-2712 #1 SMP PREEMPT Debian 1:6.12.47-1+rpt1~bookworm (2025-09-16) aarch64
[2026-01-02 20:57:48.946] [8731] [HailoRT] [info] [control.cpp:108] [control__parse_identify_results] firmware_version is: 4.20.0
[2026-01-02 20:57:48.947] [8731] [HailoRT] [info] [control.cpp:108] [control__parse_identify_results] firmware_version is: 4.20.0
[2026-01-02 20:57:48.989] [8739] [HailoRT] [info] [device.cpp:49] [Device] OS Version: Linux 6.12.47+rpt-rpi-2712 #1 SMP PREEMPT Debian 1:6.12.47-1+rpt1~bookworm (2025-09-16) aarch64
[2026-01-02 20:57:48.991] [8739] [HailoRT] [info] [control.cpp:108] [control__parse_identify_results] firmware_version is: 4.20.0
[2026-01-02 20:57:48.991] [8739] [HailoRT] [info] [control.cpp:108] [control__parse_identify_results] firmware_version is: 4.20.0
[2026-01-02 20:57:49.081] [8692] [HailoRT] [info] [vdevice.cpp:523] [create] Creating vdevice with params: device_count: 1, scheduling_algorithm: ROUND_ROBIN, multi_process_service: false
[2026-01-02 20:57:49.093] [8692] [HailoRT] [info] [device.cpp:49] [Device] OS Version: Linux 6.12.47+rpt-rpi-2712 #1 SMP PREEMPT Debian 1:6.12.47-1+rpt1~bookworm (2025-09-16) aarch64
[2026-01-02 20:57:49.094] [8692] [HailoRT] [info] [control.cpp:108] [control__parse_identify_results] firmware_version is: 4.20.0
[2026-01-02 20:57:49.094] [8692] [HailoRT] [info] [vdevice.cpp:651] [create] VDevice Infos: 0001:01:00.0
[2026-01-02 20:57:49.115] [8692] [HailoRT] [info] [hef.cpp:1929] [get_network_group_and_network_name] No name was given. Addressing all networks of default network_group: yolov6n
[2026-01-02 20:57:49.115] [8692] [HailoRT] [info] [hef.cpp:1929] [get_network_group_and_network_name] No name was given. Addressing all networks of default network_group: yolov6n
[2026-01-02 20:57:49.133] [8692] [HailoRT] [info] [internal_buffer_manager.cpp:202] [print_execution_results] Default Internal buffer planner failed to meet requirements
[2026-01-02 20:57:49.133] [8692] [HailoRT] [info] [internal_buffer_manager.cpp:212] [print_execution_results] Default Internal buffer planner executed successfully
[2026-01-02 20:57:49.139] [8692] [HailoRT] [info] [device_internal.cpp:57] [configure] Configuring HEF took 13.055472 milliseconds
[2026-01-02 20:57:49.139] [8692] [HailoRT] [info] [vdevice.cpp:749] [configure] Configuring HEF on VDevice took 13.400675 milliseconds
[2026-01-02 20:57:49.139] [8692] [HailoRT] [info] [infer_model.cpp:436] [configure] Configuring network group 'yolov6n' with params: batch size: 2, power mode: PERFORMANCE, latency: NONE
[2026-01-02 20:57:49.139] [8692] [HailoRT] [info] [multi_io_elements.cpp:756] [create] Created (AsyncHwEl)
[2026-01-02 20:57:49.139] [8692] [HailoRT] [info] [queue_elements.cpp:450] [create] Created (EntryPushQEl0yolov6n/input_layer1 | timeout: 10s)
[2026-01-02 20:57:49.139] [8692] [HailoRT] [info] [filter_elements.cpp:101] [create] Created (PreInferEl3yolov6n/input_layer1 | Reorder - src_order: RGB4, src_shape: (640, 640, 3), dst_order: NHCW, dst_shape: (640, 640, 3))
[2026-01-02 20:57:49.139] [8692] [HailoRT] [info] [queue_elements.cpp:450] [create] Created (PushQEl3yolov6n/input_layer1 | timeout: 10s)
[2026-01-02 20:57:49.139] [8692] [HailoRT] [info] [multi_io_elements.cpp:135] [create] Created (NmsPPMuxEl0YOLOX-Post-Process | Op YOLOX, Name: YOLOX-Post-Process, Score threshold: 0.300, IoU threshold: 0.45, Classes: 80, Cross classes: false, NMS results order: BY_CLASS, Max bboxes per class: 100, Image height: 640, Image width: 640)
[2026-01-02 20:57:49.140] [8692] [HailoRT] [info] [queue_elements.cpp:942] [create] Created (MultiPushQEl0YOLOX-Post-Process | timeout: 10s)
[2026-01-02 20:57:49.140] [8692] [HailoRT] [info] [edge_elements.cpp:187] [create] Created (LastAsyncEl0NmsPPMuxEl0YOLOX-Post-Process)
[2026-01-02 20:57:49.140] [8692] [HailoRT] [info] [pipeline.cpp:891] [print_deep_description] EntryPushQEl0yolov6n/input_layer1 | inputs: user | outputs: PreInferEl3yolov6n/input_layer1(running in thread_id: 8769)
[2026-01-02 20:57:49.140] [8692] [HailoRT] [info] [pipeline.cpp:891] [print_deep_description] PreInferEl3yolov6n/input_layer1 | inputs: EntryPushQEl0yolov6n/input_layer1[0] | outputs: PushQEl3yolov6n/input_layer1
[2026-01-02 20:57:49.140] [8692] [HailoRT] [info] [pipeline.cpp:891] [print_deep_description] PushQEl3yolov6n/input_layer1 | inputs: PreInferEl3yolov6n/input_layer1[0] | outputs: AsyncHwEl(running in thread_id: 8770)
[2026-01-02 20:57:49.140] [8692] [HailoRT] [info] [pipeline.cpp:891] [print_deep_description] AsyncHwEl | inputs: PushQEl3yolov6n/input_layer1[0] | outputs: MultiPushQEl0YOLOX-Post-Process MultiPushQEl0YOLOX-Post-Process MultiPushQEl0YOLOX-Post-Process MultiPushQEl0YOLOX-Post-Process MultiPushQEl0YOLOX-Post-Process MultiPushQEl0YOLOX-Post-Process MultiPushQEl0YOLOX-Post-Process MultiPushQEl0YOLOX-Post-Process MultiPushQEl0YOLOX-Post-Process
[2026-01-02 20:57:49.140] [8692[2026-01-02 20:59:57.681] [8808] [HailoRT] [info] [device.cpp:49] [Device] OS Version: Linux 6.12.47+rpt-rpi-2712 #1 SMP PREEMPT Debian 1:6.12.47-1+rpt1~bookworm (2025-09-16) aarch64
[2026-01-02 20:59:57.682] [8808] [HailoRT] [info] [control.cpp:108] [control__parse_identify_results] firmware_version is: 4.20.0
[2026-01-02 20:59:57.683] [8808] [HailoRT] [info] [control.cpp:108] [control__parse_identify_results] firmware_version is: 4.20.0
[2026-01-02 20:59:57.737] [8816] [HailoRT] [info] [device.cpp:49] [Device] OS Version: Linux 6.12.47+rpt-rpi-2712 #1 SMP PREEMPT Debian 1:6.12.47-1+rpt1~bookworm (2025-09-16) aarch64
[2026-01-02 20:59:57.738] [8816] [HailoRT] [info] [control.cpp:108] [control__parse_identify_results] firmware_version is: 4.20.0
[2026-01-02 20:59:57.739] [8816] [HailoRT] [info] [control.cpp:108] [control__parse_identify_results] firmware_version is: 4.20.0
[2026-01-02 20:59:57.801] [8824] [HailoRT] [info] [device.cpp:49] [Device] OS Version: Linux 6.12.47+rpt-rpi-2712 #1 SMP PREEMPT Debian 1:6.12.47-1+rpt1~bookworm (2025-09-16) aarch64
[2026-01-02 20:59:57.802] [8824] [HailoRT] [info] [control.cpp:108] [control__parse_identify_results] firmware_version is: 4.20.0
[2026-01-02 20:59:57.803] [8824] [HailoRT] [info] [control.cpp:108] [control__parse_identify_results] firmware_version is: 4.20.0
[2026-01-02 20:59:57.888] [8777] [HailoRT] [info] [vdevice.cpp:523] [create] Creating vdevice with params: device_count: 1, scheduling_algorithm: ROUND_ROBIN, multi_process_service: false
[2026-01-02 20:59:57.901] [8777] [HailoRT] [info] [device.cpp:49] [Device] OS Version: Linux 6.12.47+rpt-rpi-2712 #1 SMP PREEMPT Debian 1:6.12.47-1+rpt1~bookworm (2025-09-16) aarch64
[2026-01-02 20:59:57.902] [8777] [HailoRT] [info] [control.cpp:108] [control__parse_identify_results] firmware_version is: 4.20.0
[2026-01-02 20:59:57.902] [8777] [HailoRT] [info] [vdevice.cpp:651] [create] VDevice Infos: 0001:01:00.0
[2026-01-02 20:59:57.923] [8777] [HailoRT] [info] [hef.cpp:1929] [get_network_group_and_network_name] No name was given. Addressing all networks of default network_group: yolov6n
[2026-01-02 20:59:57.923] [8777] [HailoRT] [info] [hef.cpp:1929] [get_network_group_and_network_name] No name was given. Addressing all networks of default network_group: yolov6n
[2026-01-02 20:59:57.940] [8777] [HailoRT] [info] [internal_buffer_manager.cpp:202] [print_execution_results] Default Internal buffer planner failed to meet requirements
[2026-01-02 20:59:57.940] [8777] [HailoRT] [info] [internal_buffer_manager.cpp:212] [print_execution_results] Default Internal buffer planner executed successfully
[2026-01-02 20:59:57.946] [8777] [HailoRT] [info] [device_internal.cpp:57] [configure] Configuring HEF took 12.746361 milliseconds
[2026-01-02 20:59:57.947] [8777] [HailoRT] [info] [vdevice.cpp:749] [configure] Configuring HEF on VDevice took 13.095601 milliseconds
[2026-01-02 20:59:57.947] [8777] [HailoRT] [info] [infer_model.cpp:436] [configure] Configuring network group 'yolov6n' with params: batch size: 2, power mode: PERFORMANCE, latency: NONE
[2026-01-02 20:59:57.947] [8777] [HailoRT] [info] [multi_io_elements.cpp:756] [create] Created (AsyncHwEl)
[2026-01-02 20:59:57.947] [8777] [HailoRT] [info] [queue_elements.cpp:450] [create] Created (EntryPushQEl0yolov6n/input_layer1 | timeout: 10s)
[2026-01-02 20:59:57.947] [8777] [HailoRT] [info] [filter_elements.cpp:101] [create] Created (PreInferEl3yolov6n/input_layer1 | Reorder - src_order: RGB4, src_shape: (640, 640, 3), dst_order: NHCW, dst_shape: (640, 640, 3))
[2026-01-02 20:59:57.947] [8777] [HailoRT] [info] [queue_elements.cpp:450] [create] Created (PushQEl3yolov6n/input_layer1 | timeout: 10s)
[2026-01-02 20:59:57.947] [8777] [HailoRT] [info] [multi_io_elements.cpp:135] [create] Created (NmsPPMuxEl0YOLOX-Post-Process | Op YOLOX, Name: YOLOX-Post-Process, Score threshold: 0.300, IoU threshold: 0.45, Classes: 80, Cross classes: false, NMS results order: BY_CLASS, Max bboxes per class: 100, Image height: 640, Image width: 640)
[2026-01-02 20:59:57.948] [8777] [HailoRT] [info] [queue_elements.cpp:942] [create] Created (MultiPushQEl0YOLOX-Post-Process | timeout: 10s)
[2026-01-02 20:59:57.948] [8777] [HailoRT] [info] [edge_elements.cpp:187] [create] Created (LastAsyncEl0NmsPPMuxEl0YOLOX-Post-Process)
[2026-01-02 20:59:57.948] [8777] [HailoRT] [info] [pipeline.cpp:891] [print_deep_description] EntryPushQEl0yolov6n/input_layer1 | inputs: user | outputs: PreInferEl3yolov6n/input_layer1(running in thread_id: 8854)
[2026-01-02 20:59:57.948] [8777] [HailoRT] [info] [pipeline.cpp:891] [print_deep_description] PreInferEl3yolov6n/input_layer1 | inputs: EntryPushQEl0yolov6n/input_layer1[0] | outputs: PushQEl3yolov6n/input_layer1
[2026-01-02 20:59:57.948] [8777] [HailoRT] [info] [pipeline.cpp:891] [print_deep_description] PushQEl3yolov6n/input_layer1 | inputs: PreInferEl3yolov6n/input_layer1[0] | outputs: AsyncHwEl(running in thread_id: 8855)
[2026-01-02 20:59:57.948] [8777] [HailoRT] [info] [pipeline.cpp:891] [print_deep_description] AsyncHwEl | inputs: PushQEl3yolov6n/input_layer1[0] | outputs: MultiPushQEl0YOLOX-Post-Process MultiPushQEl0YOLOX-Post-Process MultiPushQEl0YOLOX-Post-Process MultiPushQEl0YOLOX-Post-Process MultiPushQEl0YOLOX-Post-Process MultiPushQEl0YOLOX-Post-Process MultiPushQEl0YOLOX-Post-Process MultiPushQEl0YOLOX-Post-Process MultiPushQEl0YOLOX-Post-Process
[2026-01-02 20:59:57.948] [8777] [HailoRT] [info] [pipeline.cpp:891] [print_deep_description] MultiPushQEl0YOLOX-Post-Process | inputs: AsyncHwEl[0] AsyncHwEl[1] AsyncHwEl[2] AsyncHwEl[3] AsyncHwEl[4] AsyncHwEl[5] AsyncHwEl[6] AsyncHwEl[7] AsyncHwEl[8] | outputs: NmsPPMuxEl0YOLOX-Post-Process(running in thread_id: 8856)
[2026-01-02 20:59:57.948] [8777] [HailoRT] [info] [pipeline.cpp:891] [print_deep_description] NmsPPMuxEl0YOLOX-Post-Process | inputs: MultiPushQEl0YOLOX-Post-Process[0] | outputs: LastAsyncEl0NmsPPMuxEl0YOLOX-Post-Process
[2026-01-02 20:59:57.948] [8777] [HailoRT] [info] [pipeline.cpp:891] [print_deep_description] LastAsyncEl0NmsPPMuxEl0YOLOX-Post-Process | inputs: NmsPPMuxEl0YOLOX-Post-Process[0] | outputs: user
[2026-01-02 20:59:59.168] [8846] [HailoRT] [info] [hef.cpp:1929] [get_network_group_and_network_name] No name was given. Addressing all networks of default network_group: yolov6n
[2026-01-06 13:20:00.132] [9389] [HailoRT] [info] [device.cpp:49] [Device] OS Version: Linux 6.12.47+rpt-rpi-2712 #1 SMP PREEMPT Debian 1:6.12.47-1+rpt1~bookworm (2025-09-16) aarch64
[2026-01-06 13:20:00.134] [9389] [HailoRT] [info] [control.cpp:108] [control__parse_identify_results] firmware_version is: 4.20.0
[2026-01-06 13:20:00.135] [9389] [HailoRT] [info] [control.cpp:108] [control__parse_identify_results] firmware_version is: 4.20.0
[2026-01-06 13:20:00.202] [9398] [HailoRT] [info] [device.cpp:49] [Device] OS Version: Linux 6.12.47+rpt-rpi-2712 #1 SMP PREEMPT Debian 1:6.12.47-1+rpt1~bookworm (2025-09-16) aarch64
[2026-01-06 13:20:00.203] [9398] [HailoRT] [info] [control.cpp:108] [control__parse_identify_results] firmware_version is: 4.20.0
[2026-01-06 13:20:00.205] [9398] [HailoRT] [info] [control.cpp:108] [control__parse_identify_results] firmware_version is: 4.20.0
[2026-01-06 13:20:00.250] [9406] [HailoRT] [info] [device.cpp:49] [Device] OS Version: Linux 6.12.47+rpt-rpi-2712 #1 SMP PREEMPT Debian 1:6.12.47-1+rpt1~bookworm (2025-09-16) aarch64
[2026-01-06 13:20:00.252] [9406] [HailoRT] [info] [control.cpp:108] [control__parse_identify_results] firmware_version is: 4.20.0
[2026-01-06 13:20:00.253] [9406] [HailoRT] [info] [control.cpp:108] [control__parse_identify_results] firmware_version is: 4.20.0
[2026-01-06 13:20:00.311] [9414] [HailoRT] [info] [device.cpp:49] [Device] OS Version: Linux 6.12.47+rpt-rpi-2712 #1 SMP PREEMPT Debian 1:6.12.47-1+rpt1~bookworm (2025-09-16) aarch64
[2026-01-06 13:20:00.312] [9414] [HailoRT] [info] [control.cpp:108] [control__parse_identify_results] firmware_version is: 4.20.0
[2026-01-06 13:20:00.313] [9414] [HailoRT] [info] [control.cpp:108] [control__parse_identify_results] firmware_version is: 4.20.0
[2026-01-06 13:20:00.974] [8850] [HailoRT] [info] [vdevice.cpp:523] [create] Creating vdevice with params: device_count: 1, scheduling_algorithm: ROUND_ROBIN, multi_process_service: false
[2026-01-06 13:20:01.010] [8850] [HailoRT] [info] [device.cpp:49] [Device] OS Version: Linux 6.12.47+rpt-rpi-2712 #1 SMP PREEMPT Debian 1:6.12.47-1+rpt1~bookworm (2025-09-16) aarch64
[2026-01-06 13:20:01.012] [8850] [HailoRT] [info] [control.cpp:108] [control__parse_identify_results] firmware_version is: 4.20.0
[2026-01-06 13:20:01.013] [8850] [HailoRT] [info] [vdevice.cpp:651] [create] VDevice Infos: 0001:01:00.0
[2026-01-06 13:20:01.157] [8850] [HailoRT] [info] [hef.cpp:1929] [get_network_group_and_network_name] No name was given. Addressing all networks of default network_group: yolov6n
[2026-01-06 13:20:01.157] [8850] [HailoRT] [info] [hef.cpp:1929] [get_network_group_and_network_name] No name was given. Addressing all networks of default network_group: yolov6n
[2026-01-06 13:20:01.971] [9448] [HailoRT] [info] [internal_buffer_manager.cpp:202] [print_execution_results] Default Internal buffer planner failed to meet requirements
[2026-01-06 13:20:01.971] [9448] [HailoRT] [info] [internal_buffer_manager.cpp:212] [print_execution_results] Default Internal buffer planner executed successfully
[2026-01-06 13:20:02.003] [9448] [HailoRT] [info] [device_internal.cpp:57] [configure] Configuring HEF took 43.17777 milliseconds
[2026-01-06 13:20:02.003] [9448] [HailoRT] [info] [vdevice.cpp:749] [configure] Configuring HEF on VDevice took 44.10801 milliseconds
[2026-01-06 13:20:02.003] [9448] [HailoRT] [info] [infer_model.cpp:436] [configure] Configuring network group 'yolov6n' with params: batch size: 2, power mode: PERFORMANCE, latency: NONE
[2026-01-06 13:20:02.027] [9448] [HailoRT] [info] [multi_io_elements.cpp:756] [create] Created (AsyncHwEl)
[2026-01-06 13:20:02.030] [9448] [HailoRT] [info] [queue_elements.cpp:450] [create] Created (EntryPushQEl0yolov6n/input_layer1 | timeout: 10s)
[2026-01-06 13:20:02.030] [9448] [HailoRT] [info] [filter_elements.cpp:101] [create] Created (PreInferEl3yolov6n/input_layer1 | Reorder - src_order: RGB4, src_shape: (640, 640, 3), dst_order: NHCW, dst_shape: (640, 640, 3))
[2026-01-06 13:20:02.030] [9448] [HailoRT] [info] [queue_elements.cpp:450] [create] Created (PushQEl3yolov6n/input_layer1 | timeout: 10s)
[2026-01-06 13:20:02.030] [9448] [HailoRT] [info] [multi_io_elements.cpp:135] [create] Created (NmsPPMuxEl0YOLOX-Post-Process | Op YOLOX, Name: YOLOX-Post-Process, Score threshold: 0.300, IoU threshold: 0.45, Classes: 80, Cross classes: false, NMS results order: BY_CLASS, Max bboxes per class: 100, Image height: 640, Image width: 640)
[2026-01-06 13:20:02.031] [9448] [HailoRT] [info] [queue_elements.cpp:942] [create] Created (MultiPushQEl0YOLOX-Post-Process | timeout: 10s)
[2026-01-06 13:20:02.031] [9448] [HailoRT] [info] [edge_elements.cpp:187] [create] Created (LastAsyncEl0NmsPPMuxEl0YOLOX-Post-Process)
[2026-01-06 13:20:02.031] [9448] [HailoRT] [info] [pipeline.cpp:891] [print_deep_description] EntryPushQEl0yolov6n/input_layer1 | inputs: user | outputs: PreInferEl3yolov6n/input_layer1(running in thread_id: 9465)
[2026-01-06 13:20:02.053] [9448] [HailoRT] [info] [pipeline.cpp:891] [print_deep_description] PreInferEl3yolov6n/input_layer1 | inputs: EntryPushQEl0yolov6n/input_layer1[0] | outputs: PushQEl3yolov6n/input_layer1
[2026-01-06 13:20:02.053] [9448] [HailoRT] [info] [pipeline.cpp:891] [print_deep_description] PushQEl3yolov6n/input_layer1 | inputs: PreInferEl3yolov6n/input_layer1[0] | outputs: AsyncHwEl(running in thread_id: 9466)
[2026-01-06 13:20:02.053] [9448] [HailoRT] [info] [pipeline.cpp:891] [print_deep_description] AsyncHwEl | inputs: PushQEl3yolov6n/input_layer1[0] | outputs: MultiPushQEl0YOLOX-Post-Process MultiPushQEl0YOLOX-Post-Process MultiPushQEl0YOLOX-Post-Process MultiPushQEl0YOLOX-Post-Process MultiPushQEl0YOLOX-Post-Process MultiPushQEl0YOLOX-Post-Process MultiPushQEl0YOLOX-Post-Process MultiPushQEl0YOLOX-Post-Process MultiPushQEl0YOLOX-Post-Process
[2026-01-06 13:20:02.053] [9448] [HailoRT] [info] [pipeline.cpp:891] [print_deep_description] MultiPushQEl0YOLOX-Post-Process | inputs: AsyncHwEl[0] AsyncHwEl[1] AsyncHwEl[2] AsyncHwEl[3] AsyncHwEl[4] AsyncHwEl[5] AsyncHwEl[6] AsyncHwEl[7] AsyncHwEl[8] | outputs: NmsPPMuxEl0YOLOX-Post-Process(running in thread_id: 9467)
[2026-01-06 13:20:02.053] [9448] [HailoRT] [info] [pipeline.cpp:891] [print_deep_description] NmsPPMuxEl0YOLOX-Post-Process | inputs: MultiPushQEl0YOLOX-Post-Process[0] | outputs: LastAsyncEl0NmsPPMuxEl0YOLOX-Post-Process
[2026-01-06 13:20:02.053] [9448] [HailoRT] [info] [pipeline.cpp:891] [print_deep_description] LastAsyncEl0NmsPPMuxEl0YOLOX-Post-Process | inputs: NmsPPMuxEl0YOLOX-Post-Process[0] | outputs: user
[2026-01-06 13:20:02.057] [9448] [HailoRT] [info] [hef.cpp:1929] [get_network_group_and_network_name] No name was given. Addressing all networks of default network_group: yolov6n
[2026-01-06 13:20:10.790] [8850] [HailoRT] [info] [async_infer_runner.cpp:86] [shutdown] Pipeline was aborted. Shutting it down
[2026-01-06 13:20:10.792] [8850] [HailoRT] [info] [queue_elements.cpp:1131] [execute_deactivate] enqueue() in element MultiPushQEl0YOLOX-Post-Process was aborted, got status = HAILO_SHUTDOWN_EVENT_SIGNALED(57)
[2026-01-06 13:20:10.792] [8850] [HailoRT] [info] [queue_elements.cpp:1131] [execute_deactivate] enqueue() in element MultiPushQEl0YOLOX-Post-Process was aborted, got status = HAILO_SHUTDOWN_EVENT_SIGNALED(57)
[2026-01-06 13:20:10.792] [8850] [HailoRT] [info] [queue_elements.cpp:1131] [execute_deactivate] enqueue() in element MultiPushQEl0YOLOX-Post-Process was aborted, got status = HAILO_SHUTDOWN_EVENT_SIGNALED(57)
[2026-01-06 13:20:10.792] [8850] [HailoRT] [info] [queue_elements.cpp:1131] [execute_deactivate] enqueue() in element MultiPushQEl0YOLOX-Post-Process was aborted, got status = HAILO_SHUTDOWN_EVENT_SIGNALED(57)
[2026-01-06 13:20:10.792] [8850] [HailoRT] [info] [queue_elements.cpp:1131] [execute_deactivate] enqueue() in element MultiPushQEl0YOLOX-Post-Process was aborted, got status = HAILO_SHUTDOWN_EVENT_SIGNALED(57)
[2026-01-06 13:20:10.792] [8850] [HailoRT] [info] [queue_elements.cpp:1131] [execute_deactivate] enqueue() in element MultiPushQEl0YOLOX-Post-Process was aborted, got status = HAILO_SHUTDOWN_EVENT_SIGNALED(57)
[2026-01-06 13:20:10.792] [8850] [HailoRT] [info] [queue_elements.cpp:1131] [execute_deactivate] enqueue() in element MultiPushQEl0YOLOX-Post-Process was aborted, got status = HAILO_SHUTDOWN_EVENT_SIGNALED(57)
[2026-01-06 13:20:10.792] [8850] [HailoRT] [info] [queue_elements.cpp:1131] [execute_deactivate] enqueue() in element MultiPushQEl0YOLOX-Post-Process was aborted, got status = HAILO_SHUTDOWN_EVENT_SIGNALED(57)
[2026-01-06 13:20:10.792] [8850] [HailoRT] [info] [queue_elements.cpp:1131] [execute_deactivate] enqueue() in element MultiPushQEl0YOLOX-Post-Process was aborted, got status = HAILO_SHUTDOWN_EVENT_SIGNALED(57)
[2026-01-06 13:20:10.792] [8850] [HailoRT] [info] [queue_elements.cpp:570] [execute_deactivate] enqueue() in element PushQEl3yolov6n/input_layer1 was aborted, got status = HAILO_SHUTDOWN_EVENT_SIGNALED(57)
[2026-01-06 13:20:10.792] [8850] [HailoRT] [info] [queue_elements.cpp:570] [execute_deactivate] enqueue() in element EntryPushQEl0yolov6n/input_layer1 was aborted, got status = HAILO_SHUTDOWN_EVENT_SIGNALED(57)
[2026-01-06 13:20:10.792] [8850] [HailoRT] [info] [queue_elements.cpp:46] [~BaseQueueElement] Queue element EntryPushQEl0yolov6n/input_layer1 has 0 frames in his Queue on destruction
[2026-01-06 13:20:10.792] [8850] [HailoRT] [info] [queue_elements.cpp:46] [~BaseQueueElement] Queue element PushQEl3yolov6n/input_layer1 has 0 frames in his Queue on destruction
[2026-01-06 15:43:30.191] [3632] [HailoRT] [info] [device.cpp:49] [Device] OS Version: Linux 6.12.47+rpt-rpi-2712 #1 SMP PREEMPT Debian 1:6.12.47-1+rpt1~bookworm (2025-09-16) aarch64
[2026-01-06 15:43:30.192] [3632] [HailoRT] [info] [control.cpp:108] [control__parse_identify_results] firmware_version is: 4.20.0
[2026-01-06 15:43:30.194] [3632] [HailoRT] [info] [control.cpp:108] [control__parse_identify_results] firmware_version is: 4.20.0
[2026-01-06 15:43:30.250] [3640] [HailoRT] [info] [device.cpp:49] [Device] OS Version: Linux 6.12.47+rpt-rpi-2712 #1 SMP PREEMPT Debian 1:6.12.47-1+rpt1~bookworm (2025-09-16) aarch64
[2026-01-06 15:43:30.252] [3640] [HailoRT] [info] [control.cpp:108] [control__parse_identify_results] firmware_version is: 4.20.0
[2026-01-06 15:43:30.253] [3640] [HailoRT] [info] [control.cpp:108] [control__parse_identify_results] firmware_version is: 4.20.0
[2026-01-06 15:43:30.303] [3648] [HailoRT] [info] [device.cpp:49] [Device] OS Version: Linux 6.12.47+rpt-rpi-2712 #1 SMP PREEMPT Debian 1:6.12.47-1+rpt1~bookworm (2025-09-16) aarch64
[2026-01-06 15:43:30.304] [3648] [HailoRT] [info] [control.cpp:108] [control__parse_identify_results] firmware_version is: 4.20.0
[2026-01-06 15:43:30.306] [3648] [HailoRT] [info] [control.cpp:108] [control__parse_identify_results] firmware_version is: 4.20.0
[2026-01-06 15:43:30.980] [3075] [HailoRT] [info] [vdevice.cpp:523] [create] Creating vdevice with params: device_count: 1, scheduling_algorithm: ROUND_ROBIN, multi_process_service: false
[2026-01-06 15:43:31.016] [3075] [HailoRT] [info] [device.cpp:49] [Device] OS Version: Linux 6.12.47+rpt-rpi-2712 #1 SMP PREEMPT Debian 1:6.12.47-1+rpt1~bookworm (2025-09-16) aarch64
[2026-01-06 15:43:31.018] [3075] [HailoRT] [info] [control.cpp:108] [control__parse_identify_results] firmware_version is: 4.20.0
[2026-01-06 15:43:31.019] [3075] [HailoRT] [info] [vdevice.cpp:651] [create] VDevice Infos: 0001:01:00.0
[2026-01-06 15:43:31.191] [3075] [HailoRT] [info] [hef.cpp:1929] [get_network_group_and_network_name] No name was given. Addressing all networks of default network_group: yolov6n
[2026-01-06 15:43:31.191] [3075] [HailoRT] [info] [hef.cpp:1929] [get_network_group_and_network_name] No name was given. Addressing all networks of default network_group: yolov6n
[2026-01-06 15:43:31.628] [3075] [HailoRT] [info] [internal_buffer_manager.cpp:202] [print_execution_results] Default Internal buffer planner failed to meet requirements
[2026-01-06 15:43:31.628] [3075] [HailoRT] [info] [internal_buffer_manager.cpp:212] [print_execution_results] Default Internal buffer planner executed successfully
[2026-01-06 15:43:31.635] [3075] [HailoRT] [info] [device_internal.cpp:57] [configure] Configuring HEF took 14.127647 milliseconds
[2026-01-06 15:43:31.635] [3075] [HailoRT] [info] [vdevice.cpp:749] [configure] Configuring HEF on VDevice took 14.945549 milliseconds
[2026-01-06 15:43:31.635] [3075] [HailoRT] [info] [infer_model.cpp:436] [configure] Configuring network group 'yolov6n' with params: batch size: 2, power mode: PERFORMANCE, latency: NONE
[2026-01-06 15:43:31.638] [3075] [HailoRT] [info] [multi_io_elements.cpp:756] [create] Created (AsyncHwEl)
[2026-01-06 15:43:31.639] [3075] [HailoRT] [info] [queue_elements.cpp:450] [create] Created (EntryPushQEl0yolov6n/input_layer1 | timeout: 10s)
[2026-01-06 15:43:31.639] [3075] [HailoRT] [info] [filter_elements.cpp:101] [create] Created (PreInferEl3yolov6n/input_layer1 | Reorder - src_order: RGB4, src_shape: (640, 640, 3), dst_order: NHCW, dst_shape: (640, 640, 3))
[2026-01-06 15:43:31.639] [3075] [HailoRT] [info] [queue_elements.cpp:450] [create] Created (PushQEl3yolov6n/input_layer1 | timeout: 10s)
[2026-01-06 15:43:31.639] [3075] [HailoRT] [info] [multi_io_elements.cpp:135] [create] Created (NmsPPMuxEl0YOLOX-Post-Process | Op YOLOX, Name: YOLOX-Post-Process, Score threshold: 0.300, IoU threshold: 0.45, Classes: 80, Cross classes: false, NMS results order: BY_CLASS, Max bboxes per class: 100, Image height: 640, Image width: 640)
[2026-01-06 15:43:31.640] [3075] [HailoRT] [info] [queue_elements.cpp:942] [create] Created (MultiPushQEl0YOLOX-Post-Process | timeout: 10s)
[2026-01-06 15:43:31.640] [3075] [HailoRT] [info] [edge_elements.cpp:187] [create] Created (LastAsyncEl0NmsPPMuxEl0YOLOX-Post-Process)
[2026-01-06 15:43:31.640] [3075] [HailoRT] [info] [pipeline.cpp:891] [print_deep_description] EntryPushQEl0yolov6n/input_layer1 | inputs: user | outputs: PreInferEl3yolov6n/input_layer1(running in thread_id: 3691)
[2026-01-06 15:43:31.643] [3075] [HailoRT] [info] [pipeline.cpp:891] [print_deep_description] PreInferEl3yolov6n/input_layer1 | inputs: EntryPushQEl0yolov6n/input_layer1[0] | outputs: PushQEl3yolov6n/input_layer1
[2026-01-06 15:43:31.643] [3075] [HailoRT] [info] [pipeline.cpp:891] [print_deep_description] PushQEl3yolov6n/input_layer1 | inputs: PreInferEl3yolov6n/input_layer1[0] | outputs: AsyncHwEl(running in thread_id: 3692)
[2026-01-06 15:43:31.643] [3075] [HailoRT] [info] [pipeline.cpp:891] [print_deep_description] AsyncHwEl | inputs: PushQEl3yolov6n/input_layer1[0] | outputs: MultiPushQEl0YOLOX-Post-Process MultiPushQEl0YOLOX-Post-Process MultiPushQEl0YOLOX-Post-Process MultiPushQEl0YOLOX-Post-Process MultiPushQEl0YOLOX-Post-Process MultiPushQEl0YOLOX-Post-Process MultiPushQEl0YOLOX-Post-Process MultiPushQEl0YOLOX-Post-Process MultiPushQEl0YOLOX-Post-Process
[2026-01-06 15:43:31.643] [3075] [HailoRT] [info] [pipeline.cpp:891] [print_deep_description] MultiPushQEl0YOLOX-Post-Process | inputs: AsyncHwEl[0] AsyncHwEl[1] AsyncHwEl[2] AsyncHwEl[3] AsyncHwEl[4] AsyncHwEl[5] AsyncHwEl[6] AsyncHwEl[7] AsyncHwEl[8] | outputs: NmsPPMuxEl0YOLOX-Post-Process(running in thread_id: 3693)
[2026-01-06 15:43:31.643] [3075] [HailoRT] [info] [pipeline.cpp:891] [print_deep_description] NmsPPMuxEl0YOLOX-Post-Process | inputs: MultiPushQEl0YOLOX-Post-Process[0] | outputs: LastAsyncEl0NmsPPMuxEl0YOLOX-Post-Process
[2026-01-06 15:43:31.643] [3075] [HailoRT] [info] [pipeline.cpp:891] [print_deep_description] LastAsyncEl0NmsPPMuxEl0YOLOX-Post-Process | inputs: NmsPPMuxEl0YOLOX-Post-Process[0] | outputs: user
[2026-01-06 15:43:33.921] [3683] [HailoRT] [info] [hef.cpp:1929] [get_network_group_and_network_name] No name was given. Addressing all networks of default network_group: yolov6n
[2026-01-06 15:43:43.251] [3075] [HailoRT] [info] [async_infer_runner.cpp:86] [shutdown] Pipeline was aborted. Shutting it down
[2026-01-06 15:43:43.251] [3075] [HailoRT] [info] [queue_elements.cpp:1131] [execute_deactivate] enqueue() in element MultiPushQEl0YOLOX-Post-Process was aborted, got status = HAILO_SHUTDOWN_EVENT_SIGNALED(57)
[2026-01-06 15:43:43.251] [3075] [HailoRT] [info] [queue_elements.cpp:1131] [execute_deactivate] enqueue() in element MultiPushQEl0YOLOX-Post-Process was aborted, got status = HAILO_SHUTDOWN_EVENT_SIGNALED(57)
[2026-01-06 15:43:43.251] [3075] [HailoRT] [info] [queue_elements.cpp:1131] [execute_deactivate] enqueue() in element MultiPushQEl0YOLOX-Post-Process was aborted, got status = HAILO_SHUTDOWN_EVENT_SIGNALED(57)
[2026-01-06 15:43:43.251] [3075] [HailoRT] [info] [queue_elements.cpp:1131] [execute_deactivate] enqueue() in element MultiPushQEl0YOLOX-Post-Process was aborted, got status = HAILO_SHUTDOWN_EVENT_SIGNALED(57)
[2026-01-06 15:43:43.251] [3075] [HailoRT] [info] [queue_elements.cpp:1131] [execute_deactivate] enqueue() in element MultiPushQEl0YOLOX-Post-Process was aborted, got status = HAILO_SHUTDOWN_EVENT_SIGNALED(57)
[2026-01-06 15:43:43.251] [3075] [HailoRT] [info] [queue_elements.cpp:1131] [execute_deactivate] enqueue() in element MultiPushQEl0YOLOX-Post-Process was aborted, got status = HAILO_SHUTDOWN_EVENT_SIGNALED(57)
[2026-01-06 15:43:43.251] [3075] [HailoRT] [info] [queue_elements.cpp:1131] [execute_deactivate] enqueue() in element MultiPushQEl0YOLOX-Post-Process was aborted, got status = HAILO_SHUTDOWN_EVENT_SIGNALED(57)
[2026-01-06 15:43:43.251] [3075] [HailoRT] [info] [queue_elements.cpp:1131] [execute_deactivate] enqueue() in element MultiPushQEl0YOLOX-Post-Process was aborted, got status = HAILO_SHUTDOWN_EVENT_SIGNALED(57)
[2026-01-06 15:43:43.251] [3075] [HailoRT] [info] [queue_elements.cpp:1131] [execute_deactivate] enqueue() in element MultiPushQEl0YOLOX-Post-Process was aborted, got status = HAILO_SHUTDOWN_EVENT_SIGNALED(57)
[2026-01-06 15:43:43.251] [3075] [HailoRT] [info] [queue_elements.cpp:570] [execute_deactivate] enqueue() in element PushQEl3yolov6n/input_layer1 was aborted, got status = HAILO_SHUTDOWN_EVENT_SIGNALED(57)
[2026-01-06 15:43:43.251] [3075] [HailoRT] [info] [queue_elements.cpp:570] [execute_deactivate] enqueue() in element EntryPushQEl0yolov6n/input_layer1 was aborted, got status = HAILO_SHUTDOWN_EVENT_SIGNALED(57)
[2026-01-06 15:43:43.251] [3075] [HailoRT] [info] [queue_elements.cpp:46] [~BaseQueueElement] Queue element EntryPushQEl0yolov6n/input_layer1 has 0 frames in his Queue on destruction
[2026-01-06 15:43:43.251] [3075] [HailoRT] [info] [queue_elements.cpp:46] [~BaseQueueElement] Queue element PushQEl3yolov6n/input_layer1 has 0 frames in his Queue on destruction
[2026-01-06 16:01:00.104] [4299] [HailoRT] [info] [device.cpp:49] [Device] OS Version: Linux 6.12.47+rpt-rpi-2712 #1 SMP PREEMPT Debian 1:6.12.47-1+rpt1~bookworm (2025-09-16) aarch64
[2026-01-06 16:01:00.105] [4299] [HailoRT] [info] [control.cpp:108] [control__parse_identify_results] firmware_version is: 4.20.0
[2026-01-06 16:01:00.106] [4299] [HailoRT] [info] [control.cpp:108] [control__parse_identify_results] firmware_version is: 4.20.0
[2026-01-06 16:01:00.154] [4307] [HailoRT] [info] [device.cpp:49] [Device] OS Version: Linux 6.12.47+rpt-rpi-2712 #1 SMP PREEMPT Debian 1:6.12.47-1+rpt1~bookworm (2025-09-16) aarch64
[2026-01-06 16:01:00.156] [4307] [HailoRT] [info] [control.cpp:108] [control__parse_identify_results] firmware_version is: 4.20.0
[2026-01-06 16:01:00.157] [4307] [HailoRT] [info] [control.cpp:108] [control__parse_identify_results] firmware_version is: 4.20.0
[2026-01-06 16:01:00.209] [4315] [HailoRT] [info] [device.cpp:49] [Device] OS Version: Linux 6.12.47+rpt-rpi-2712 #1 SMP PREEMPT Debian 1:6.12.47-1+rpt1~bookworm (2025-09-16) aarch64
[2026-01-06 16:01:00.210] [4315] [HailoRT] [info] [control.cpp:108] [control__parse_identify_results] firmware_version is: 4.20.0
[2026-01-06 16:01:00.212] [4315] [HailoRT] [info] [control.cpp:108] [control__parse_identify_results] firmware_version is: 4.20.0
[2026-01-06 16:01:00.306] [3740] [HailoRT] [info] [vdevice.cpp:523] [create] Creating vdevice with params: device_count: 1, scheduling_algorithm: ROUND_ROBIN, multi_process_service: false
[2026-01-06 16:01:00.318] [3740] [HailoRT] [info] [device.cpp:49] [Device] OS Version: Linux 6.12.47+rpt-rpi-2712 #1 SMP PREEMPT Debian 1:6.12.47-1+rpt1~bookworm (2025-09-16) aarch64
[2026-01-06 16:01:00.319] [3740] [HailoRT] [info] [control.cpp:108] [control__parse_identify_results] firmware_version is: 4.20.0
[2026-01-06 16:01:00.319] [3740] [HailoRT] [info] [vdevice.cpp:651] [create] VDevice Infos: 0001:01:00.0
[2026-01-06 16:01:00.340] [3740] [HailoRT] [info] [hef.cpp:1929] [get_network_group_and_network_name] No name was given. Addressing all networks of default network_group: yolov6n
[2026-01-06 16:01:00.340] [3740] [HailoRT] [info] [hef.cpp:1929] [get_network_group_and_network_name] No name was given. Addressing all networks of default network_group: yolov6n
[2026-01-06 16:01:00.410] [3740] [HailoRT] [info] [internal_buffer_manager.cpp:202] [print_execution_results] Default Internal buffer planner failed to meet requirements
[2026-01-06 16:01:00.410] [3740] [HailoRT] [info] [internal_buffer_manager.cpp:212] [print_execution_results] Default Internal buffer planner executed successfully
[2026-01-06 16:01:00.416] [3740] [HailoRT] [info] [device_internal.cpp:57] [configure] Configuring HEF took 11.732205 milliseconds
[2026-01-06 16:01:00.416] [3740] [HailoRT] [info] [vdevice.cpp:749] [configure] Configuring HEF on VDevice took 12.077927 milliseconds
[2026-01-06 16:01:00.416] [3740] [HailoRT] [info] [infer_model.cpp:436] [configure] Configuring network group 'yolov6n' with params: batch size: 2, power mode: PERFORMANCE, latency: NONE
[2026-01-06 16:01:00.416] [3740] [HailoRT] [info] [multi_io_elements.cpp:756] [create] Created (AsyncHwEl)
[2026-01-06 16:01:00.417] [3740] [HailoRT] [info] [queue_elements.cpp:450] [create] Created (EntryPushQEl0yolov6n/input_layer1 | timeout: 10s)
[2026-01-06 16:01:00.417] [3740] [HailoRT] [info] [filter_elements.cpp:101] [create] Created (PreInferEl3yolov6n/input_layer1 | Reorder - src_order: RGB4, src_shape: (640, 640, 3), dst_order: NHCW, dst_shape: (640, 640, 3))
[2026-01-06 16:01:00.417] [3740] [HailoRT] [info] [queue_elements.cpp:450] [create] Created (PushQEl3yolov6n/input_layer1 | timeout: 10s)
[2026-01-06 16:01:00.417] [3740] [HailoRT] [info] [multi_io_elements.cpp:135] [create] Created (NmsPPMuxEl0YOLOX-Post-Process | Op YOLOX, Name: YOLOX-Post-Process, Score threshold: 0.300, IoU threshold: 0.45, Classes: 80, Cross classes: false, NMS results order: BY_CLASS, Max bboxes per class: 100, Image height: 640, Image width: 640)
[2026-01-06 16:01:00.417] [3740] [HailoRT] [info] [queue_elements.cpp:942] [create] Created (MultiPushQEl0YOLOX-Post-Process | timeout: 10s)
[2026-01-06 16:01:00.417] [3740] [HailoRT] [info] [edge_elements.cpp:187] [create] Created (LastAsyncEl0NmsPPMuxEl0YOLOX-Post-Process)
[2026-01-06 16:01:00.417] [3740] [HailoRT] [info] [pipeline.cpp:891] [print_deep_description] EntryPushQEl0yolov6n/input_layer1 | inputs: user | outputs: PreInferEl3yolov6n/input_layer1(running in thread_id: 4346)
[2026-01-06 16:01:00.417] [3740] [HailoRT] [info] [pipeline.cpp:891] [print_deep_description] PreInferEl3yolov6n/input_layer1 | inputs: EntryPushQEl0yolov6n/input_layer1[0] | outputs: PushQEl3yolov6n/input_layer1
[2026-01-06 16:01:00.417] [3740] [HailoRT] [info] [pipeline.cpp:891] [print_deep_description] PushQEl3yolov6n/input_layer1 | inputs: PreInferEl3yolov6n/input_layer1[0] | outputs: AsyncHwEl(running in thread_id: 4347)
[2026-01-06 16:01:00.417] [3740] [HailoRT] [info] [pipeline.cpp:891] [print_deep_description] AsyncHwEl | inputs: PushQEl3yolov6n/input_layer1[0] | outputs: MultiPushQEl0YOLOX-Post-Process MultiPushQEl0YOLOX-Post-Process MultiPushQEl0YOLOX-Post-Process MultiPushQEl0YOLOX-Post-Process MultiPushQEl0YOLOX-Post-Process MultiPushQEl0YOLOX-Post-Process MultiPushQEl0YOLOX-Post-Process MultiPushQEl0YOLOX-Post-Process MultiPushQEl0YOLOX-Post-Process
[2026-01-06 16:01:00.418] [3740] [HailoRT] [info] [pipeline.cpp:891] [print_deep_description] MultiPushQEl0YOLOX-Post-Process | inputs: AsyncHwEl[0] AsyncHwEl[1] AsyncHwEl[2] AsyncHwEl[3] AsyncHwEl[4] AsyncHwEl[5] AsyncHwEl[6] AsyncHwEl[7] AsyncHwEl[8] | outputs: NmsPPMuxEl0YOLOX-Post-Process(running in thread_id: 4348)
[2026-01-06 16:01:00.418] [3740] [HailoRT] [info] [pipeline.cpp:891] [print_deep_description] NmsPPMuxEl0YOLOX-Post-Process | inputs: MultiPushQEl0YOLOX-Post-Process[0] | outputs: LastAsyncEl0NmsPPMuxEl0YOLOX-Post-Process
[2026-01-06 16:01:00.418] [3740] [HailoRT] [info] [pipeline.cpp:891] [print_deep_description] LastAsyncEl0NmsPPMuxEl0YOLOX-Post-Process | inputs: NmsPPMuxEl0YOLOX-Post-Process[0] | outputs: user
[2026-01-06 16:01:02.613] [4338] [HailoRT] [info] [hef.cpp:1929] [get_network_group_and_network_name] No name was given. Addressing all networks of default network_group: yolov6n
[2026-01-06 16:01:05.184] [3740] [HailoRT] [info] [async_infer_runner.cpp:86] [shutdown] Pipeline was aborted. Shutting it down
[2026-01-06 16:01:05.184] [3740] [HailoRT] [info] [queue_elements.cpp:1131] [execute_deactivate] enqueue() in element MultiPushQEl0YOLOX-Post-Process was aborted, got status = HAILO_SHUTDOWN_EVENT_SIGNALED(57)
[2026-01-06 16:01:05.184] [3740] [HailoRT] [info] [queue_elements.cpp:1131] [execute_deactivate] enqueue() in element MultiPushQEl0YOLOX-Post-Process was aborted, got status = HAILO_SHUTDOWN_EVENT_SIGNALED(57)
[2026-01-06 16:01:05.184] [3740] [HailoRT] [info] [queue_elements.cpp:1131] [execute_deactivate] enqueue() in element MultiPushQEl0YOLOX-Post-Process was aborted, got status = HAILO_SHUTDOWN_EVENT_SIGNALED(57)
[2026-01-06 16:01:05.184] [3740] [HailoRT] [info] [queue_elements.cpp:1131] [execute_deactivate] enqueue() in element MultiPushQEl0YOLOX-Post-Process was aborted, got status = HAILO_SHUTDOWN_EVENT_SIGNALED(57)
[2026-01-06 16:01:05.184] [3740] [HailoRT] [info] [queue_elements.cpp:1131] [execute_deactivate] enqueue() in element MultiPushQEl0YOLOX-Post-Process was aborted, got status = HAILO_SHUTDOWN_EVENT_SIGNALED(57)
[2026-01-06 16:01:05.184] [3740] [HailoRT] [info] [queue_elements.cpp:1131] [execute_deactivate] enqueue() in element MultiPushQEl0YOLOX-Post-Process was aborted, got status = HAILO_SHUTDOWN_EVENT_SIGNALED(57)
[2026-01-06 16:01:05.184] [3740] [HailoRT] [info] [queue_elements.cpp:1131] [execute_deactivate] enqueue() in element MultiPushQEl0YOLOX-Post-Process was aborted, got status = HAILO_SHUTDOWN_EVENT_SIGNALED(57)
[2026-01-06 16:01:05.184] [3740] [HailoRT] [info] [queue_elements.cpp:1131] [execute_deactivate] enqueue() in element MultiPushQEl0YOLOX-Post-Process was aborted, got status = HAILO_SHUTDOWN_EVENT_SIGNALED(57)
[2026-01-06 16:01:05.184] [3740] [HailoRT] [info] [queue_elements.cpp:1131] [execute_deactivate] enqueue() in element MultiPushQEl0YOLOX-Post-Process was aborted, got status = HAILO_SHUTDOWN_EVENT_SIGNALED(57)
[2026-01-06 16:01:05.184] [3740] [HailoRT] [info] [queue_elements.cpp:570] [execute_deactivate] enqueue() in element PushQEl3yolov6n/input_layer1 was aborted, got status = HAILO_SHUTDOWN_EVENT_SIGNALED(57)
[2026-01-06 16:01:05.184] [3740] [HailoRT] [info] [queue_elements.cpp:570] [execute_deactivate] enqueue() in element EntryPushQEl0yolov6n/input_layer1 was aborted, got status = HAILO_SHUTDOWN_EVENT_SIGNALED(57)
[2026-01-06 16:01:05.184] [3740] [HailoRT] [info] [queue_elements.cpp:46] [~BaseQueueElement] Queue element EntryPushQEl0yolov6n/input_layer1 has 0 frames in his Queue on destruction
[2026-01-06 16:01:05.184] [3740] [HailoRT] [info] [queue_elements.cpp:46] [~BaseQueueElement] Queue element PushQEl3yolov6n/input_layer1 has 0 frames in his Queue on destruction
[2026-01-06 16:40:00.102] [9377] [HailoRT] [info] [device.cpp:49] [Device] OS Version: Linux 6.12.47+rpt-rpi-2712 #1 SMP PREEMPT Debian 1:6.12.47-1+rpt1~bookworm (2025-09-16) aarch64
[2026-01-06 16:40:00.103] [9377] [HailoRT] [info] [control.cpp:108] [control__parse_identify_results] firmware_version is: 4.20.0
[2026-01-06 16:40:00.104] [9377] [HailoRT] [info] [control.cpp:108] [control__parse_identify_results] firmware_version is: 4.20.0
[2026-01-06 16:40:00.162] [9385] [HailoRT] [info] [device.cpp:49] [Device] OS Version: Linux 6.12.47+rpt-rpi-2712 #1 SMP PREEMPT Debian 1:6.12.47-1+rpt1~bookworm (2025-09-16) aarch64
[2026-01-06 16:40:00.163] [9385] [HailoRT] [info] [control.cpp:108] [control__parse_identify_results] firmware_version is: 4.20.0
[2026-01-06 16:40:00.165] [9385] [HailoRT] [info] [control.cpp:108] [control__parse_identify_results] firmware_version is: 4.20.0
[2026-01-06 16:40:00.214] [9393] [HailoRT] [info] [device.cpp:49] [Device] OS Version: Linux 6.12.47+rpt-rpi-2712 #1 SMP PREEMPT Debian 1:6.12.47-1+rpt1~bookworm (2025-09-16) aarch64
[2026-01-06 16:40:00.215] [9393] [HailoRT] [info] [control.cpp:108] [control__parse_identify_results] firmware_version is: 4.20.0
[2026-01-06 16:40:00.217] [9393] [HailoRT] [info] [control.cpp:108] [control__parse_identify_results] firmware_version is: 4.20.0
[2026-01-06 16:40:00.331] [8820] [HailoRT] [info] [vdevice.cpp:523] [create] Creating vdevice with params: device_count: 1, scheduling_algorithm: ROUND_ROBIN, multi_process_service: false
[2026-01-06 16:40:00.342] [8820] [HailoRT] [info] [device.cpp:49] [Device] OS Version: Linux 6.12.47+rpt-rpi-2712 #1 SMP PREEMPT Debian 1:6.12.47-1+rpt1~bookworm (2025-09-16) aarch64
[2026-01-06 16:40:00.343] [8820] [HailoRT] [info] [control.cpp:108] [control__parse_identify_results] firmware_version is: 4.20.0
[2026-01-06 16:40:00.343] [8820] [HailoRT] [info] [vdevice.cpp:651] [create] VDevice Infos: 0001:01:00.0
[2026-01-06 16:40:00.364] [8820] [HailoRT] [info] [hef.cpp:1929] [get_network_group_and_network_name] No name was given. Addressing all networks of default network_group: yolov6n
[2026-01-06 16:40:00.364] [8820] [HailoRT] [info] [hef.cpp:1929] [get_network_group_and_network_name] No name was given. Addressing all networks of default network_group: yolov6n
[2026-01-06 16:40:00.433] [8820] [HailoRT] [info] [internal_buffer_manager.cpp:202] [print_execution_results] Default Internal buffer planner failed to meet requirements
[2026-01-06 16:40:00.433] [8820] [HailoRT] [info] [internal_buffer_manager.cpp:212] [print_execution_results] Default Internal buffer planner executed successfully
[2026-01-06 16:40:00.439] [8820] [HailoRT] [info] [device_internal.cpp:57] [configure] Configuring HEF took 13.389425 milliseconds
[2026-01-06 16:40:00.439] [8820] [HailoRT] [info] [vdevice.cpp:749] [configure] Configuring HEF on VDevice took 13.761963 milliseconds
[2026-01-06 16:40:00.439] [8820] [HailoRT] [info] [infer_model.cpp:436] [configure] Configuring network group 'yolov6n' with params: batch size: 2, power mode: PERFORMANCE, latency: NONE
[2026-01-06 16:40:00.439] [8820] [HailoRT] [info] [multi_io_elements.cpp:756] [create] Created (AsyncHwEl)
[2026-01-06 16:40:00.439] [8820] [HailoRT] [info] [queue_elements.cpp:450] [create] Created (EntryPushQEl0yolov6n/input_layer1 | timeout: 10s)
[2026-01-06 16:40:00.439] [8820] [HailoRT] [info] [filter_elements.cpp:101] [create] Created (PreInferEl3yolov6n/input_layer1 | Reorder - src_order: RGB4, src_shape: (640, 640, 3), dst_order: NHCW, dst_shape: (640, 640, 3))
[2026-01-06 16:40:00.440] [8820] [HailoRT] [info] [queue_elements.cpp:450] [create] Created (PushQEl3yolov6n/input_layer1 | timeout: 10s)
[2026-01-06 16:40:00.440] [8820] [HailoRT] [info] [multi_io_elements.cpp:135] [create] Created (NmsPPMuxEl0YOLOX-Post-Process | Op YOLOX, Name: YOLOX-Post-Process, Score threshold: 0.300, IoU threshold: 0.45, Classes: 80, Cross classes: false, NMS results order: BY_CLASS, Max bboxes per class: 100, Image height: 640, Image width: 640)
[2026-01-06 16:40:00.440] [8820] [HailoRT] [info] [queue_elements.cpp:942] [create] Created (MultiPushQEl0YOLOX-Post-Process | timeout: 10s)
[2026-01-06 16:40:00.440] [8820] [HailoRT] [info] [edge_elements.cpp:187] [create] Created (LastAsyncEl0NmsPPMuxEl0YOLOX-Post-Process)
[2026-01-06 16:40:00.440] [8820] [HailoRT] [info] [pipeline.cpp:891] [print_deep_description] EntryPushQEl0yolov6n/input_layer1 | inputs: user | outputs: PreInferEl3yolov6n/input_layer1(running in thread_id: 9424)
[2026-01-06 16:40:00.440] [8820] [HailoRT] [info] [pipeline.cpp:891] [print_deep_description] PreInferEl3yolov6n/input_layer1 | inputs: EntryPushQEl0yolov6n/input_layer1[0] | outputs: PushQEl3yolov6n/input_layer1
[2026-01-06 16:40:00.440] [8820] [HailoRT] [info] [pipeline.cpp:891] [print_deep_description] PushQEl3yolov6n/input_layer1 | inputs: PreInferEl3yolov6n/input_layer1[0] | outputs: AsyncHwEl(running in thread_id: 9425)
[2026-01-06 16:40:00.440] [8820] [HailoRT] [info] [pipeline.cpp:891] [print_deep_description] AsyncHwEl | inputs: PushQEl3yolov6n/input_layer1[0] | outputs: MultiPushQEl0YOLOX-Post-Process MultiPushQEl0YOLOX-Post-Process MultiPushQEl0YOLOX-Post-Process MultiPushQEl0YOLOX-Post-Process MultiPushQEl0YOLOX-Post-Process MultiPushQEl0YOLOX-Post-Process MultiPushQEl0YOLOX-Post-Process MultiPushQEl0YOLOX-Post-Process MultiPushQEl0YOLOX-Post-Process
[2026-01-06 16:40:00.440] [8820] [HailoRT] [info] [pipeline.cpp:891] [print_deep_description] MultiPushQEl0YOLOX-Post-Process | inputs: AsyncHwEl[0] AsyncHwEl[1] AsyncHwEl[2] AsyncHwEl[3] AsyncHwEl[4] AsyncHwEl[5] AsyncHwEl[6] AsyncHwEl[7] AsyncHwEl[8] | outputs: NmsPPMuxEl0YOLOX-Post-Process(running in thread_id: 9426)
[2026-01-06 16:40:00.440] [8820] [HailoRT] [info] [pipeline.cpp:891] [print_deep_description] NmsPPMuxEl0YOLOX-Post-Process | inputs: MultiPushQEl0YOLOX-Post-Process[0] | outputs: LastAsyncEl0NmsPPMuxEl0YOLOX-Post-Process
[2026-01-06 16:40:00.440] [8820] [HailoRT] [info] [pipeline.cpp:891] [print_deep_description] LastAsyncEl0NmsPPMuxEl0YOLOX-Post-Process | inputs: NmsPPMuxEl0YOLOX-Post-Process[0] | outputs: user
[2026-01-06 16:40:02.683] [9416] [HailoRT] [info] [hef.cpp:1929] [get_network_group_and_network_name] No name was given. Addressing all networks of default network_group: yolov6n
[2026-01-06 16:40:54.581] [8820] [HailoRT] [info] [async_infer_runner.cpp:86] [shutdown] Pipeline was aborted. Shutting it down
[2026-01-06 16:40:54.581] [8820] [HailoRT] [info] [queue_elements.cpp:1131] [execute_deactivate] enqueue() in element MultiPushQEl0YOLOX-Post-Process was aborted, got status = HAILO_SHUTDOWN_EVENT_SIGNALED(57)
[2026-01-06 16:40:54.581] [8820] [HailoRT] [info] [queue_elements.cpp:1131] [execute_deactivate] enqueue() in element MultiPushQEl0YOLOX-Post-Process was aborted, got status = HAILO_SHUTDOWN_EVENT_SIGNALED(57)
[2026-01-06 16:40:54.581] [8820] [HailoRT] [info] [queue_elements.cpp:1131] [execute_deactivate] enqueue() in element MultiPushQEl0YOLOX-Post-Process was aborted, got status = HAILO_SHUTDOWN_EVENT_SIGNALED(57)
[2026-01-06 16:40:54.581] [8820] [HailoRT] [info] [queue_elements.cpp:1131] [execute_deactivate] enqueue() in element MultiPushQEl0YOLOX-Post-Process was aborted, got status = HAILO_SHUTDOWN_EVENT_SIGNALED(57)
[2026-01-06 16:40:54.581] [8820] [HailoRT] [info] [queue_elements.cpp:1131] [execute_deactivate] enqueue() in element MultiPushQEl0YOLOX-Post-Process was aborted, got status = HAILO_SHUTDOWN_EVENT_SIGNALED(57)
[2026-01-06 16:40:54.581] [8820] [HailoRT] [info] [queue_elements.cpp:1131] [execute_deactivate] enqueue() in element MultiPushQEl0YOLOX-Post-Process was aborted, got status = HAILO_SHUTDOWN_EVENT_SIGNALED(57)
[2026-01-06 16:40:54.581] [8820] [HailoRT] [info] [queue_elements.cpp:1131] [execute_deactivate] enqueue() in element MultiPushQEl0YOLOX-Post-Process was aborted, got status = HAILO_SHUTDOWN_EVENT_SIGNALED(57)
[2026-01-06 16:40:54.581] [8820] [HailoRT] [info] [queue_elements.cpp:1131] [execute_deactivate] enqueue() in element MultiPushQEl0YOLOX-Post-Process was aborted, got status = HAILO_SHUTDOWN_EVENT_SIGNALED(57)
[2026-01-06 16:40:54.581] [8820] [HailoRT] [info] [queue_elements.cpp:1131] [execute_deactivate] enqueue() in element MultiPushQEl0YOLOX-Post-Process was aborted, got status = HAILO_SHUTDOWN_EVENT_SIGNALED(57)
[2026-01-06 16:40:54.581] [8820] [HailoRT] [info] [queue_elements.cpp:570] [execute_deactivate] enqueue() in element PushQEl3yolov6n/input_layer1 was aborted, got status = HAILO_SHUTDOWN_EVENT_SIGNALED(57)
[2026-01-06 16:40:54.581] [8820] [HailoRT] [info] [queue_elements.cpp:570] [execute_deactivate] enqueue() in element EntryPushQEl0yolov6n/input_layer1 was aborted, got status = HAILO_SHUTDOWN_EVENT_SIGNALED(57)
[2026-01-06 16:40:54.581] [8820] [HailoRT] [info] [queue_elements.cpp:46] [~BaseQueueElement] Queue element EntryPushQEl0yolov6n/input_layer1 has 0 frames in his Queue on destruction
[2026-01-06 16:40:54.581] [8820] [HailoRT] [info] [queue_elements.cpp:46] [~BaseQueueElement] Queue element PushQEl3yolov6n/input_layer1 has 0 frames in his Queue on destruction
[2026-01-06 16:47:00.098] [10026] [HailoRT] [info] [device.cpp:49] [Device] OS Version: Linux 6.12.47+rpt-rpi-2712 #1 SMP PREEMPT Debian 1:6.12.47-1+rpt1~bookworm (2025-09-16) aarch64
[2026-01-06 16:47:00.099] [10026] [HailoRT] [info] [control.cpp:108] [control__parse_identify_results] firmware_version is: 4.20.0
[2026-01-06 16:47:00.100] [10026] [HailoRT] [info] [control.cpp:108] [control__parse_identify_results] firmware_version is: 4.20.0
[2026-01-06 16:47:00.166] [10034] [HailoRT] [info] [device.cpp:49] [Device] OS Version: Linux 6.12.47+rpt-rpi-2712 #1 SMP PREEMPT Debian 1:6.12.47-1+rpt1~bookworm (2025-09-16) aarch64
[2026-01-06 16:47:00.168] [10034] [HailoRT] [info] [control.cpp:108] [control__parse_identify_results] firmware_version is: 4.20.0
[2026-01-06 16:47:00.169] [10034] [HailoRT] [info] [control.cpp:108] [control__parse_identify_results] firmware_version is: 4.20.0
[2026-01-06 16:47:00.222] [10042] [HailoRT] [info] [device.cpp:49] [Device] OS Version: Linux 6.12.47+rpt-rpi-2712 #1 SMP PREEMPT Debian 1:6.12.47-1+rpt1~bookworm (2025-09-16) aarch64
[2026-01-06 16:47:00.223] [10042] [HailoRT] [info] [control.cpp:108] [control__parse_identify_results] firmware_version is: 4.20.0
[2026-01-06 16:47:00.224] [10042] [HailoRT] [info] [control.cpp:108] [control__parse_identify_results] firmware_version is: 4.20.0
[2026-01-06 16:47:00.328] [9467] [HailoRT] [info] [vdevice.cpp:523] [create] Creating vdevice with params: device_count: 1, scheduling_algorithm: ROUND_ROBIN, multi_process_service: false
[2026-01-06 16:47:00.340] [9467] [HailoRT] [info] [device.cpp:49] [Device] OS Version: Linux 6.12.47+rpt-rpi-2712 #1 SMP PREEMPT Debian 1:6.12.47-1+rpt1~bookworm (2025-09-16) aarch64
[2026-01-06 16:47:00.342] [9467] [HailoRT] [info] [control.cpp:108] [control__parse_identify_results] firmware_version is: 4.20.0
[2026-01-06 16:47:00.342] [9467] [HailoRT] [info] [vdevice.cpp:651] [create] VDevice Infos: 0001:01:00.0
[2026-01-06 16:47:00.366] [9467] [HailoRT] [info] [hef.cpp:1929] [get_network_group_and_network_name] No name was given. Addressing all networks of default network_group: yolov6n
[2026-01-06 16:47:00.366] [9467] [HailoRT] [info] [hef.cpp:1929] [get_network_group_and_network_name] No name was given. Addressing all networks of default network_group: yolov6n
[2026-01-06 16:47:00.436] [9467] [HailoRT] [info] [internal_buffer_manager.cpp:202] [print_execution_results] Default Internal buffer planner failed to meet requirements
[2026-01-06 16:47:00.436] [9467] [HailoRT] [info] [internal_buffer_manager.cpp:212] [print_execution_results] Default Internal buffer planner executed successfully
[2026-01-06 16:47:00.444] [9467] [HailoRT] [info] [device_internal.cpp:57] [configure] Configuring HEF took 13.161982 milliseconds
[2026-01-06 16:47:00.444] [9467] [HailoRT] [info] [vdevice.cpp:749] [configure] Configuring HEF on VDevice took 13.552148 milliseconds
[2026-01-06 16:47:00.444] [9467] [HailoRT] [info] [infer_model.cpp:436] [configure] Configuring network group 'yolov6n' with params: batch size: 2, power mode: PERFORMANCE, latency: NONE
[2026-01-06 16:47:00.444] [9467] [HailoRT] [info] [multi_io_elements.cpp:756] [create] Created (AsyncHwEl)
[2026-01-06 16:47:00.444] [9467] [HailoRT] [info] [queue_elements.cpp:450] [create] Created (EntryPushQEl0yolov6n/input_layer1 | timeout: 10s)
[2026-01-06 16:47:00.444] [9467] [HailoRT] [info] [filter_elements.cpp:101] [create] Created (PreInferEl3yolov6n/input_layer1 | Reorder - src_order: RGB4, src_shape: (640, 640, 3), dst_order: NHCW, dst_shape: (640, 640, 3))
[2026-01-06 16:47:00.445] [9467] [HailoRT] [info] [queue_elements.cpp:450] [create] Created (PushQEl3yolov6n/input_layer1 | timeout: 10s)
[2026-01-06 16:47:00.445] [9467] [HailoRT] [info] [multi_io_elements.cpp:135] [create] Created (NmsPPMuxEl0YOLOX-Post-Process | Op YOLOX, Name: YOLOX-Post-Process, Score threshold: 0.300, IoU threshold: 0.45, Classes: 80, Cross classes: false, NMS results order: BY_CLASS, Max bboxes per class: 100, Image height: 640, Image width: 640)
[2026-01-06 16:47:00.445] [9467] [HailoRT] [info] [queue_elements.cpp:942] [create] Created (MultiPushQEl0YOLOX-Post-Process | timeout: 10s)
[2026-01-06 16:47:00.445] [9467] [HailoRT] [info] [edge_elements.cpp:187] [create] Created (LastAsyncEl0NmsPPMuxEl0YOLOX-Post-Process)
[2026-01-06 16:47:00.445] [9467] [HailoRT] [info] [pipeline.cpp:891] [print_deep_description] EntryPushQEl0yolov6n/input_layer1 | inputs: user | outputs: PreInferEl3yolov6n/input_layer1(running in thread_id: 10074)
[2026-01-06 16:47:00.445] [9467] [HailoRT] [info] [pipeline.cpp:891] [print_deep_description] PreInferEl3yolov6n/input_layer1 | inputs: EntryPushQEl0yolov6n/input_layer1[0] | outputs: PushQEl3yolov6n/input_layer1
[2026-01-06 16:47:00.445] [9467] [HailoRT] [info] [pipeline.cpp:891] [print_deep_description] PushQEl3yolov6n/input_layer1 | inputs: PreInferEl3yolov6n/input_layer1[0] | outputs: AsyncHwEl(running in thread_id: 10075)
[2026-01-06 16:47:00.445] [9467] [HailoRT] [info] [pipeline.cpp:891] [print_deep_description] AsyncHwEl | inputs: PushQEl3yolov6n/input_layer1[0] | outputs: MultiPushQEl0YOLOX-Post-Process MultiPushQEl0YOLOX-Post-Process MultiPushQEl0YOLOX-Post-Process MultiPushQEl0YOLOX-Post-Process MultiPushQEl0YOLOX-Post-Process MultiPushQEl0YOLOX-Post-Process MultiPushQEl0YOLOX-Post-Process MultiPushQEl0YOLOX-Post-Process MultiPushQEl0YOLOX-Post-Process
[2026-01-06 16:47:00.445] [9467] [HailoRT] [info] [pipeline.cpp:891] [print_deep_description] MultiPushQEl0YOLOX-Post-Process | inputs: AsyncHwEl[0] AsyncHwEl[1] AsyncHwEl[2] AsyncHwEl[3] AsyncHwEl[4] AsyncHwEl[5] AsyncHwEl[6] AsyncHwEl[7] AsyncHwEl[8] | outputs: NmsPPMuxEl0YOLOX-Post-Process(running in thread_id: 10076)
[2026-01-06 16:47:00.445] [9467] [HailoRT] [info] [pipeline.cpp:891] [print_deep_description] NmsPPMuxEl0YOLOX-Post-Process | inputs: MultiPushQEl0YOLOX-Post-Process[0] | outputs: LastAsyncEl0NmsPPMuxEl0YOLOX-Post-Process
[2026-01-06 16:47:00.445] [9467] [HailoRT] [info] [pipeline.cpp:891] [print_deep_description] LastAsyncEl0NmsPPMuxEl0YOLOX-Post-Process | inputs: NmsPPMuxEl0YOLOX-Post-Process[0] | outputs: user
[2026-01-06 16:47:02.685] [10066] [HailoRT] [info] [hef.cpp:1929] [get_network_group_and_network_name] No name was given. Addressing all networks of default network_group: yolov6n
[2026-01-06 16:47:16.568] [9467] [HailoRT] [info] [async_infer_runner.cpp:86] [shutdown] Pipeline was aborted. Shutting it down
[2026-01-06 16:47:16.569] [9467] [HailoRT] [info] [queue_elements.cpp:1131] [execute_deactivate] enqueue() in element MultiPushQEl0YOLOX-Post-Process was aborted, got status = HAILO_SHUTDOWN_EVENT_SIGNALED(57)
[2026-01-06 16:47:16.569] [9467] [HailoRT] [info] [queue_elements.cpp:1131] [execute_deactivate] enqueue() in element MultiPushQEl0YOLOX-Post-Process was aborted, got status = HAILO_SHUTDOWN_EVENT_SIGNALED(57)
[2026-01-06 16:47:16.569] [9467] [HailoRT] [info] [queue_elements.cpp:1131] [execute_deactivate] enqueue() in element MultiPushQEl0YOLOX-Post-Process was aborted, got status = HAILO_SHUTDOWN_EVENT_SIGNALED(57)
[2026-01-06 16:47:16.569] [9467] [HailoRT] [info] [queue_elements.cpp:1131] [execute_deactivate] enqueue() in element MultiPushQEl0YOLOX-Post-Process was aborted, got status = HAILO_SHUTDOWN_EVENT_SIGNALED(57)
[2026-01-06 16:47:16.569] [9467] [HailoRT] [info] [queue_elements.cpp:1131] [execute_deactivate] enqueue() in element MultiPushQEl0YOLOX-Post-Process was aborted, got status = HAILO_SHUTDOWN_EVENT_SIGNALED(57)
[2026-01-06 16:47:16.569] [9467] [HailoRT] [info] [queue_elements.cpp:1131] [execute_deactivate] enqueue() in element MultiPushQEl0YOLOX-Post-Process was aborted, got status = HAILO_SHUTDOWN_EVENT_SIGNALED(57)
[2026-01-06 16:47:16.569] [9467] [HailoRT] [info] [queue_elements.cpp:1131] [execute_deactivate] enqueue() in element MultiPushQEl0YOLOX-Post-Process was aborted, got status = HAILO_SHUTDOWN_EVENT_SIGNALED(57)
[2026-01-06 16:47:16.569] [9467] [HailoRT] [info] [queue_elements.cpp:1131] [execute_deactivate] enqueue() in element MultiPushQEl0YOLOX-Post-Process was aborted, got status = HAILO_SHUTDOWN_EVENT_SIGNALED(57)
[2026-01-06 16:47:16.569] [9467] [HailoRT] [info] [queue_elements.cpp:1131] [execute_deactivate] enqueue() in element MultiPushQEl0YOLOX-Post-Process was aborted, got status = HAILO_SHUTDOWN_EVENT_SIGNALED(57)
[2026-01-06 16:47:16.569] [9467] [HailoRT] [info] [queue_elements.cpp:570] [execute_deactivate] enqueue() in element PushQEl3yolov6n/input_layer1 was aborted, got status = HAILO_SHUTDOWN_EVENT_SIGNALED(57)
[2026-01-06 16:47:16.569] [9467] [HailoRT] [info] [queue_elements.cpp:570] [execute_deactivate] enqueue() in element EntryPushQEl0yolov6n/input_layer1 was aborted, got status = HAILO_SHUTDOWN_EVENT_SIGNALED(57)
[2026-01-06 16:47:16.569] [9467] [HailoRT] [info] [queue_elements.cpp:46] [~BaseQueueElement] Queue element EntryPushQEl0yolov6n/input_layer1 has 0 frames in his Queue on destruction
[2026-01-06 16:47:16.569] [9467] [HailoRT] [info] [queue_elements.cpp:46] [~BaseQueueElement] Queue element PushQEl3yolov6n/input_layer1 has 0 frames in his Queue on destruction
[2026-01-06 16:51:00.097] [10655] [HailoRT] [info] [device.cpp:49] [Device] OS Version: Linux 6.12.47+rpt-rpi-2712 #1 SMP PREEMPT Debian 1:6.12.47-1+rpt1~bookworm (2025-09-16) aarch64
[2026-01-06 16:51:00.098] [10655] [HailoRT] [info] [control.cpp:108] [control__parse_identify_results] firmware_version is: 4.20.0
[2026-01-06 16:51:00.099] [10655] [HailoRT] [info] [control.cpp:108] [control__parse_identify_results] firmware_version is: 4.20.0
[2026-01-06 16:51:00.146] [10663] [HailoRT] [info] [device.cpp:49] [Device] OS Version: Linux 6.12.47+rpt-rpi-2712 #1 SMP PREEMPT Debian 1:6.12.47-1+rpt1~bookworm (2025-09-16) aarch64
[2026-01-06 16:51:00.147] [10663] [HailoRT] [info] [control.cpp:108] [control__parse_identify_results] firmware_version is: 4.20.0
[2026-01-06 16:51:00.148] [10663] [HailoRT] [info] [control.cpp:108] [control__parse_identify_results] firmware_version is: 4.20.0
[2026-01-06 16:51:00.192] [10671] [HailoRT] [info] [device.cpp:49] [Device] OS Version: Linux 6.12.47+rpt-rpi-2712 #1 SMP PREEMPT Debian 1:6.12.47-1+rpt1~bookworm (2025-09-16) aarch64
[2026-01-06 16:51:00.195] [10671] [HailoRT] [info] [control.cpp:108] [control__parse_identify_results] firmware_version is: 4.20.0
[2026-01-06 16:51:00.197] [10671] [HailoRT] [info] [control.cpp:108] [control__parse_identify_results] firmware_version is: 4.20.0
[2026-01-06 16:51:00.302] [10099] [HailoRT] [info] [vdevice.cpp:523] [create] Creating vdevice with params: device_count: 1, scheduling_algorithm: ROUND_ROBIN, multi_process_service: false
[2026-01-06 16:51:00.314] [10099] [HailoRT] [info] [device.cpp:49] [Device] OS Version: Linux 6.12.47+rpt-rpi-2712 #1 SMP PREEMPT Debian 1:6.12.47-1+rpt1~bookworm (2025-09-16) aarch64
[2026-01-06 16:51:00.315] [10099] [HailoRT] [info] [control.cpp:108] [control__parse_identify_results] firmware_version is: 4.20.0
[2026-01-06 16:51:00.315] [10099] [HailoRT] [info] [vdevice.cpp:651] [create] VDevice Infos: 0001:01:00.0
[2026-01-06 16:51:00.336] [10099] [HailoRT] [info] [hef.cpp:1929] [get_network_group_and_network_name] No name was given. Addressing all networks of default network_group: yolov6n
[2026-01-06 16:51:00.336] [10099] [HailoRT] [info] [hef.cpp:1929] [get_network_group_and_network_name] No name was given. Addressing all networks of default network_group: yolov6n
[2026-01-06 16:51:00.406] [10099] [HailoRT] [info] [internal_buffer_manager.cpp:202] [print_execution_results] Default Internal buffer planner failed to meet requirements
[2026-01-06 16:51:00.406] [10099] [HailoRT] [info] [internal_buffer_manager.cpp:212] [print_execution_results] Default Internal buffer planner executed successfully
[2026-01-06 16:51:00.412] [10099] [HailoRT] [info] [device_internal.cpp:57] [configure] Configuring HEF took 14.058704 milliseconds
[2026-01-06 16:51:00.413] [10099] [HailoRT] [info] [vdevice.cpp:749] [configure] Configuring HEF on VDevice took 14.434074 milliseconds
[2026-01-06 16:51:00.413] [10099] [HailoRT] [info] [infer_model.cpp:436] [configure] Configuring network group 'yolov6n' with params: batch size: 2, power mode: PERFORMANCE, latency: NONE
[2026-01-06 16:51:00.413] [10099] [HailoRT] [info] [multi_io_elements.cpp:756] [create] Created (AsyncHwEl)
[2026-01-06 16:51:00.413] [10099] [HailoRT] [info] [queue_elements.cpp:450] [create] Created (EntryPushQEl0yolov6n/input_layer1 | timeout: 10s)
[2026-01-06 16:51:00.413] [10099] [HailoRT] [info] [filter_elements.cpp:101] [create] Created (PreInferEl3yolov6n/input_layer1 | Reorder - src_order: RGB4, src_shape: (640, 640, 3), dst_order: NHCW, dst_shape: (640, 640, 3))
[2026-01-06 16:51:00.413] [10099] [HailoRT] [info] [queue_elements.cpp:450] [create] Created (PushQEl3yolov6n/input_layer1 | timeout: 10s)
[2026-01-06 16:51:00.413] [10099] [HailoRT] [info] [multi_io_elements.cpp:135] [create] Created (NmsPPMuxEl0YOLOX-Post-Process | Op YOLOX, Name: YOLOX-Post-Process, Score threshold: 0.300, IoU threshold: 0.45, Classes: 80, Cross classes: false, NMS results order: BY_CLASS, Max bboxes per class: 100, Image height: 640, Image width: 640)
[2026-01-06 16:51:00.414] [10099] [HailoRT] [info] [queue_elements.cpp:942] [create] Created (MultiPushQEl0YOLOX-Post-Process | timeout: 10s)
[2026-01-06 16:51:00.414] [10099] [HailoRT] [info] [edge_elements.cpp:187] [create] Created (LastAsyncEl0NmsPPMuxEl0YOLOX-Post-Process)
[2026-01-06 16:51:00.414] [10099] [HailoRT] [info] [pipeline.cpp:891] [print_deep_description] EntryPushQEl0yolov6n/input_layer1 | inputs: user | outputs: PreInferEl3yolov6n/input_layer1(running in thread_id: 10702)
[2026-01-06 16:51:00.414] [10099] [HailoRT] [info] [pipeline.cpp:891] [print_deep_description] PreInferEl3yolov6n/input_layer1 | inputs: EntryPushQEl0yolov6n/input_layer1[0] | outputs: PushQEl3yolov6n/input_layer1
[2026-01-06 16:51:00.414] [10099] [HailoRT] [info] [pipeline.cpp:891] [print_deep_description] PushQEl3yolov6n/input_layer1 | inputs: PreInferEl3yolov6n/input_layer1[0] | outputs: AsyncHwEl(running in thread_id: 10703)
[2026-01-06 16:51:00.414] [10099] [HailoRT] [info] [pipeline.cpp:891] [print_deep_description] AsyncHwEl | inputs: PushQEl3yolov6n/input_layer1[0] | outputs: MultiPushQEl0YOLOX-Post-Process MultiPushQEl0YOLOX-Post-Process MultiPushQEl0YOLOX-Post-Process MultiPushQEl0YOLOX-Post-Process MultiPushQEl0YOLOX-Post-Process MultiPushQEl0YOLOX-Post-Process MultiPushQEl0YOLOX-Post-Process MultiPushQEl0YOLOX-Post-Process MultiPushQEl0YOLOX-Post-Process
[2026-01-06 16:51:00.414] [10099] [HailoRT] [info] [pipeline.cpp:891] [print_deep_description] MultiPushQEl0YOLOX-Post-Process | inputs: AsyncHwEl[0] AsyncHwEl[1] AsyncHwEl[2] AsyncHwEl[3] AsyncHwEl[4] AsyncHwEl[5] AsyncHwEl[6] AsyncHwEl[7] AsyncHwEl[8] | outputs: NmsPPMuxEl0YOLOX-Post-Process(running in thread_id: 10704)
[2026-01-06 16:51:00.414] [10099] [HailoRT] [info] [pipeline.cpp:891] [print_deep_description] NmsPPMuxEl0YOLOX-Post-Process | inputs: MultiPushQEl0YOLOX-Post-Process[0] | outputs: LastAsyncEl0NmsPPMuxEl0YOLOX-Post-Process
[2026-01-06 16:51:00.414] [10099] [HailoRT] [info] [pipeline.cpp:891] [print_deep_description] LastAsyncEl0NmsPPMuxEl0YOLOX-Post-Process | inputs: NmsPPMuxEl0YOLOX-Post-Process[0] | outputs: user
[2026-01-06 16:51:02.623] [10694] [HailoRT] [info] [hef.cpp:1929] [get_network_group_and_network_name] No name was given. Addressing all networks of default network_group: yolov6n
[2026-01-06 16:57:00.106] [12382] [HailoRT] [info] [device.cpp:49] [Device] OS Version: Linux 6.12.47+rpt-rpi-2712 #1 SMP PREEMPT Debian 1:6.12.47-1+rpt1~bookworm (2025-09-16) aarch64
[2026-01-06 16:57:00.107] [12382] [HailoRT] [info] [control.cpp:108] [control__parse_identify_results] firmware_version is: 4.20.0
[2026-01-06 16:57:00.109] [12382] [HailoRT] [info] [control.cpp:108] [control__parse_identify_results] firmware_version is: 4.20.0
[2026-01-06 16:57:00.162] [12390] [HailoRT] [info] [device.cpp:49] [Device] OS Version: Linux 6.12.47+rpt-rpi-2712 #1 SMP PREEMPT Debian 1:6.12.47-1+rpt1~bookworm (2025-09-16) aarch64
[2026-01-06 16:57:00.163] [12390] [HailoRT] [info] [control.cpp:108] [control__parse_identify_results] firmware_version is: 4.20.0
[2026-01-06 16:57:00.164] [12390] [HailoRT] [info] [control.cpp:108] [control__parse_identify_results] firmware_version is: 4.20.0
[2026-01-06 16:57:00.218] [12399] [HailoRT] [info] [device.cpp:49] [Device] OS Version: Linux 6.12.47+rpt-rpi-2712 #1 SMP PREEMPT Debian 1:6.12.47-1+rpt1~bookworm (2025-09-16) aarch64
[2026-01-06 16:57:00.219] [12399] [HailoRT] [info] [control.cpp:108] [control__parse_identify_results] firmware_version is: 4.20.0
[2026-01-06 16:57:00.220] [12399] [HailoRT] [info] [control.cpp:108] [control__parse_identify_results] firmware_version is: 4.20.0
[2026-01-06 16:57:00.325] [11824] [HailoRT] [info] [vdevice.cpp:523] [create] Creating vdevice with params: device_count: 1, scheduling_algorithm: ROUND_ROBIN, multi_process_service: false
[2026-01-06 16:57:00.338] [11824] [HailoRT] [info] [device.cpp:49] [Device] OS Version: Linux 6.12.47+rpt-rpi-2712 #1 SMP PREEMPT Debian 1:6.12.47-1+rpt1~bookworm (2025-09-16) aarch64
[2026-01-06 16:57:00.339] [11824] [HailoRT] [info] [control.cpp:108] [control__parse_identify_results] firmware_version is: 4.20.0
[2026-01-06 16:57:00.339] [11824] [HailoRT] [info] [vdevice.cpp:651] [create] VDevice Infos: 0001:01:00.0
[2026-01-06 16:57:00.359] [11824] [HailoRT] [info] [hef.cpp:1929] [get_network_group_and_network_name] No name was given. Addressing all networks of default network_group: yolov6n
[2026-01-06 16:57:00.359] [11824] [HailoRT] [info] [hef.cpp:1929] [get_network_group_and_network_name] No name was given. Addressing all networks of default network_group: yolov6n
[2026-01-06 16:57:00.426] [11824] [HailoRT] [info] [internal_buffer_manager.cpp:202] [print_execution_results] Default Internal buffer planner failed to meet requirements
[2026-01-06 16:57:00.426] [11824] [HailoRT] [info] [internal_buffer_manager.cpp:212] [print_execution_results] Default Internal buffer planner executed successfully
[2026-01-06 16:57:00.433] [11824] [HailoRT] [info] [device_internal.cpp:57] [configure] Configuring HEF took 12.141296 milliseconds
[2026-01-06 16:57:00.433] [11824] [HailoRT] [info] [vdevice.cpp:749] [configure] Configuring HEF on VDevice took 12.504925 milliseconds
[2026-01-06 16:57:00.433] [11824] [HailoRT] [info] [infer_model.cpp:436] [configure] Configuring network group 'yolov6n' with params: batch size: 2, power mode: PERFORMANCE, latency: NONE
[2026-01-06 16:57:00.433] [11824] [HailoRT] [info] [multi_io_elements.cpp:756] [create] Created (AsyncHwEl)
[2026-01-06 16:57:00.433] [11824] [HailoRT] [info] [queue_elements.cpp:450] [create] Created (EntryPushQEl0yolov6n/input_layer1 | timeout: 10s)
[2026-01-06 16:57:00.433] [11824] [HailoRT] [info] [filter_elements.cpp:101] [create] Created (PreInferEl3yolov6n/input_layer1 | Reorder - src_order: RGB4, src_shape: (640, 640, 3), dst_order: NHCW, dst_shape: (640, 640, 3))
[2026-01-06 16:57:00.433] [11824] [HailoRT] [info] [queue_elements.cpp:450] [create] Created (PushQEl3yolov6n/input_layer1 | timeout: 10s)
[2026-01-06 16:57:00.434] [11824] [HailoRT] [info] [multi_io_elements.cpp:135] [create] Created (NmsPPMuxEl0YOLOX-Post-Process | Op YOLOX, Name: YOLOX-Post-Process, Score threshold: 0.300, IoU threshold: 0.45, Classes: 80, Cross classes: false, NMS results order: BY_CLASS, Max bboxes per class: 100, Image height: 640, Image width: 640)
[2026-01-06 16:57:00.434] [11824] [HailoRT] [info] [queue_elements.cpp:942] [create] Created (MultiPushQEl0YOLOX-Post-Process | timeout: 10s)
[2026-01-06 16:57:00.434] [11824] [HailoRT] [info] [edge_elements.cpp:187] [create] Created (LastAsyncEl0NmsPPMuxEl0YOLOX-Post-Process)
[2026-01-06 16:57:00.434] [11824] [HailoRT] [info] [pipeline.cpp:891] [print_deep_description] EntryPushQEl0yolov6n/input_layer1 | inputs: user | outputs: PreInferEl3yolov6n/input_layer1(running in thread_id: 12430)
[2026-01-06 16:57:00.434] [11824] [HailoRT] [info] [pipeline.cpp:891] [print_deep_description] PreInferEl3yolov6n/input_layer1 | inputs: EntryPushQEl0yolov6n/input_layer1[0] | outputs: PushQEl3yolov6n/input_layer1
[2026-01-06 16:57:00.434] [11824] [HailoRT] [info] [pipeline.cpp:891] [print_deep_description] PushQEl3yolov6n/input_layer1 | inputs: PreInferEl3yolov6n/input_layer1[0] | outputs: AsyncHwEl(running in thread_id: 12431)
[2026-01-06 16:57:00.434] [11824] [HailoRT] [info] [pipeline.cpp:891] [print_deep_description] AsyncHwEl | inputs: PushQEl3yolov6n/input_layer1[0] | outputs: MultiPushQEl0YOLOX-Post-Process MultiPushQEl0YOLOX-Post-Process MultiPushQEl0YOLOX-Post-Process MultiPushQEl0YOLOX-Post-Process MultiPushQEl0YOLOX-Post-Process MultiPushQEl0YOLOX-Post-Process MultiPushQEl0YOLOX-Post-Process MultiPushQEl0YOLOX-Post-Process MultiPushQEl0YOLOX-Post-Process
[2026-01-06 16:57:00.434] [11824] [HailoRT] [info] [pipeline.cpp:891] [print_deep_description] MultiPushQEl0YOLOX-Post-Process | inputs: AsyncHwEl[0] AsyncHwEl[1] AsyncHwEl[2] AsyncHwEl[3] AsyncHwEl[4] AsyncHwEl[5] AsyncHwEl[6] AsyncHwEl[7] AsyncHwEl[8] | outputs: NmsPPMuxEl0YOLOX-Post-Process(running in thread_id: 12432)
[2026-01-06 16:57:00.434] [11824] [HailoRT] [info] [pipeline.cpp:891] [print_deep_description] NmsPPMuxEl0YOLOX-Post-Process | inputs: MultiPushQEl0YOLOX-Post-Process[0] | outputs: LastAsyncEl0NmsPPMuxEl0YOLOX-Post-Process
[2026-01-06 16:57:00.434] [11824] [HailoRT] [info] [pipeline.cpp:891] [print_deep_description] LastAsyncEl0NmsPPMuxEl0YOLOX-Post-Process | inputs: NmsPPMuxEl0YOLOX-Post-Process[0] | outputs: user
[2026-01-06 16:57:02.613] [12422] [HailoRT] [info] [hef.cpp:1929] [get_network_group_and_network_name] No name was given. Addressing all networks of default network_group: yolov6n
[2026-01-06 16:57:58.119] [11824] [HailoRT] [info] [async_infer_runner.cpp:86] [shutdown] Pipeline was aborted. Shutting it down
[2026-01-06 16:57:58.119] [11824] [HailoRT] [info] [queue_elements.cpp:1131] [execute_deactivate] enqueue() in element MultiPushQEl0YOLOX-Post-Process was aborted, got status = HAILO_SHUTDOWN_EVENT_SIGNALED(57)
[2026-01-06 16:57:58.119] [11824] [HailoRT] [info] [queue_elements.cpp:1131] [execute_deactivate] enqueue() in element MultiPushQEl0YOLOX-Post-Process was aborted, got status = HAILO_SHUTDOWN_EVENT_SIGNALED(57)
[2026-01-06 16:57:58.119] [11824] [HailoRT] [info] [queue_elements.cpp:1131] [execute_deactivate] enqueue() in element MultiPushQEl0YOLOX-Post-Process was aborted, got status = HAILO_SHUTDOWN_EVENT_SIGNALED(57)
[2026-01-06 16:57:58.119] [11824] [HailoRT] [info] [queue_elements.cpp:1131] [execute_deactivate] enqueue() in element MultiPushQEl0YOLOX-Post-Process was aborted, got status = HAILO_SHUTDOWN_EVENT_SIGNALED(57)
[2026-01-06 16:57:58.119] [11824] [HailoRT] [info] [queue_elements.cpp:1131] [execute_deactivate] enqueue() in element MultiPushQEl0YOLOX-Post-Process was aborted, got status = HAILO_SHUTDOWN_EVENT_SIGNALED(57)
[2026-01-06 16:57:58.119] [11824] [HailoRT] [info] [queue_elements.cpp:1131] [execute_deactivate] enqueue() in element MultiPushQEl0YOLOX-Post-Process was aborted, got status = HAILO_SHUTDOWN_EVENT_SIGNALED(57)
[2026-01-06 16:57:58.119] [11824] [HailoRT] [info] [queue_elements.cpp:1131] [execute_deactivate] enqueue() in element MultiPushQEl0YOLOX-Post-Process was aborted, got status = HAILO_SHUTDOWN_EVENT_SIGNALED(57)
[2026-01-06 16:57:58.119] [11824] [HailoRT] [info] [queue_elements.cpp:1131] [execute_deactivate] enqueue() in element MultiPushQEl0YOLOX-Post-Process was aborted, got status = HAILO_SHUTDOWN_EVENT_SIGNALED(57)
[2026-01-06 16:57:58.119] [11824] [HailoRT] [info] [queue_elements.cpp:1131] [execute_deactivate] enqueue() in element MultiPushQEl0YOLOX-Post-Process was aborted, got status = HAILO_SHUTDOWN_EVENT_SIGNALED(57)
[2026-01-06 16:57:58.119] [11824] [HailoRT] [info] [queue_elements.cpp:570] [execute_deactivate] enqueue() in element PushQEl3yolov6n/input_layer1 was aborted, got status = HAILO_SHUTDOWN_EVENT_SIGNALED(57)
[2026-01-06 16:57:58.119] [11824] [HailoRT] [info] [queue_elements.cpp:570] [execute_deactivate] enqueue() in element EntryPushQEl0yolov6n/input_layer1 was aborted, got status = HAILO_SHUTDOWN_EVENT_SIGNALED(57)
[2026-01-06 16:57:58.119] [11824] [HailoRT] [info] [queue_elements.cpp:46] [~BaseQueueElement] Queue element EntryPushQEl0yolov6n/input_layer1 has 0 frames in his Queue on destruction
[2026-01-06 16:57:58.119] [11824] [HailoRT] [info] [queue_elements.cpp:46] [~BaseQueueElement] Queue element PushQEl3yolov6n/input_layer1 has 0 frames in his Queue on destruction
[2026-01-06 17:02:00.082] [13103] [HailoRT] [info] [device.cpp:49] [Device] OS Version: Linux 6.12.47+rpt-rpi-2712 #1 SMP PREEMPT Debian 1:6.12.47-1+rpt1~bookworm (2025-09-16) aarch64
[2026-01-06 17:02:00.083] [13103] [HailoRT] [info] [control.cpp:108] [control__parse_identify_results] firmware_version is: 4.20.0
[2026-01-06 17:02:00.084] [13103] [HailoRT] [info] [control.cpp:108] [control__parse_identify_results] firmware_version is: 4.20.0
[2026-01-06 17:02:00.134] [13111] [HailoRT] [info] [device.cpp:49] [Device] OS Version: Linux 6.12.47+rpt-rpi-2712 #1 SMP PREEMPT Debian 1:6.12.47-1+rpt1~bookworm (2025-09-16) aarch64
[2026-01-06 17:02:00.135] [13111] [HailoRT] [info] [control.cpp:108] [control__parse_identify_results] firmware_version is: 4.20.0
[2026-01-06 17:02:00.136] [13111] [HailoRT] [info] [control.cpp:108] [control__parse_identify_results] firmware_version is: 4.20.0
[2026-01-06 17:02:00.182] [13119] [HailoRT] [info] [device.cpp:49] [Device] OS Version: Linux 6.12.47+rpt-rpi-2712 #1 SMP PREEMPT Debian 1:6.12.47-1+rpt1~bookworm (2025-09-16) aarch64
[2026-01-06 17:02:00.184] [13119] [HailoRT] [info] [control.cpp:108] [control__parse_identify_results] firmware_version is: 4.20.0
[2026-01-06 17:02:00.185] [13119] [HailoRT] [info] [control.cpp:108] [control__parse_identify_results] firmware_version is: 4.20.0
[2026-01-06 17:02:00.275] [12480] [HailoRT] [info] [vdevice.cpp:523] [create] Creating vdevice with params: device_count: 1, scheduling_algorithm: ROUND_ROBIN, multi_process_service: false
[2026-01-06 17:02:00.286] [12480] [HailoRT] [info] [device.cpp:49] [Device] OS Version: Linux 6.12.47+rpt-rpi-2712 #1 SMP PREEMPT Debian 1:6.12.47-1+rpt1~bookworm (2025-09-16) aarch64
[2026-01-06 17:02:00.287] [12480] [HailoRT] [info] [control.cpp:108] [control__parse_identify_results] firmware_version is: 4.20.0
[2026-01-06 17:02:00.287] [12480] [HailoRT] [info] [vdevice.cpp:651] [create] VDevice Infos: 0001:01:00.0
[2026-01-06 17:02:00.308] [12480] [HailoRT] [info] [hef.cpp:1929] [get_network_group_and_network_name] No name was given. Addressing all networks of default network_group: yolov6n
[2026-01-06 17:02:00.308] [12480] [HailoRT] [info] [hef.cpp:1929] [get_network_group_and_network_name] No name was given. Addressing all networks of default network_group: yolov6n
[2026-01-06 17:02:00.376] [12480] [HailoRT] [info] [internal_buffer_manager.cpp:202] [print_execution_results] Default Internal buffer planner failed to meet requirements
[2026-01-06 17:02:00.376] [12480] [HailoRT] [info] [internal_buffer_manager.cpp:212] [print_execution_results] Default Internal buffer planner executed successfully
[2026-01-06 17:02:00.382] [12480] [HailoRT] [info] [device_internal.cpp:57] [configure] Configuring HEF took 12.836407 milliseconds
[2026-01-06 17:02:00.383] [12480] [HailoRT] [info] [vdevice.cpp:749] [configure] Configuring HEF on VDevice took 13.186908 milliseconds
[2026-01-06 17:02:00.383] [12480] [HailoRT] [info] [infer_model.cpp:436] [configure] Configuring network group 'yolov6n' with params: batch size: 2, power mode: PERFORMANCE, latency: NONE
[2026-01-06 17:02:00.383] [12480] [HailoRT] [info] [multi_io_elements.cpp:756] [create] Created (AsyncHwEl)
[2026-01-06 17:02:00.383] [12480] [HailoRT] [info] [queue_elements.cpp:450] [create] Created (EntryPushQEl0yolov6n/input_layer1 | timeout: 10s)
[2026-01-06 17:02:00.383] [12480] [HailoRT] [info] [filter_elements.cpp:101] [create] Created (PreInferEl3yolov6n/input_layer1 | Reorder - src_order: RGB4, src_shape: (640, 640, 3), dst_order: NHCW, dst_shape: (640, 640, 3))
[2026-01-06 17:02:00.383] [12480] [HailoRT] [info] [queue_elements.cpp:450] [create] Created (PushQEl3yolov6n/input_layer1 | timeout: 10s)
[2026-01-06 17:02:00.383] [12480] [HailoRT] [info] [multi_io_elements.cpp:135] [create] Created (NmsPPMuxEl0YOLOX-Post-Process | Op YOLOX, Name: YOLOX-Post-Process, Score threshold: 0.300, IoU threshold: 0.45, Classes: 80, Cross classes: false, NMS results order: BY_CLASS, Max bboxes per class: 100, Image height: 640, Image width: 640)
[2026-01-06 17:02:00.384] [12480] [HailoRT] [info] [queue_elements.cpp:942] [create] Created (MultiPushQEl0YOLOX-Post-Process | timeout: 10s)
[2026-01-06 17:02:00.384] [12480] [HailoRT] [info] [edge_elements.cpp:187] [create] Created (LastAsyncEl0NmsPPMuxEl0YOLOX-Post-Process)
[2026-01-06 17:02:00.384] [12480] [HailoRT] [info] [pipeline.cpp:891] [print_deep_description] EntryPushQEl0yolov6n/input_layer1 | inputs: user | outputs: PreInferEl3yolov6n/input_layer1(running in thread_id: 13150)
[2026-01-06 17:02:00.384] [12480] [HailoRT] [info] [pipeline.cpp:891] [print_deep_description] PreInferEl3yolov6n/input_layer1 | inputs: EntryPushQEl0yolov6n/input_layer1[0] | outputs: PushQEl3yolov6n/input_layer1
[2026-01-06 17:02:00.384] [12480] [HailoRT] [info] [pipeline.cpp:891] [print_deep_description] PushQEl3yolov6n/input_layer1 | inputs: PreInferEl3yolov6n/input_layer1[0] | outputs: AsyncHwEl(running in thread_id: 13151)
[2026-01-06 17:02:00.384] [12480] [HailoRT] [info] [pipeline.cpp:891] [print_deep_description] AsyncHwEl | inputs: PushQEl3yolov6n/input_layer1[0] | outputs: MultiPushQEl0YOLOX-Post-Process MultiPushQEl0YOLOX-Post-Process MultiPushQEl0YOLOX-Post-Process MultiPushQEl0YOLOX-Post-Process MultiPushQEl0YOLOX-Post-Process MultiPushQEl0YOLOX-Post-Process MultiPushQEl0YOLOX-Post-Process MultiPushQEl0YOLOX-Post-Process MultiPushQEl0YOLOX-Post-Process
[2026-01-06 17:02:00.384] [12480] [HailoRT] [info] [pipeline.cpp:891] [print_deep_description] MultiPushQEl0YOLOX-Post-Process | inputs: AsyncHwEl[0] AsyncHwEl[1] AsyncHwEl[2] AsyncHwEl[3] AsyncHwEl[4] AsyncHwEl[5] AsyncHwEl[6] AsyncHwEl[7] AsyncHwEl[8] | outputs: NmsPPMuxEl0YOLOX-Post-Process(running in thread_id: 13152)
[2026-01-06 17:02:00.384] [12480] [HailoRT] [info] [pipeline.cpp:891] [print_deep_description] NmsPPMuxEl0YOLOX-Post-Process | inputs: MultiPushQEl0YOLOX-Post-Process[0] | outputs: LastAsyncEl0NmsPPMuxEl0YOLOX-Post-Process
[2026-01-06 17:02:00.384] [12480] [HailoRT] [info] [pipeline.cpp:891] [print_deep_description] LastAsyncEl0NmsPPMuxEl0YOLOX-Post-Process | inputs: NmsPPMuxEl0YOLOX-Post-Process[0] | outputs: user
[2026-01-06 17:02:02.612] [13142] [HailoRT] [info] [hef.cpp:1929] [get_network_group_and_network_name] No name was given. Addressing all networks of default network_group: yolov6n
[2026-01-06 17:04:00.098] [13739] [HailoRT] [info] [device.cpp:49] [Device] OS Version: Linux 6.12.47+rpt-rpi-2712 #1 SMP PREEMPT Debian 1:6.12.47-1+rpt1~bookworm (2025-09-16) aarch64
[2026-01-06 17:04:00.099] [13739] [HailoRT] [info] [control.cpp:108] [control__parse_identify_results] firmware_version is: 4.20.0
[2026-01-06 17:04:00.100] [13739] [HailoRT] [info] [control.cpp:108] [control__parse_identify_results] firmware_version is: 4.20.0
[2026-01-06 17:04:00.145] [13747] [HailoRT] [info] [device.cpp:49] [Device] OS Version: Linux 6.12.47+rpt-rpi-2712 #1 SMP PREEMPT Debian 1:6.12.47-1+rpt1~bookworm (2025-09-16) aarch64
[2026-01-06 17:04:00.146] [13747] [HailoRT] [info] [control.cpp:108] [control__parse_identify_results] firmware_version is: 4.20.0
[2026-01-06 17:04:00.147] [13747] [HailoRT] [info] [control.cpp:108] [control__parse_identify_results] firmware_version is: 4.20.0
[2026-01-06 17:04:00.204] [13755] [HailoRT] [info] [device.cpp:49] [Device] OS Version: Linux 6.12.47+rpt-rpi-2712 #1 SMP PREEMPT Debian 1:6.12.47-1+rpt1~bookworm (2025-09-16) aarch64
[2026-01-06 17:04:00.205] [13755] [HailoRT] [info] [control.cpp:108] [control__parse_identify_results] firmware_version is: 4.20.0
[2026-01-06 17:04:00.206] [13755] [HailoRT] [info] [control.cpp:108] [control__parse_identify_results] firmware_version is: 4.20.0
[2026-01-06 17:04:00.325] [13180] [HailoRT] [info] [vdevice.cpp:523] [create] Creating vdevice with params: device_count: 1, scheduling_algorithm: ROUND_ROBIN, multi_process_service: false
[2026-01-06 17:04:00.337] [13180] [HailoRT] [info] [device.cpp:49] [Device] OS Version: Linux 6.12.47+rpt-rpi-2712 #1 SMP PREEMPT Debian 1:6.12.47-1+rpt1~bookworm (2025-09-16) aarch64
[2026-01-06 17:04:00.339] [13180] [HailoRT] [info] [control.cpp:108] [control__parse_identify_results] firmware_version is: 4.20.0
[2026-01-06 17:04:00.339] [13180] [HailoRT] [info] [vdevice.cpp:651] [create] VDevice Infos: 0001:01:00.0
[2026-01-06 17:04:00.359] [13180] [HailoRT] [info] [hef.cpp:1929] [get_network_group_and_network_name] No name was given. Addressing all networks of default network_group: yolov6n
[2026-01-06 17:04:00.359] [13180] [HailoRT] [info] [hef.cpp:1929] [get_network_group_and_network_name] No name was given. Addressing all networks of default network_group: yolov6n
[2026-01-06 17:04:00.426] [13180] [HailoRT] [info] [internal_buffer_manager.cpp:202] [print_execution_results] Default Internal buffer planner failed to meet requirements
[2026-01-06 17:04:00.426] [13180] [HailoRT] [info] [internal_buffer_manager.cpp:212] [print_execution_results] Default Internal buffer planner executed successfully
[2026-01-06 17:04:00.433] [13180] [HailoRT] [info] [device_internal.cpp:57] [configure] Configuring HEF took 11.538908 milliseconds
[2026-01-06 17:04:00.433] [13180] [HailoRT] [info] [vdevice.cpp:749] [configure] Configuring HEF on VDevice took 11.891741 milliseconds
[2026-01-06 17:04:00.433] [13180] [HailoRT] [info] [infer_model.cpp:436] [configure] Configuring network group 'yolov6n' with params: batch size: 2, power mode: PERFORMANCE, latency: NONE
[2026-01-06 17:04:00.433] [13180] [HailoRT] [info] [multi_io_elements.cpp:756] [create] Created (AsyncHwEl)
[2026-01-06 17:04:00.433] [13180] [HailoRT] [info] [queue_elements.cpp:450] [create] Created (EntryPushQEl0yolov6n/input_layer1 | timeout: 10s)
[2026-01-06 17:04:00.433] [13180] [HailoRT] [info] [filter_elements.cpp:101] [create] Created (PreInferEl3yolov6n/input_layer1 | Reorder - src_order: RGB4, src_shape: (640, 640, 3), dst_order: NHCW, dst_shape: (640, 640, 3))
[2026-01-06 17:04:00.433] [13180] [HailoRT] [info] [queue_elements.cpp:450] [create] Created (PushQEl3yolov6n/input_layer1 | timeout: 10s)
[2026-01-06 17:04:00.433] [13180] [HailoRT] [info] [multi_io_elements.cpp:135] [create] Created (NmsPPMuxEl0YOLOX-Post-Process | Op YOLOX, Name: YOLOX-Post-Process, Score threshold: 0.300, IoU threshold: 0.45, Classes: 80, Cross classes: false, NMS results order: BY_CLASS, Max bboxes per class: 100, Image height: 640, Image width: 640)
[2026-01-06 17:04:00.434] [13180] [HailoRT] [info] [queue_elements.cpp:942] [create] Created (MultiPushQEl0YOLOX-Post-Process | timeout: 10s)
[2026-01-06 17:04:00.434] [13180] [HailoRT] [info] [edge_elements.cpp:187] [create] Created (LastAsyncEl0NmsPPMuxEl0YOLOX-Post-Process)
[2026-01-06 17:04:00.434] [13180] [HailoRT] [info] [pipeline.cpp:891] [print_deep_description] EntryPushQEl0yolov6n/input_layer1 | inputs: user | outputs: PreInferEl3yolov6n/input_layer1(running in thread_id: 13786)
[2026-01-06 17:04:00.434] [13180] [HailoRT] [info] [pipeline.cpp:891] [print_deep_description] PreInferEl3yolov6n/input_layer1 | inputs: EntryPushQEl0yolov6n/input_layer1[0] | outputs: PushQEl3yolov6n/input_layer1
[2026-01-06 17:04:00.434] [13180] [HailoRT] [info] [pipeline.cpp:891] [print_deep_description] PushQEl3yolov6n/input_layer1 | inputs: PreInferEl3yolov6n/input_layer1[0] | outputs: AsyncHwEl(running in thread_id: 13787)
[2026-01-06 17:04:00.434] [13180] [HailoRT] [info] [pipeline.cpp:891] [print_deep_description] AsyncHwEl | inputs: PushQEl3yolov6n/input_layer1[0] | outputs: MultiPushQEl0YOLOX-Post-Process MultiPushQEl0YOLOX-Post-Process MultiPushQEl0YOLOX-Post-Process MultiPushQEl0YOLOX-Post-Process MultiPushQEl0YOLOX-Post-Process MultiPushQEl0YOLOX-Post-Process MultiPushQEl0YOLOX-Post-Process MultiPushQEl0YOLOX-Post-Process MultiPushQEl0YOLOX-Post-Process
[2026-01-06 17:04:00.434] [13180] [HailoRT] [info] [pipeline.cpp:891] [print_deep_description] MultiPushQEl0YOLOX-Post-Process | inputs: AsyncHwEl[0] AsyncHwEl[1] AsyncHwEl[2] AsyncHwEl[3] AsyncHwEl[4] AsyncHwEl[5] AsyncHwEl[6] AsyncHwEl[7] AsyncHwEl[8] | outputs: NmsPPMuxEl0YOLOX-Post-Process(running in thread_id: 13788)
[2026-01-06 17:04:00.434] [13180] [HailoRT] [info] [pipeline.cpp:891] [print_deep_description] NmsPPMuxEl0YOLOX-Post-Process | inputs: MultiPushQEl0YOLOX-Post-Process[0] | outputs: LastAsyncEl0NmsPPMuxEl0YOLOX-Post-Process
[2026-01-06 17:04:00.434] [13180] [HailoRT] [info] [pipeline.cpp:891] [print_deep_description] LastAsyncEl0NmsPPMuxEl0YOLOX-Post-Process | inputs: NmsPPMuxEl0YOLOX-Post-Process[0] | outputs: user
[2026-01-06 17:04:02.681] [13778] [HailoRT] [info] [hef.cpp:1929] [get_network_group_and_network_name] No name was given. Addressing all networks of default network_group: yolov6n
[2026-01-06 17:05:49.238] [13180] [HailoRT] [info] [async_infer_runner.cpp:86] [shutdown] Pipeline was aborted. Shutting it down
[2026-01-06 17:05:49.241] [13180] [HailoRT] [info] [queue_elements.cpp:1131] [execute_deactivate] enqueue() in element MultiPushQEl0YOLOX-Post-Process was aborted, got status = HAILO_SHUTDOWN_EVENT_SIGNALED(57)
[2026-01-06 17:05:49.241] [13180] [HailoRT] [info] [queue_elements.cpp:1131] [execute_deactivate] enqueue() in element MultiPushQEl0YOLOX-Post-Process was aborted, got status = HAILO_SHUTDOWN_EVENT_SIGNALED(57)
[2026-01-06 17:05:49.241] [13180] [HailoRT] [info] [queue_elements.cpp:1131] [execute_deactivate] enqueue() in element MultiPushQEl0YOLOX-Post-Process was aborted, got status = HAILO_SHUTDOWN_EVENT_SIGNALED(57)
[2026-01-06 17:05:49.241] [13180] [HailoRT] [info] [queue_elements.cpp:1131] [execute_deactivate] enqueue() in element MultiPushQEl0YOLOX-Post-Process was aborted, got status = HAILO_SHUTDOWN_EVENT_SIGNALED(57)
[2026-01-06 17:05:49.241] [13180] [HailoRT] [info] [queue_elements.cpp:1131] [execute_deactivate] enqueue() in element MultiPushQEl0YOLOX-Post-Process was aborted, got status = HAILO_SHUTDOWN_EVENT_SIGNALED(57)
[2026-01-06 17:05:49.241] [13180] [HailoRT] [info] [queue_elements.cpp:1131] [execute_deactivate] enqueue() in element MultiPushQEl0YOLOX-Post-Process was aborted, got status = HAILO_SHUTDOWN_EVENT_SIGNALED(57)
[2026-01-06 17:05:49.241] [13180] [HailoRT] [info] [queue_elements.cpp:1131] [execute_deactivate] enqueue() in element MultiPushQEl0YOLOX-Post-Process was aborted, got status = HAILO_SHUTDOWN_EVENT_SIGNALED(57)
[2026-01-06 17:05:49.241] [13180] [HailoRT] [info] [queue_elements.cpp:1131] [execute_deactivate] enqueue() in element MultiPushQEl0YOLOX-Post-Process was aborted, got status = HAILO_SHUTDOWN_EVENT_SIGNALED(57)
[2026-01-06 17:05:49.241] [13180] [HailoRT] [info] [queue_elements.cpp:1131] [execute_deactivate] enqueue() in element MultiPushQEl0YOLOX-Post-Process was aborted, got status = HAILO_SHUTDOWN_EVENT_SIGNALED(57)
[2026-01-06 17:05:49.241] [13180] [HailoRT] [info] [queue_elements.cpp:570] [execute_deactivate] enqueue() in element PushQEl3yolov6n/input_layer1 was aborted, got status = HAILO_SHUTDOWN_EVENT_SIGNALED(57)
[2026-01-06 17:05:49.241] [13180] [HailoRT] [info] [queue_elements.cpp:570] [execute_deactivate] enqueue() in element EntryPushQEl0yolov6n/input_layer1 was aborted, got status = HAILO_SHUTDOWN_EVENT_SIGNALED(57)
[2026-01-06 17:05:49.241] [13180] [HailoRT] [info] [queue_elements.cpp:46] [~BaseQueueElement] Queue element EntryPushQEl0yolov6n/input_layer1 has 0 frames in his Queue on destruction
[2026-01-06 17:05:49.241] [13180] [HailoRT] [info] [queue_elements.cpp:46] [~BaseQueueElement] Queue element PushQEl3yolov6n/input_layer1 has 0 frames in his Queue on destruction
[2026-01-06 17:10:00.076] [14409] [HailoRT] [info] [device.cpp:49] [Device] OS Version: Linux 6.12.47+rpt-rpi-2712 #1 SMP PREEMPT Debian 1:6.12.47-1+rpt1~bookworm (2025-09-16) aarch64
[2026-01-06 17:10:00.077] [14409] [HailoRT] [info] [control.cpp:108] [control__parse_identify_results] firmware_version is: 4.20.0
[2026-01-06 17:10:00.078] [14409] [HailoRT] [info] [control.cpp:108] [control__parse_identify_results] firmware_version is: 4.20.0
[2026-01-06 17:10:00.126] [14417] [HailoRT] [info] [device.cpp:49] [Device] OS Version: Linux 6.12.47+rpt-rpi-2712 #1 SMP PREEMPT Debian 1:6.12.47-1+rpt1~bookworm (2025-09-16) aarch64
[2026-01-06 17:10:00.127] [14417] [HailoRT] [info] [control.cpp:108] [control__parse_identify_results] firmware_version is: 4.20.0
[2026-01-06 17:10:00.128] [14417] [HailoRT] [info] [control.cpp:108] [control__parse_identify_results] firmware_version is: 4.20.0
[2026-01-06 17:10:00.178] [14425] [HailoRT] [info] [device.cpp:49] [Device] OS Version: Linux 6.12.47+rpt-rpi-2712 #1 SMP PREEMPT Debian 1:6.12.47-1+rpt1~bookworm (2025-09-16) aarch64
[2026-01-06 17:10:00.179] [14425] [HailoRT] [info] [control.cpp:108] [control__parse_identify_results] firmware_version is: 4.20.0
[2026-01-06 17:10:00.180] [14425] [HailoRT] [info] [control.cpp:108] [control__parse_identify_results] firmware_version is: 4.20.0
[2026-01-06 17:10:00.270] [13850] [HailoRT] [info] [vdevice.cpp:523] [create] Creating vdevice with params: device_count: 1, scheduling_algorithm: ROUND_ROBIN, multi_process_service: false
[2026-01-06 17:10:00.282] [13850] [HailoRT] [info] [device.cpp:49] [Device] OS Version: Linux 6.12.47+rpt-rpi-2712 #1 SMP PREEMPT Debian 1:6.12.47-1+rpt1~bookworm (2025-09-16) aarch64
[2026-01-06 17:10:00.283] [13850] [HailoRT] [info] [control.cpp:108] [control__parse_identify_results] firmware_version is: 4.20.0
[2026-01-06 17:10:00.283] [13850] [HailoRT] [info] [vdevice.cpp:651] [create] VDevice Infos: 0001:01:00.0
[2026-01-06 17:10:00.304] [13850] [HailoRT] [info] [hef.cpp:1929] [get_network_group_and_network_name] No name was given. Addressing all networks of default network_group: yolov6n
[2026-01-06 17:10:00.304] [13850] [HailoRT] [info] [hef.cpp:1929] [get_network_group_and_network_name] No name was given. Addressing all networks of default network_group: yolov6n
[2026-01-06 17:10:00.374] [13850] [HailoRT] [info] [internal_buffer_manager.cpp:202] [print_execution_results] Default Internal buffer planner failed to meet requirements
[2026-01-06 17:10:00.374] [13850] [HailoRT] [info] [internal_buffer_manager.cpp:212] [print_execution_results] Default Internal buffer planner executed successfully
[2026-01-06 17:10:00.380] [13850] [HailoRT] [info] [device_internal.cpp:57] [configure] Configuring HEF took 11.804556 milliseconds
[2026-01-06 17:10:00.381] [13850] [HailoRT] [info] [vdevice.cpp:749] [configure] Configuring HEF on VDevice took 12.140167 milliseconds
[2026-01-06 17:10:00.381] [13850] [HailoRT] [info] [infer_model.cpp:436] [configure] Configuring network group 'yolov6n' with params: batch size: 2, power mode: PERFORMANCE, latency: NONE
[2026-01-06 17:10:00.381] [13850] [HailoRT] [info] [multi_io_elements.cpp:756] [create] Created (AsyncHwEl)
[2026-01-06 17:10:00.381] [13850] [HailoRT] [info] [queue_elements.cpp:450] [create] Created (EntryPushQEl0yolov6n/input_layer1 | timeout: 10s)
[2026-01-06 17:10:00.381] [13850] [HailoRT] [info] [filter_elements.cpp:101] [create] Created (PreInferEl3yolov6n/input_layer1 | Reorder - src_order: RGB4, src_shape: (640, 640, 3), dst_order: NHCW, dst_shape: (640, 640, 3))
[2026-01-06 17:10:00.381] [13850] [HailoRT] [info] [queue_elements.cpp:450] [create] Created (PushQEl3yolov6n/input_layer1 | timeout: 10s)
[2026-01-06 17:10:00.381] [13850] [HailoRT] [info] [multi_io_elements.cpp:135] [create] Created (NmsPPMuxEl0YOLOX-Post-Process | Op YOLOX, Name: YOLOX-Post-Process, Score threshold: 0.300, IoU threshold: 0.45, Classes: 80, Cross classes: false, NMS results order: BY_CLASS, Max bboxes per class: 100, Image height: 640, Image width: 640)
[2026-01-06 17:10:00.382] [13850] [HailoRT] [info] [queue_elements.cpp:942] [create] Created (MultiPushQEl0YOLOX-Post-Process | timeout: 10s)
[2026-01-06 17:10:00.382] [13850] [HailoRT] [info] [edge_elements.cpp:187] [create] Created (LastAsyncEl0NmsPPMuxEl0YOLOX-Post-Process)
[2026-01-06 17:10:00.382] [13850] [HailoRT] [info] [pipeline.cpp:891] [print_deep_description] EntryPushQEl0yolov6n/input_layer1 | inputs: user | outputs: PreInferEl3yolov6n/input_layer1(running in thread_id: 14456)
[2026-01-06 17:10:00.382] [13850] [HailoRT] [info] [pipeline.cpp:891] [print_deep_description] PreInferEl3yolov6n/input_layer1 | inputs: EntryPushQEl0yolov6n/input_layer1[0] | outputs: PushQEl3yolov6n/input_layer1
[2026-01-06 17:10:00.382] [13850] [HailoRT] [info] [pipeline.cpp:891] [print_deep_description] PushQEl3yolov6n/input_layer1 | inputs: PreInferEl3yolov6n/input_layer1[0] | outputs: AsyncHwEl(running in thread_id: 14457)
[2026-01-06 17:10:00.382] [13850] [HailoRT] [info] [pipeline.cpp:891] [print_deep_description] AsyncHwEl | inputs: PushQEl3yolov6n/input_layer1[0] | outputs: MultiPushQEl0YOLOX-Post-Process MultiPushQEl0YOLOX-Post-Process MultiPushQEl0YOLOX-Post-Process MultiPushQEl0YOLOX-Post-Process MultiPushQEl0YOLOX-Post-Process MultiPushQEl0YOLOX-Post-Process MultiPushQEl0YOLOX-Post-Process MultiPushQEl0YOLOX-Post-Process MultiPushQEl0YOLOX-Post-Process
[2026-01-06 17:10:00.382] [13850] [HailoRT] [info] [pipeline.cpp:891] [print_deep_description] MultiPushQEl0YOLOX-Post-Process | inputs: AsyncHwEl[0] AsyncHwEl[1] AsyncHwEl[2] AsyncHwEl[3] AsyncHwEl[4] AsyncHwEl[5] AsyncHwEl[6] AsyncHwEl[7] AsyncHwEl[8] | outputs: NmsPPMuxEl0YOLOX-Post-Process(running in thread_id: 14458)
[2026-01-06 17:10:00.382] [13850] [HailoRT] [info] [pipeline.cpp:891] [print_deep_description] NmsPPMuxEl0YOLOX-Post-Process | inputs: MultiPushQEl0YOLOX-Post-Process[0] | outputs: LastAsyncEl0NmsPPMuxEl0YOLOX-Post-Process
[2026-01-06 17:10:00.382] [13850] [HailoRT] [info] [pipeline.cpp:891] [print_deep_description] LastAsyncEl0NmsPPMuxEl0YOLOX-Post-Process | inputs: NmsPPMuxEl0YOLOX-Post-Process[0] | outputs: user
[2026-01-06 17:10:02.603] [14448] [HailoRT] [info] [hef.cpp:1929] [get_network_group_and_network_name] No name was given. Addressing all networks of default network_group: yolov6n
[2026-01-06 17:17:00.089] [16049] [HailoRT] [info] [device.cpp:49] [Device] OS Version: Linux 6.12.47+rpt-rpi-2712 #1 SMP PREEMPT Debian 1:6.12.47-1+rpt1~bookworm (2025-09-16) aarch64
[2026-01-06 17:17:00.090] [16049] [HailoRT] [info] [control.cpp:108] [control__parse_identify_results] firmware_version is: 4.20.0
[2026-01-06 17:17:00.091] [16049] [HailoRT] [info] [control.cpp:108] [control__parse_identify_results] firmware_version is: 4.20.0
[2026-01-06 17:17:00.142] [16057] [HailoRT] [info] [device.cpp:49] [Device] OS Version: Linux 6.12.47+rpt-rpi-2712 #1 SMP PREEMPT Debian 1:6.12.47-1+rpt1~bookworm (2025-09-16) aarch64
[2026-01-06 17:17:00.143] [16057] [HailoRT] [info] [control.cpp:108] [control__parse_identify_results] firmware_version is: 4.20.0
[2026-01-06 17:17:00.144] [16057] [HailoRT] [info] [control.cpp:108] [control__parse_identify_results] firmware_version is: 4.20.0
[2026-01-06 17:17:00.198] [16065] [HailoRT] [info] [device.cpp:49] [Device] OS Version: Linux 6.12.47+rpt-rpi-2712 #1 SMP PREEMPT Debian 1:6.12.47-1+rpt1~bookworm (2025-09-16) aarch64
[2026-01-06 17:17:00.199] [16065] [HailoRT] [info] [control.cpp:108] [control__parse_identify_results] firmware_version is: 4.20.0
[2026-01-06 17:17:00.200] [16065] [HailoRT] [info] [control.cpp:108] [control__parse_identify_results] firmware_version is: 4.20.0
[2026-01-06 17:17:00.320] [15482] [HailoRT] [info] [vdevice.cpp:523] [create] Creating vdevice with params: device_count: 1, scheduling_algorithm: ROUND_ROBIN, multi_process_service: false
[2026-01-06 17:17:00.331] [15482] [HailoRT] [info] [device.cpp:49] [Device] OS Version: Linux 6.12.47+rpt-rpi-2712 #1 SMP PREEMPT Debian 1:6.12.47-1+rpt1~bookworm (2025-09-16) aarch64
[2026-01-06 17:17:00.332] [15482] [HailoRT] [info] [control.cpp:108] [control__parse_identify_results] firmware_version is: 4.20.0
[2026-01-06 17:17:00.332] [15482] [HailoRT] [info] [vdevice.cpp:651] [create] VDevice Infos: 0001:01:00.0
[2026-01-06 17:17:00.354] [15482] [HailoRT] [info] [hef.cpp:1929] [get_network_group_and_network_name] No name was given. Addressing all networks of default network_group: yolov6n
[2026-01-06 17:17:00.354] [15482] [HailoRT] [info] [hef.cpp:1929] [get_network_group_and_network_name] No name was given. Addressing all networks of default network_group: yolov6n
[2026-01-06 17:17:00.426] [15482] [HailoRT] [info] [internal_buffer_manager.cpp:202] [print_execution_results] Default Internal buffer planner failed to meet requirements
[2026-01-06 17:17:00.426] [15482] [HailoRT] [info] [internal_buffer_manager.cpp:212] [print_execution_results] Default Internal buffer planner executed successfully
[2026-01-06 17:17:00.432] [15482] [HailoRT] [info] [device_internal.cpp:57] [configure] Configuring HEF took 12.090556 milliseconds
[2026-01-06 17:17:00.433] [15482] [HailoRT] [info] [vdevice.cpp:749] [configure] Configuring HEF on VDevice took 12.479796 milliseconds
[2026-01-06 17:17:00.433] [15482] [HailoRT] [info] [infer_model.cpp:436] [configure] Configuring network group 'yolov6n' with params: batch size: 2, power mode: PERFORMANCE, latency: NONE
[2026-01-06 17:17:00.433] [15482] [HailoRT] [info] [multi_io_elements.cpp:756] [create] Created (AsyncHwEl)
[2026-01-06 17:17:00.433] [15482] [HailoRT] [info] [queue_elements.cpp:450] [create] Created (EntryPushQEl0yolov6n/input_layer1 | timeout: 10s)
[2026-01-06 17:17:00.433] [15482] [HailoRT] [info] [filter_elements.cpp:101] [create] Created (PreInferEl3yolov6n/input_layer1 | Reorder - src_order: RGB4, src_shape: (640, 640, 3), dst_order: NHCW, dst_shape: (640, 640, 3))
[2026-01-06 17:17:00.433] [15482] [HailoRT] [info] [queue_elements.cpp:450] [create] Created (PushQEl3yolov6n/input_layer1 | timeout: 10s)
[2026-01-06 17:17:00.433] [15482] [HailoRT] [info] [multi_io_elements.cpp:135] [create] Created (NmsPPMuxEl0YOLOX-Post-Process | Op YOLOX, Name: YOLOX-Post-Process, Score threshold: 0.300, IoU threshold: 0.45, Classes: 80, Cross classes: false, NMS results order: BY_CLASS, Max bboxes per class: 100, Image height: 640, Image width: 640)
[2026-01-06 17:17:00.434] [15482] [HailoRT] [info] [queue_elements.cpp:942] [create] Created (MultiPushQEl0YOLOX-Post-Process | timeout: 10s)
[2026-01-06 17:17:00.434] [15482] [HailoRT] [info] [edge_elements.cpp:187] [create] Created (LastAsyncEl0NmsPPMuxEl0YOLOX-Post-Process)
[2026-01-06 17:17:00.434] [15482] [HailoRT] [info] [pipeline.cpp:891] [print_deep_description] EntryPushQEl0yolov6n/input_layer1 | inputs: user | outputs: PreInferEl3yolov6n/input_layer1(running in thread_id: 16096)
[2026-01-06 17:17:00.434] [15482] [HailoRT] [info] [pipeline.cpp:891] [print_deep_description] PreInferEl3yolov6n/input_layer1 | inputs: EntryPushQEl0yolov6n/input_layer1[0] | outputs: PushQEl3yolov6n/input_layer1
[2026-01-06 17:17:00.434] [15482] [HailoRT] [info] [pipeline.cpp:891] [print_deep_description] PushQEl3yolov6n/input_layer1 | inputs: PreInferEl3yolov6n/input_layer1[0] | outputs: AsyncHwEl(running in thread_id: 16097)
[2026-01-06 17:17:00.434] [15482] [HailoRT] [info] [pipeline.cpp:891] [print_deep_description] AsyncHwEl | inputs: PushQEl3yolov6n/input_layer1[0] | outputs: MultiPushQEl0YOLOX-Post-Process MultiPushQEl0YOLOX-Post-Process MultiPushQEl0YOLOX-Post-Process MultiPushQEl0YOLOX-Post-Process MultiPushQEl0YOLOX-Post-Process MultiPushQEl0YOLOX-Post-Process MultiPushQEl0YOLOX-Post-Process MultiPushQEl0YOLOX-Post-Process MultiPushQEl0YOLOX-Post-Process
[2026-01-06 17:17:00.434] [15482] [HailoRT] [info] [pipeline.cpp:891] [print_deep_description] MultiPushQEl0YOLOX-Post-Process | inputs: AsyncHwEl[0] AsyncHwEl[1] AsyncHwEl[2] AsyncHwEl[3] AsyncHwEl[4] AsyncHwEl[5] AsyncHwEl[6] AsyncHwEl[7] AsyncHwEl[8] | outputs: NmsPPMuxEl0YOLOX-Post-Process(running in thread_id: 16098)
[2026-01-06 17:17:00.434] [15482] [HailoRT] [info] [pipeline.cpp:891] [print_deep_description] NmsPPMuxEl0YOLOX-Post-Process | inputs: MultiPushQEl0YOLOX-Post-Process[0] | outputs: LastAsyncEl0NmsPPMuxEl0YOLOX-Post-Process
[2026-01-06 17:17:00.434] [15482] [HailoRT] [info] [pipeline.cpp:891] [print_deep_description] LastAsyncEl0NmsPPMuxEl0YOLOX-Post-Process | inputs: NmsPPMuxEl0YOLOX-Post-Process[0] | outputs: user
[2026-01-06 17:17:02.680] [16088] [HailoRT] [info] [hef.cpp:1929] [get_network_group_and_network_name] No name was given. Addressing all networks of default network_group: yolov6n
[2026-01-06 17:18:30.363] [15482] [HailoRT] [info] [async_infer_runner.cpp:86] [shutdown] Pipeline was aborted. Shutting it down
[2026-01-06 17:18:30.364] [15482] [HailoRT] [info] [queue_elements.cpp:1131] [execute_deactivate] enqueue() in element MultiPushQEl0YOLOX-Post-Process was aborted, got status = HAILO_SHUTDOWN_EVENT_SIGNALED(57)
[2026-01-06 17:18:30.364] [15482] [HailoRT] [info] [queue_elements.cpp:1131] [execute_deactivate] enqueue() in element MultiPushQEl0YOLOX-Post-Process was aborted, got status = HAILO_SHUTDOWN_EVENT_SIGNALED(57)
[2026-01-06 17:18:30.364] [15482] [HailoRT] [info] [queue_elements.cpp:1131] [execute_deactivate] enqueue() in element MultiPushQEl0YOLOX-Post-Process was aborted, got status = HAILO_SHUTDOWN_EVENT_SIGNALED(57)
[2026-01-06 17:18:30.364] [15482] [HailoRT] [info] [queue_elements.cpp:1131] [execute_deactivate] enqueue() in element MultiPushQEl0YOLOX-Post-Process was aborted, got status = HAILO_SHUTDOWN_EVENT_SIGNALED(57)
[2026-01-06 17:18:30.364] [15482] [HailoRT] [info] [queue_elements.cpp:1131] [execute_deactivate] enqueue() in element MultiPushQEl0YOLOX-Post-Process was aborted, got status = HAILO_SHUTDOWN_EVENT_SIGNALED(57)
[2026-01-06 17:18:30.364] [15482] [HailoRT] [info] [queue_elements.cpp:1131] [execute_deactivate] enqueue() in element MultiPushQEl0YOLOX-Post-Process was aborted, got status = HAILO_SHUTDOWN_EVENT_SIGNALED(57)
[2026-01-06 17:18:30.364] [15482] [HailoRT] [info] [queue_elements.cpp:1131] [execute_deactivate] enqueue() in element MultiPushQEl0YOLOX-Post-Process was aborted, got status = HAILO_SHUTDOWN_EVENT_SIGNALED(57)
[2026-01-06 17:18:30.364] [15482] [HailoRT] [info] [queue_elements.cpp:1131] [execute_deactivate] enqueue() in element MultiPushQEl0YOLOX-Post-Process was aborted, got status = HAILO_SHUTDOWN_EVENT_SIGNALED(57)
[2026-01-06 17:18:30.364] [15482] [HailoRT] [info] [queue_elements.cpp:1131] [execute_deactivate] enqueue() in element MultiPushQEl0YOLOX-Post-Process was aborted, got status = HAILO_SHUTDOWN_EVENT_SIGNALED(57)
[2026-01-06 17:18:30.364] [15482] [HailoRT] [info] [queue_elements.cpp:570] [execute_deactivate] enqueue() in element PushQEl3yolov6n/input_layer1 was aborted, got status = HAILO_SHUTDOWN_EVENT_SIGNALED(57)
[2026-01-06 17:18:30.364] [15482] [HailoRT] [info] [queue_elements.cpp:570] [execute_deactivate] enqueue() in element EntryPushQEl0yolov6n/input_layer1 was aborted, got status = HAILO_SHUTDOWN_EVENT_SIGNALED(57)
[2026-01-06 17:18:30.364] [15482] [HailoRT] [info] [queue_elements.cpp:46] [~BaseQueueElement] Queue element EntryPushQEl0yolov6n/input_layer1 has 0 frames in his Queue on destruction
[2026-01-06 17:18:30.364] [15482] [HailoRT] [info] [queue_elements.cpp:46] [~BaseQueueElement] Queue element PushQEl3yolov6n/input_layer1 has 0 frames in his Queue on destruction
[2026-01-06 17:26:00.084] [16834] [HailoRT] [info] [device.cpp:49] [Device] OS Version: Linux 6.12.47+rpt-rpi-2712 #1 SMP PREEMPT Debian 1:6.12.47-1+rpt1~bookworm (2025-09-16) aarch64
[2026-01-06 17:26:00.085] [16834] [HailoRT] [info] [control.cpp:108] [control__parse_identify_results] firmware_version is: 4.20.0
[2026-01-06 17:26:00.086] [16834] [HailoRT] [info] [control.cpp:108] [control__parse_identify_results] firmware_version is: 4.20.0
[2026-01-06 17:26:00.138] [16842] [HailoRT] [info] [device.cpp:49] [Device] OS Version: Linux 6.12.47+rpt-rpi-2712 #1 SMP PREEMPT Debian 1:6.12.47-1+rpt1~bookworm (2025-09-16) aarch64
[2026-01-06 17:26:00.139] [16842] [HailoRT] [info] [control.cpp:108] [control__parse_identify_results] firmware_version is: 4.20.0
[2026-01-06 17:26:00.140] [16842] [HailoRT] [info] [control.cpp:108] [control__parse_identify_results] firmware_version is: 4.20.0
[2026-01-06 17:26:00.191] [16850] [HailoRT] [info] [device.cpp:49] [Device] OS Version: Linux 6.12.47+rpt-rpi-2712 #1 SMP PREEMPT Debian 1:6.12.47-1+rpt1~bookworm (2025-09-16) aarch64
[2026-01-06 17:26:00.192] [16850] [HailoRT] [info] [control.cpp:108] [control__parse_identify_results] firmware_version is: 4.20.0
[2026-01-06 17:26:00.194] [16850] [HailoRT] [info] [control.cpp:108] [control__parse_identify_results] firmware_version is: 4.20.0
[2026-01-06 17:26:00.297] [16275] [HailoRT] [info] [vdevice.cpp:523] [create] Creating vdevice with params: device_count: 1, scheduling_algorithm: ROUND_ROBIN, multi_process_service: false
[2026-01-06 17:26:00.310] [16275] [HailoRT] [info] [device.cpp:49] [Device] OS Version: Linux 6.12.47+rpt-rpi-2712 #1 SMP PREEMPT Debian 1:6.12.47-1+rpt1~bookworm (2025-09-16) aarch64
[2026-01-06 17:26:00.311] [16275] [HailoRT] [info] [control.cpp:108] [control__parse_identify_results] firmware_version is: 4.20.0
[2026-01-06 17:26:00.311] [16275] [HailoRT] [info] [vdevice.cpp:651] [create] VDevice Infos: 0001:01:00.0
[2026-01-06 17:26:00.333] [16275] [HailoRT] [info] [hef.cpp:1929] [get_network_group_and_network_name] No name was given. Addressing all networks of default network_group: yolov6n
[2026-01-06 17:26:00.333] [16275] [HailoRT] [info] [hef.cpp:1929] [get_network_group_and_network_name] No name was given. Addressing all networks of default network_group: yolov6n
[2026-01-06 17:26:00.405] [16275] [HailoRT] [info] [internal_buffer_manager.cpp:202] [print_execution_results] Default Internal buffer planner failed to meet requirements
[2026-01-06 17:26:00.405] [16275] [HailoRT] [info] [internal_buffer_manager.cpp:212] [print_execution_results] Default Internal buffer planner executed successfully
[2026-01-06 17:26:00.411] [16275] [HailoRT] [info] [device_internal.cpp:57] [configure] Configuring HEF took 13.716334 milliseconds
[2026-01-06 17:26:00.411] [16275] [HailoRT] [info] [vdevice.cpp:749] [configure] Configuring HEF on VDevice took 14.068278 milliseconds
[2026-01-06 17:26:00.411] [16275] [HailoRT] [info] [infer_model.cpp:436] [configure] Configuring network group 'yolov6n' with params: batch size: 2, power mode: PERFORMANCE, latency: NONE
[2026-01-06 17:26:00.411] [16275] [HailoRT] [info] [multi_io_elements.cpp:756] [create] Created (AsyncHwEl)
[2026-01-06 17:26:00.412] [16275] [HailoRT] [info] [queue_elements.cpp:450] [create] Created (EntryPushQEl0yolov6n/input_layer1 | timeout: 10s)
[2026-01-06 17:26:00.412] [16275] [HailoRT] [info] [filter_elements.cpp:101] [create] Created (PreInferEl3yolov6n/input_layer1 | Reorder - src_order: RGB4, src_shape: (640, 640, 3), dst_order: NHCW, dst_shape: (640, 640, 3))
[2026-01-06 17:26:00.412] [16275] [HailoRT] [info] [queue_elements.cpp:450] [create] Created (PushQEl3yolov6n/input_layer1 | timeout: 10s)
[2026-01-06 17:26:00.412] [16275] [HailoRT] [info] [multi_io_elements.cpp:135] [create] Created (NmsPPMuxEl0YOLOX-Post-Process | Op YOLOX, Name: YOLOX-Post-Process, Score threshold: 0.300, IoU threshold: 0.45, Classes: 80, Cross classes: false, NMS results order: BY_CLASS, Max bboxes per class: 100, Image height: 640, Image width: 640)
[2026-01-06 17:26:00.412] [16275] [HailoRT] [info] [queue_elements.cpp:942] [create] Created (MultiPushQEl0YOLOX-Post-Process | timeout: 10s)
[2026-01-06 17:26:00.412] [16275] [HailoRT] [info] [edge_elements.cpp:187] [create] Created (LastAsyncEl0NmsPPMuxEl0YOLOX-Post-Process)
[2026-01-06 17:26:00.412] [16275] [HailoRT] [info] [pipeline.cpp:891] [print_deep_description] EntryPushQEl0yolov6n/input_layer1 | inputs: user | outputs: PreInferEl3yolov6n/input_layer1(running in thread_id: 16881)
[2026-01-06 17:26:00.412] [16275] [HailoRT] [info] [pipeline.cpp:891] [print_deep_description] PreInferEl3yolov6n/input_layer1 | inputs: EntryPushQEl0yolov6n/input_layer1[0] | outputs: PushQEl3yolov6n/input_layer1
[2026-01-06 17:26:00.412] [16275] [HailoRT] [info] [pipeline.cpp:891] [print_deep_description] PushQEl3yolov6n/input_layer1 | inputs: PreInferEl3yolov6n/input_layer1[0] | outputs: AsyncHwEl(running in thread_id: 16882)
[2026-01-06 17:26:00.412] [16275] [HailoRT] [info] [pipeline.cpp:891] [print_deep_description] AsyncHwEl | inputs: PushQEl3yolov6n/input_layer1[0] | outputs: MultiPushQEl0YOLOX-Post-Process MultiPushQEl0YOLOX-Post-Process MultiPushQEl0YOLOX-Post-Process MultiPushQEl0YOLOX-Post-Process MultiPushQEl0YOLOX-Post-Process MultiPushQEl0YOLOX-Post-Process MultiPushQEl0YOLOX-Post-Process MultiPushQEl0YOLOX-Post-Process MultiPushQEl0YOLOX-Post-Process
[2026-01-06 17:26:00.412] [16275] [HailoRT] [info] [pipeline.cpp:891] [print_deep_description] MultiPushQEl0YOLOX-Post-Process | inputs: AsyncHwEl[0] AsyncHwEl[1] AsyncHwEl[2] AsyncHwEl[3] AsyncHwEl[4] AsyncHwEl[5] AsyncHwEl[6] AsyncHwEl[7] AsyncHwEl[8] | outputs: NmsPPMuxEl0YOLOX-Post-Process(running in thread_id: 16883)
[2026-01-06 17:26:00.412] [16275] [HailoRT] [info] [pipeline.cpp:891] [print_deep_description] NmsPPMuxEl0YOLOX-Post-Process | inputs: MultiPushQEl0YOLOX-Post-Process[0] | outputs: LastAsyncEl0NmsPPMuxEl0YOLOX-Post-Process
[2026-01-06 17:26:00.412] [16275] [HailoRT] [info] [pipeline.cpp:891] [print_deep_description] LastAsyncEl0NmsPPMuxEl0YOLOX-Post-Process | inputs: NmsPPMuxEl0YOLOX-Post-Process[0] | outputs: user
[2026-01-06 17:26:02.623] [16873] [HailoRT] [info] [hef.cpp:1929] [get_network_group_and_network_name] No name was given. Addressing all networks of default network_group: yolov6n
[2026-01-06 17:26:19.420] [16275] [HailoRT] [info] [async_infer_runner.cpp:86] [shutdown] Pipeline was aborted. Shutting it down
[2026-01-06 17:26:19.420] [16275] [HailoRT] [info] [queue_elements.cpp:1131] [execute_deactivate] enqueue() in element MultiPushQEl0YOLOX-Post-Process was aborted, got status = HAILO_SHUTDOWN_EVENT_SIGNALED(57)
[2026-01-06 17:26:19.420] [16275] [HailoRT] [info] [queue_elements.cpp:1131] [execute_deactivate] enqueue() in element MultiPushQEl0YOLOX-Post-Process was aborted, got status = HAILO_SHUTDOWN_EVENT_SIGNALED(57)
[2026-01-06 17:26:19.420] [16275] [HailoRT] [info] [queue_elements.cpp:1131] [execute_deactivate] enqueue() in element MultiPushQEl0YOLOX-Post-Process was aborted, got status = HAILO_SHUTDOWN_EVENT_SIGNALED(57)
[2026-01-06 17:26:19.420] [16275] [HailoRT] [info] [queue_elements.cpp:1131] [execute_deactivate] enqueue() in element MultiPushQEl0YOLOX-Post-Process was aborted, got status = HAILO_SHUTDOWN_EVENT_SIGNALED(57)
[2026-01-06 17:26:19.420] [16275] [HailoRT] [info] [queue_elements.cpp:1131] [execute_deactivate] enqueue() in element MultiPushQEl0YOLOX-Post-Process was aborted, got status = HAILO_SHUTDOWN_EVENT_SIGNALED(57)
[2026-01-06 17:26:19.420] [16275] [HailoRT] [info] [queue_elements.cpp:1131] [execute_deactivate] enqueue() in element MultiPushQEl0YOLOX-Post-Process was aborted, got status = HAILO_SHUTDOWN_EVENT_SIGNALED(57)
[2026-01-06 17:26:19.420] [16275] [HailoRT] [info] [queue_elements.cpp:1131] [execute_deactivate] enqueue() in element MultiPushQEl0YOLOX-Post-Process was aborted, got status = HAILO_SHUTDOWN_EVENT_SIGNALED(57)
[2026-01-06 17:26:19.420] [16275] [HailoRT] [info] [queue_elements.cpp:1131] [execute_deactivate] enqueue() in element MultiPushQEl0YOLOX-Post-Process was aborted, got status = HAILO_SHUTDOWN_EVENT_SIGNALED(57)
[2026-01-06 17:26:19.420] [16275] [HailoRT] [info] [queue_elements.cpp:1131] [execute_deactivate] enqueue() in element MultiPushQEl0YOLOX-Post-Process was aborted, got status = HAILO_SHUTDOWN_EVENT_SIGNALED(57)
[2026-01-06 17:26:19.420] [16275] [HailoRT] [info] [queue_elements.cpp:570] [execute_deactivate] enqueue() in element PushQEl3yolov6n/input_layer1 was aborted, got status = HAILO_SHUTDOWN_EVENT_SIGNALED(57)
[2026-01-06 17:26:19.420] [16275] [HailoRT] [info] [queue_elements.cpp:570] [execute_deactivate] enqueue() in element EntryPushQEl0yolov6n/input_layer1 was aborted, got status = HAILO_SHUTDOWN_EVENT_SIGNALED(57)
[2026-01-06 17:26:19.420] [16275] [HailoRT] [info] [queue_elements.cpp:46] [~BaseQueueElement] Queue element EntryPushQEl0yolov6n/input_layer1 has 0 frames in his Queue on destruction
[2026-01-06 17:26:19.420] [16275] [HailoRT] [info] [queue_elements.cpp:46] [~BaseQueueElement] Queue element PushQEl3yolov6n/input_layer1 has 0 frames in his Queue on destruction
[2026-01-06 17:55:00.080] [20971] [HailoRT] [info] [device.cpp:49] [Device] OS Version: Linux 6.12.47+rpt-rpi-2712 #1 SMP PREEMPT Debian 1:6.12.47-1+rpt1~bookworm (2025-09-16) aarch64
[2026-01-06 17:55:00.081] [20971] [HailoRT] [info] [control.cpp:108] [control__parse_identify_results] firmware_version is: 4.20.0
[2026-01-06 17:55:00.082] [20971] [HailoRT] [info] [control.cpp:108] [control__parse_identify_results] firmware_version is: 4.20.0
[2026-01-06 17:55:00.140] [20979] [HailoRT] [info] [device.cpp:49] [Device] OS Version: Linux 6.12.47+rpt-rpi-2712 #1 SMP PREEMPT Debian 1:6.12.47-1+rpt1~bookworm (2025-09-16) aarch64
[2026-01-06 17:55:00.142] [20979] [HailoRT] [info] [control.cpp:108] [control__parse_identify_results] firmware_version is: 4.20.0
[2026-01-06 17:55:00.143] [20979] [HailoRT] [info] [control.cpp:108] [control__parse_identify_results] firmware_version is: 4.20.0
[2026-01-06 17:55:00.198] [20987] [HailoRT] [info] [device.cpp:49] [Device] OS Version: Linux 6.12.47+rpt-rpi-2712 #1 SMP PREEMPT Debian 1:6.12.47-1+rpt1~bookworm (2025-09-16) aarch64
[2026-01-06 17:55:00.200] [20987] [HailoRT] [info] [control.cpp:108] [control__parse_identify_results] firmware_version is: 4.20.0
[2026-01-06 17:55:00.201] [20987] [HailoRT] [info] [control.cpp:108] [control__parse_identify_results] firmware_version is: 4.20.0
[2026-01-06 17:55:00.306] [20414] [HailoRT] [info] [vdevice.cpp:523] [create] Creating vdevice with params: device_count: 1, scheduling_algorithm: ROUND_ROBIN, multi_process_service: false
[2026-01-06 17:55:00.318] [20414] [HailoRT] [info] [device.cpp:49] [Device] OS Version: Linux 6.12.47+rpt-rpi-2712 #1 SMP PREEMPT Debian 1:6.12.47-1+rpt1~bookworm (2025-09-16) aarch64
[2026-01-06 17:55:00.322] [20414] [HailoRT] [info] [control.cpp:108] [control__parse_identify_results] firmware_version is: 4.20.0
[2026-01-06 17:55:00.322] [20414] [HailoRT] [info] [vdevice.cpp:651] [create] VDevice Infos: 0001:01:00.0
[2026-01-06 17:55:00.342] [20414] [HailoRT] [info] [hef.cpp:1929] [get_network_group_and_network_name] No name was given. Addressing all networks of default network_group: yolov6n
[2026-01-06 17:55:00.342] [20414] [HailoRT] [info] [hef.cpp:1929] [get_network_group_and_network_name] No name was given. Addressing all networks of default network_group: yolov6n
[2026-01-06 17:55:00.411] [20414] [HailoRT] [info] [internal_buffer_manager.cpp:202] [print_execution_results] Default Internal buffer planner failed to meet requirements
[2026-01-06 17:55:00.411] [20414] [HailoRT] [info] [internal_buffer_manager.cpp:212] [print_execution_results] Default Internal buffer planner executed successfully
[2026-01-06 17:55:00.417] [20414] [HailoRT] [info] [device_internal.cpp:57] [configure] Configuring HEF took 13.924273 milliseconds
[2026-01-06 17:55:00.417] [20414] [HailoRT] [info] [vdevice.cpp:749] [configure] Configuring HEF on VDevice took 14.291326 milliseconds
[2026-01-06 17:55:00.417] [20414] [HailoRT] [info] [infer_model.cpp:436] [configure] Configuring network group 'yolov6n' with params: batch size: 2, power mode: PERFORMANCE, latency: NONE
[2026-01-06 17:55:00.418] [20414] [HailoRT] [info] [multi_io_elements.cpp:756] [create] Created (AsyncHwEl)
[2026-01-06 17:55:00.418] [20414] [HailoRT] [info] [queue_elements.cpp:450] [create] Created (EntryPushQEl0yolov6n/input_layer1 | timeout: 10s)
[2026-01-06 17:55:00.418] [20414] [HailoRT] [info] [filter_elements.cpp:101] [create] Created (PreInferEl3yolov6n/input_layer1 | Reorder - src_order: RGB4, src_shape: (640, 640, 3), dst_order: NHCW, dst_shape: (640, 640, 3))
[2026-01-06 17:55:00.418] [20414] [HailoRT] [info] [queue_elements.cpp:450] [create] Created (PushQEl3yolov6n/input_layer1 | timeout: 10s)
[2026-01-06 17:55:00.418] [20414] [HailoRT] [info] [multi_io_elements.cpp:135] [create] Created (NmsPPMuxEl0YOLOX-Post-Process | Op YOLOX, Name: YOLOX-Post-Process, Score threshold: 0.300, IoU threshold: 0.45, Classes: 80, Cross classes: false, NMS results order: BY_CLASS, Max bboxes per class: 100, Image height: 640, Image width: 640)
[2026-01-06 17:55:00.418] [20414] [HailoRT] [info] [queue_elements.cpp:942] [create] Created (MultiPushQEl0YOLOX-Post-Process | timeout: 10s)
[2026-01-06 17:55:00.418] [20414] [HailoRT] [info] [edge_elements.cpp:187] [create] Created (LastAsyncEl0NmsPPMuxEl0YOLOX-Post-Process)
[2026-01-06 17:55:00.418] [20414] [HailoRT] [info] [pipeline.cpp:891] [print_deep_description] EntryPushQEl0yolov6n/input_layer1 | inputs: user | outputs: PreInferEl3yolov6n/input_layer1(running in thread_id: 21018)
[2026-01-06 17:55:00.418] [20414] [HailoRT] [info] [pipeline.cpp:891] [print_deep_description] PreInferEl3yolov6n/input_layer1 | inputs: EntryPushQEl0yolov6n/input_layer1[0] | outputs: PushQEl3yolov6n/input_layer1
[2026-01-06 17:55:00.418] [20414] [HailoRT] [info] [pipeline.cpp:891] [print_deep_description] PushQEl3yolov6n/input_layer1 | inputs: PreInferEl3yolov6n/input_layer1[0] | outputs: AsyncHwEl(running in thread_id: 21019)
[2026-01-06 17:55:00.418] [20414] [HailoRT] [info] [pipeline.cpp:891] [print_deep_description] AsyncHwEl | inputs: PushQEl3yolov6n/input_layer1[0] | outputs: MultiPushQEl0YOLOX-Post-Process MultiPushQEl0YOLOX-Post-Process MultiPushQEl0YOLOX-Post-Process MultiPushQEl0YOLOX-Post-Process MultiPushQEl0YOLOX-Post-Process MultiPushQEl0YOLOX-Post-Process MultiPushQEl0YOLOX-Post-Process MultiPushQEl0YOLOX-Post-Process MultiPushQEl0YOLOX-Post-Process
[2026-01-06 17:55:00.418] [20414] [HailoRT] [info] [pipeline.cpp:891] [print_deep_description] MultiPushQEl0YOLOX-Post-Process | inputs: AsyncHwEl[0] AsyncHwEl[1] AsyncHwEl[2] AsyncHwEl[3] AsyncHwEl[4] AsyncHwEl[5] AsyncHwEl[6] AsyncHwEl[7] AsyncHwEl[8] | outputs: NmsPPMuxEl0YOLOX-Post-Process(running in thread_id: 21020)
[2026-01-06 17:55:00.418] [20414] [HailoRT] [info] [pipeline.cpp:891] [print_deep_description] NmsPPMuxEl0YOLOX-Post-Process | inputs: MultiPushQEl0YOLOX-Post-Process[0] | outputs: LastAsyncEl0NmsPPMuxEl0YOLOX-Post-Process
[2026-01-06 17:55:00.418] [20414] [HailoRT] [info] [pipeline.cpp:891] [print_deep_description] LastAsyncEl0NmsPPMuxEl0YOLOX-Post-Process | inputs: NmsPPMuxEl0YOLOX-Post-Process[0] | outputs: user
[2026-01-06 17:55:02.511] [21010] [HailoRT] [info] [hef.cpp:1929] [get_network_group_and_network_name] No name was given. Addressing all networks of default network_group: yolov6n
[2026-01-06 17:55:19.728] [20414] [HailoRT] [info] [async_infer_runner.cpp:86] [shutdown] Pipeline was aborted. Shutting it down
[2026-01-06 17:55:19.734] [21000] [HailoRT] [info] [network_group.cpp:857] [operator()] Infer request was aborted by user
[2026-01-06 17:55:19.734] [21000] [HailoRT] [info] [network_group.cpp:857] [operator()] Infer request was aborted by user
[2026-01-06 17:55:19.734] [20414] [HailoRT] [info] [queue_elements.cpp:1131] [execute_deactivate] enqueue() in element MultiPushQEl0YOLOX-Post-Process was aborted, got status = HAILO_SHUTDOWN_EVENT_SIGNALED(57)
[2026-01-06 17:55:19.734] [20414] [HailoRT] [info] [queue_elements.cpp:1131] [execute_deactivate] enqueue() in element MultiPushQEl0YOLOX-Post-Process was aborted, got status = HAILO_SHUTDOWN_EVENT_SIGNALED(57)
[2026-01-06 17:55:19.734] [20414] [HailoRT] [info] [queue_elements.cpp:1131] [execute_deactivate] enqueue() in element MultiPushQEl0YOLOX-Post-Process was aborted, got status = HAILO_SHUTDOWN_EVENT_SIGNALED(57)
[2026-01-06 17:55:19.734] [20414] [HailoRT] [info] [queue_elements.cpp:1131] [execute_deactivate] enqueue() in element MultiPushQEl0YOLOX-Post-Process was aborted, got status = HAILO_SHUTDOWN_EVENT_SIGNALED(57)
[2026-01-06 17:55:19.734] [20414] [HailoRT] [info] [queue_elements.cpp:1131] [execute_deactivate] enqueue() in element MultiPushQEl0YOLOX-Post-Process was aborted, got status = HAILO_SHUTDOWN_EVENT_SIGNALED(57)
[2026-01-06 17:55:19.734] [20414] [HailoRT] [info] [queue_elements.cpp:1131] [execute_deactivate] enqueue() in element MultiPushQEl0YOLOX-Post-Process was aborted, got status = HAILO_SHUTDOWN_EVENT_SIGNALED(57)
[2026-01-06 17:55:19.734] [20414] [HailoRT] [info] [queue_elements.cpp:1131] [execute_deactivate] enqueue() in element MultiPushQEl0YOLOX-Post-Process was aborted, got status = HAILO_SHUTDOWN_EVENT_SIGNALED(57)
[2026-01-06 17:55:19.734] [20414] [HailoRT] [info] [queue_elements.cpp:1131] [execute_deactivate] enqueue() in element MultiPushQEl0YOLOX-Post-Process was aborted, got status = HAILO_SHUTDOWN_EVENT_SIGNALED(57)
[2026-01-06 17:55:19.734] [20414] [HailoRT] [info] [queue_elements.cpp:1131] [execute_deactivate] enqueue() in element MultiPushQEl0YOLOX-Post-Process was aborted, got status = HAILO_SHUTDOWN_EVENT_SIGNALED(57)
[2026-01-06 17:55:19.734] [20414] [HailoRT] [info] [queue_elements.cpp:570] [execute_deactivate] enqueue() in element PushQEl3yolov6n/input_layer1 was aborted, got status = HAILO_SHUTDOWN_EVENT_SIGNALED(57)
[2026-01-06 17:55:19.734] [20414] [HailoRT] [info] [queue_elements.cpp:570] [execute_deactivate] enqueue() in element EntryPushQEl0yolov6n/input_layer1 was aborted, got status = HAILO_SHUTDOWN_EVENT_SIGNALED(57)
[2026-01-06 17:55:19.734] [20414] [HailoRT] [info] [queue_elements.cpp:46] [~BaseQueueElement] Queue element EntryPushQEl0yolov6n/input_layer1 has 0 frames in his Queue on destruction
[2026-01-06 17:55:19.734] [20414] [HailoRT] [info] [queue_elements.cpp:46] [~BaseQueueElement] Queue element PushQEl3yolov6n/input_layer1 has 0 frames in his Queue on destruction
[2026-01-06 17:56:00.092] [21066] [HailoRT] [info] [device.cpp:49] [Device] OS Version: Linux 6.12.47+rpt-rpi-2712 #1 SMP PREEMPT Debian 1:6.12.47-1+rpt1~bookworm (2025-09-16) aarch64
[2026-01-06 17:56:00.093] [21066] [HailoRT] [info] [control.cpp:108] [control__parse_identify_results] firmware_version is: 4.20.0
[2026-01-06 17:56:00.094] [21066] [HailoRT] [info] [control.cpp:108] [control__parse_identify_results] firmware_version is: 4.20.0
[2026-01-06 17:56:00.154] [21074] [HailoRT] [info] [device.cpp:49] [Device] OS Version: Linux 6.12.47+rpt-rpi-2712 #1 SMP PREEMPT Debian 1:6.12.47-1+rpt1~bookworm (2025-09-16) aarch64
[2026-01-06 17:56:00.156] [21074] [HailoRT] [info] [control.cpp:108] [control__parse_identify_results] firmware_version is: 4.20.0
[2026-01-06 17:56:00.157] [21074] [HailoRT] [info] [control.cpp:108] [control__parse_identify_results] firmware_version is: 4.20.0
[2026-01-06 17:56:00.214] [21082] [HailoRT] [info] [device.cpp:49] [Device] OS Version: Linux 6.12.47+rpt-rpi-2712 #1 SMP PREEMPT Debian 1:6.12.47-1+rpt1~bookworm (2025-09-16) aarch64
[2026-01-06 17:56:00.218] [21082] [HailoRT] [info] [control.cpp:108] [control__parse_identify_results] firmware_version is: 4.20.0
[2026-01-06 17:56:00.220] [21082] [HailoRT] [info] [control.cpp:108] [control__parse_identify_results] firmware_version is: 4.20.0
[2026-01-06 17:56:00.278] [20414] [HailoRT] [info] [vdevice.cpp:523] [create] Creating vdevice with params: device_count: 1, scheduling_algorithm: ROUND_ROBIN, multi_process_service: false
[2026-01-06 17:56:00.290] [20414] [HailoRT] [info] [device.cpp:49] [Device] OS Version: Linux 6.12.47+rpt-rpi-2712 #1 SMP PREEMPT Debian 1:6.12.47-1+rpt1~bookworm (2025-09-16) aarch64
[2026-01-06 17:56:00.292] [20414] [HailoRT] [info] [control.cpp:108] [control__parse_identify_results] firmware_version is: 4.20.0
[2026-01-06 17:56:00.292] [20414] [HailoRT] [info] [vdevice.cpp:651] [create] VDevice Infos: 0001:01:00.0
[2026-01-06 17:56:00.313] [20414] [HailoRT] [info] [hef.cpp:1929] [get_network_group_and_network_name] No name was given. Addressing all networks of default network_group: yolov6n
[2026-01-06 17:56:00.313] [20414] [HailoRT] [info] [hef.cpp:1929] [get_network_group_and_network_name] No name was given. Addressing all networks of default network_group: yolov6n
[2026-01-06 17:56:00.340] [20414] [HailoRT] [info] [internal_buffer_manager.cpp:202] [print_execution_results] Default Internal buffer planner failed to meet requirements
[2026-01-06 17:56:00.340] [20414] [HailoRT] [info] [internal_buffer_manager.cpp:212] [print_execution_results] Default Internal buffer planner executed successfully
[2026-01-06 17:56:00.349] [20414] [HailoRT] [info] [device_internal.cpp:57] [configure] Configuring HEF took 28.956887 milliseconds
[2026-01-06 17:56:00.349] [20414] [HailoRT] [info] [vdevice.cpp:749] [configure] Configuring HEF on VDevice took 29.46631 milliseconds
[2026-01-06 17:56:00.349] [20414] [HailoRT] [info] [infer_model.cpp:436] [configure] Configuring network group 'yolov6n' with params: batch size: 2, power mode: PERFORMANCE, latency: NONE
[2026-01-06 17:56:00.349] [20414] [HailoRT] [info] [multi_io_elements.cpp:756] [create] Created (AsyncHwEl)
[2026-01-06 17:56:00.350] [20414] [HailoRT] [info] [queue_elements.cpp:450] [create] Created (EntryPushQEl0yolov6n/input_layer1 | timeout: 10s)
[2026-01-06 17:56:00.350] [20414] [HailoRT] [info] [filter_elements.cpp:101] [create] Created (PreInferEl3yolov6n/input_layer1 | Reorder - src_order: RGB4, src_shape: (640, 640, 3), dst_order: NHCW, dst_shape: (640, 640, 3))
[2026-01-06 17:56:00.350] [20414] [HailoRT] [info] [queue_elements.cpp:450] [create] Created (PushQEl3yolov6n/input_layer1 | timeout: 10s)
[2026-01-06 17:56:00.350] [20414] [HailoRT] [info] [multi_io_elements.cpp:135] [create] Created (NmsPPMuxEl0YOLOX-Post-Process | Op YOLOX, Name: YOLOX-Post-Process, Score threshold: 0.300, IoU threshold: 0.45, Classes: 80, Cross classes: false, NMS results order: BY_CLASS, Max bboxes per class: 100, Image height: 640, Image width: 640)
[2026-01-06 17:56:00.351] [20414] [HailoRT] [info] [queue_elements.cpp:942] [create] Created (MultiPushQEl0YOLOX-Post-Process | timeout: 10s)
[2026-01-06 17:56:00.351] [20414] [HailoRT] [info] [edge_elements.cpp:187] [create] Created (LastAsyncEl0NmsPPMuxEl0YOLOX-Post-Process)
[2026-01-06 17:56:00.351] [20414] [HailoRT] [info] [pipeline.cpp:891] [print_deep_description] EntryPushQEl0yolov6n/input_layer1 | inputs: user | outputs: PreInferEl3yolov6n/input_layer1(running in thread_id: 21112)
[2026-01-06 17:56:00.351] [20414] [HailoRT] [info] [pipeline.cpp:891] [print_deep_description] PreInferEl3yolov6n/input_layer1 | inputs: EntryPushQEl0yolov6n/input_layer1[0] | outputs: PushQEl3yolov6n/input_layer1
[2026-01-06 17:56:00.351] [20414] [HailoRT] [info] [pipeline.cpp:891] [print_deep_description] PushQEl3yolov6n/input_layer1 | inputs: PreInferEl3yolov6n/input_layer1[0] | outputs: AsyncHwEl(running in thread_id: 21113)
[2026-01-06 17:56:00.351] [20414] [HailoRT] [info] [pipeline.cpp:891] [print_deep_description] AsyncHwEl | inputs: PushQEl3yolov6n/input_layer1[0] | outputs: MultiPushQEl0YOLOX-Post-Process MultiPushQEl0YOLOX-Post-Process MultiPushQEl0YOLOX-Post-Process MultiPushQEl0YOLOX-Post-Process MultiPushQEl0YOLOX-Post-Process MultiPushQEl0YOLOX-Post-Process MultiPushQEl0YOLOX-Post-Process MultiPushQEl0YOLOX-Post-Process MultiPushQEl0YOLOX-Post-Process
[2026-01-06 17:56:00.351] [20414] [HailoRT] [info] [pipeline.cpp:891] [print_deep_description] MultiPushQEl0YOLOX-Post-Process | inputs: AsyncHwEl[0] AsyncHwEl[1] AsyncHwEl[2] AsyncHwEl[3] AsyncHwEl[4] AsyncHwEl[5] AsyncHwEl[6] AsyncHwEl[7] AsyncHwEl[8] | outputs: NmsPPMuxEl0YOLOX-Post-Process(running in thread_id: 21114)
[2026-01-06 17:56:00.351] [20414] [HailoRT] [info] [pipeline.cpp:891] [print_deep_description] NmsPPMuxEl0YOLOX-Post-Process | inputs: MultiPushQEl0YOLOX-Post-Process[0] | outputs: LastAsyncEl0NmsPPMuxEl0YOLOX-Post-Process
[2026-01-06 17:56:00.351] [20414] [HailoRT] [info] [pipeline.cpp:891] [print_deep_description] LastAsyncEl0NmsPPMuxEl0YOLOX-Post-Process | inputs: NmsPPMuxEl0YOLOX-Post-Process[0] | outputs: user
[2026-01-06 17:56:02.477] [21104] [HailoRT] [info] [hef.cpp:1929] [get_network_group_and_network_name] No name was given. Addressing all networks of default network_group: yolov6n
[2026-01-06 17:56:19.414] [20414] [HailoRT] [info] [async_infer_runner.cpp:86] [shutdown] Pipeline was aborted. Shutting it down
[2026-01-06 17:56:19.414] [20414] [HailoRT] [info] [queue_elements.cpp:1131] [execute_deactivate] enqueue() in element MultiPushQEl0YOLOX-Post-Process was aborted, got status = HAILO_SHUTDOWN_EVENT_SIGNALED(57)
[2026-01-06 17:56:19.414] [20414] [HailoRT] [info] [queue_elements.cpp:1131] [execute_deactivate] enqueue() in element MultiPushQEl0YOLOX-Post-Process was aborted, got status = HAILO_SHUTDOWN_EVENT_SIGNALED(57)
[2026-01-06 17:56:19.414] [20414] [HailoRT] [info] [queue_elements.cpp:1131] [execute_deactivate] enqueue() in element MultiPushQEl0YOLOX-Post-Process was aborted, got status = HAILO_SHUTDOWN_EVENT_SIGNALED(57)
[2026-01-06 17:56:19.414] [20414] [HailoRT] [info] [queue_elements.cpp:1131] [execute_deactivate] enqueue() in element MultiPushQEl0YOLOX-Post-Process was aborted, got status = HAILO_SHUTDOWN_EVENT_SIGNALED(57)
[2026-01-06 17:56:19.414] [20414] [HailoRT] [info] [queue_elements.cpp:1131] [execute_deactivate] enqueue() in element MultiPushQEl0YOLOX-Post-Process was aborted, got status = HAILO_SHUTDOWN_EVENT_SIGNALED(57)
[2026-01-06 17:56:19.414] [20414] [HailoRT] [info] [queue_elements.cpp:1131] [execute_deactivate] enqueue() in element MultiPushQEl0YOLOX-Post-Process was aborted, got status = HAILO_SHUTDOWN_EVENT_SIGNALED(57)
[2026-01-06 17:56:19.414] [20414] [HailoRT] [info] [queue_elements.cpp:1131] [execute_deactivate] enqueue() in element MultiPushQEl0YOLOX-Post-Process was aborted, got status = HAILO_SHUTDOWN_EVENT_SIGNALED(57)
[2026-01-06 17:56:19.414] [20414] [HailoRT] [info] [queue_elements.cpp:1131] [execute_deactivate] enqueue() in element MultiPushQEl0YOLOX-Post-Process was aborted, got status = HAILO_SHUTDOWN_EVENT_SIGNALED(57)
[2026-01-06 17:56:19.414] [20414] [HailoRT] [info] [queue_elements.cpp:1131] [execute_deactivate] enqueue() in element MultiPushQEl0YOLOX-Post-Process was aborted, got status = HAILO_SHUTDOWN_EVENT_SIGNALED(57)
[2026-01-06 17:56:19.414] [20414] [HailoRT] [info] [queue_elements.cpp:570] [execute_deactivate] enqueue() in element PushQEl3yolov6n/input_layer1 was aborted, got status = HAILO_SHUTDOWN_EVENT_SIGNALED(57)
[2026-01-06 17:56:19.414] [20414] [HailoRT] [info] [queue_elements.cpp:570] [execute_deactivate] enqueue() in element EntryPushQEl0yolov6n/input_layer1 was aborted, got status = HAILO_SHUTDOWN_EVENT_SIGNALED(57)
[2026-01-06 17:56:19.414] [20414] [HailoRT] [info] [queue_elements.cpp:46] [~BaseQueueElement] Queue element EntryPushQEl0yolov6n/input_layer1 has 0 frames in his Queue on destruction
[2026-01-06 17:56:19.414] [20414] [HailoRT] [info] [queue_elements.cpp:46] [~BaseQueueElement] Queue element PushQEl3yolov6n/input_layer1 has 0 frames in his Queue on destruction
[2026-01-07 11:01:02.954] [3285] [HailoRT] [info] [device.cpp:49] [Device] OS Version: Linux 6.12.47+rpt-rpi-2712 #1 SMP PREEMPT Debian 1:6.12.47-1+rpt1~bookworm (2025-09-16) aarch64
[2026-01-07 11:01:02.955] [3285] [HailoRT] [info] [control.cpp:108] [control__parse_identify_results] firmware_version is: 4.20.0
[2026-01-07 11:01:02.956] [3285] [HailoRT] [info] [control.cpp:108] [control__parse_identify_results] firmware_version is: 4.20.0
[2026-01-07 11:01:03.037] [3300] [HailoRT] [info] [device.cpp:49] [Device] OS Version: Linux 6.12.47+rpt-rpi-2712 #1 SMP PREEMPT Debian 1:6.12.47-1+rpt1~bookworm (2025-09-16) aarch64
[2026-01-07 11:01:03.038] [3300] [HailoRT] [info] [control.cpp:108] [control__parse_identify_results] firmware_version is: 4.20.0
[2026-01-07 11:01:03.039] [3300] [HailoRT] [info] [control.cpp:108] [control__parse_identify_results] firmware_version is: 4.20.0
[2026-01-07 11:01:03.102] [3308] [HailoRT] [info] [device.cpp:49] [Device] OS Version: Linux 6.12.47+rpt-rpi-2712 #1 SMP PREEMPT Debian 1:6.12.47-1+rpt1~bookworm (2025-09-16) aarch64
[2026-01-07 11:01:03.103] [3308] [HailoRT] [info] [control.cpp:108] [control__parse_identify_results] firmware_version is: 4.20.0
[2026-01-07 11:01:03.104] [3308] [HailoRT] [info] [control.cpp:108] [control__parse_identify_results] firmware_version is: 4.20.0
[2026-01-07 11:01:03.704] [2649] [HailoRT] [info] [vdevice.cpp:523] [create] Creating vdevice with params: device_count: 1, scheduling_algorithm: ROUND_ROBIN, multi_process_service: false
[2026-01-07 11:01:03.739] [2649] [HailoRT] [info] [device.cpp:49] [Device] OS Version: Linux 6.12.47+rpt-rpi-2712 #1 SMP PREEMPT Debian 1:6.12.47-1+rpt1~bookworm (2025-09-16) aarch64
[2026-01-07 11:01:03.741] [2649] [HailoRT] [info] [control.cpp:108] [control__parse_identify_results] firmware_version is: 4.20.0
[2026-01-07 11:01:03.742] [2649] [HailoRT] [info] [vdevice.cpp:651] [create] VDevice Infos: 0001:01:00.0
[2026-01-07 11:01:03.875] [2649] [HailoRT] [info] [hef.cpp:1929] [get_network_group_and_network_name] No name was given. Addressing all networks of default network_group: yolov6n
[2026-01-07 11:01:03.875] [2649] [HailoRT] [info] [hef.cpp:1929] [get_network_group_and_network_name] No name was given. Addressing all networks of default network_group: yolov6n
[2026-01-07 11:01:04.258] [2649] [HailoRT] [info] [internal_buffer_manager.cpp:202] [print_execution_results] Default Internal buffer planner failed to meet requirements
[2026-01-07 11:01:04.258] [2649] [HailoRT] [info] [internal_buffer_manager.cpp:212] [print_execution_results] Default Internal buffer planner executed successfully
[2026-01-07 11:01:04.264] [2649] [HailoRT] [info] [device_internal.cpp:57] [configure] Configuring HEF took 17.074873 milliseconds
[2026-01-07 11:01:04.265] [2649] [HailoRT] [info] [vdevice.cpp:749] [configure] Configuring HEF on VDevice took 17.842519 milliseconds
[2026-01-07 11:01:04.265] [2649] [HailoRT] [info] [infer_model.cpp:436] [configure] Configuring network group 'yolov6n' with params: batch size: 2, power mode: PERFORMANCE, latency: NONE
[2026-01-07 11:01:04.288] [2649] [HailoRT] [info] [multi_io_elements.cpp:756] [create] Created (AsyncHwEl)
[2026-01-07 11:01:04.289] [2649] [HailoRT] [info] [queue_elements.cpp:450] [create] Created (EntryPushQEl0yolov6n/input_layer1 | timeout: 10s)
[2026-01-07 11:01:04.289] [2649] [HailoRT] [info] [filter_elements.cpp:101] [create] Created (PreInferEl3yolov6n/input_layer1 | Reorder - src_order: RGB4, src_shape: (640, 640, 3), dst_order: NHCW, dst_shape: (640, 640, 3))
[2026-01-07 11:01:04.289] [2649] [HailoRT] [info] [queue_elements.cpp:450] [create] Created (PushQEl3yolov6n/input_layer1 | timeout: 10s)
[2026-01-07 11:01:04.289] [2649] [HailoRT] [info] [multi_io_elements.cpp:135] [create] Created (NmsPPMuxEl0YOLOX-Post-Process | Op YOLOX, Name: YOLOX-Post-Process, Score threshold: 0.300, IoU threshold: 0.45, Classes: 80, Cross classes: false, NMS results order: BY_CLASS, Max bboxes per class: 100, Image height: 640, Image width: 640)
[2026-01-07 11:01:04.290] [2649] [HailoRT] [info] [queue_elements.cpp:942] [create] Created (MultiPushQEl0YOLOX-Post-Process | timeout: 10s)
[2026-01-07 11:01:04.290] [2649] [HailoRT] [info] [edge_elements.cpp:187] [create] Created (LastAsyncEl0NmsPPMuxEl0YOLOX-Post-Process)
[2026-01-07 11:01:04.290] [2649] [HailoRT] [info] [pipeline.cpp:891] [print_deep_description] EntryPushQEl0yolov6n/input_layer1 | inputs: user | outputs: PreInferEl3yolov6n/input_layer1(running in thread_id: 3355)
[2026-01-07 11:01:04.312] [2649] [HailoRT] [info] [pipeline.cpp:891] [print_deep_description] PreInferEl3yolov6n/input_layer1 | inputs: EntryPushQEl0yolov6n/input_layer1[0] | outputs: PushQEl3yolov6n/input_layer1
[2026-01-07 11:01:04.312] [2649] [HailoRT] [info] [pipeline.cpp:891] [print_deep_description] PushQEl3yolov6n/input_layer1 | inputs: PreInferEl3yolov6n/input_layer1[0] | outputs: AsyncHwEl(running in thread_id: 3356)
[2026-01-07 11:01:04.312] [2649] [HailoRT] [info] [pipeline.cpp:891] [print_deep_description] AsyncHwEl | inputs: PushQEl3yolov6n/input_layer1[0] | outputs: MultiPushQEl0YOLOX-Post-Process MultiPushQEl0YOLOX-Post-Process MultiPushQEl0YOLOX-Post-Process MultiPushQEl0YOLOX-Post-Process MultiPushQEl0YOLOX-Post-Process MultiPushQEl0YOLOX-Post-Process MultiPushQEl0YOLOX-Post-Process MultiPushQEl0YOLOX-Post-Process MultiPushQEl0YOLOX-Post-Process
[2026-01-07 11:01:04.312] [2649] [HailoRT] [info] [pipeline.cpp:891] [print_deep_description] MultiPushQEl0YOLOX-Post-Process | inputs: AsyncHwEl[0] AsyncHwEl[1] AsyncHwEl[2] AsyncHwEl[3] AsyncHwEl[4] AsyncHwEl[5] AsyncHwEl[6] AsyncHwEl[7] AsyncHwEl[8] | outputs: NmsPPMuxEl0YOLOX-Post-Process(running in thread_id: 3357)
[2026-01-07 11:01:04.312] [2649] [HailoRT] [info] [pipeline.cpp:891] [print_deep_description] NmsPPMuxEl0YOLOX-Post-Process | inputs: MultiPushQEl0YOLOX-Post-Process[0] | outputs: LastAsyncEl0NmsPPMuxEl0YOLOX-Post-Process
[2026-01-07 11:01:04.312] [2649] [HailoRT] [info] [pipeline.cpp:891] [print_deep_description] LastAsyncEl0NmsPPMuxEl0YOLOX-Post-Process | inputs: NmsPPMuxEl0YOLOX-Post-Process[0] | outputs: user
[2026-01-07 11:01:06.381] [3347] [HailoRT] [info] [hef.cpp:1929] [get_network_group_and_network_name] No name was given. Addressing all networks of default network_group: yolov6n
[2026-01-07 11:01:22.658] [2649] [HailoRT] [info] [async_infer_runner.cpp:86] [shutdown] Pipeline was aborted. Shutting it down
[2026-01-07 11:01:22.658] [2649] [HailoRT] [info] [queue_elements.cpp:1131] [execute_deactivate] enqueue() in element MultiPushQEl0YOLOX-Post-Process was aborted, got status = HAILO_SHUTDOWN_EVENT_SIGNALED(57)
[2026-01-07 11:01:22.658] [2649] [HailoRT] [info] [queue_elements.cpp:1131] [execute_deactivate] enqueue() in element MultiPushQEl0YOLOX-Post-Process was aborted, got status = HAILO_SHUTDOWN_EVENT_SIGNALED(57)
[2026-01-07 11:01:22.658] [2649] [HailoRT] [info] [queue_elements.cpp:1131] [execute_deactivate] enqueue() in element MultiPushQEl0YOLOX-Post-Process was aborted, got status = HAILO_SHUTDOWN_EVENT_SIGNALED(57)
[2026-01-07 11:01:22.658] [2649] [HailoRT] [info] [queue_elements.cpp:1131] [execute_deactivate] enqueue() in element MultiPushQEl0YOLOX-Post-Process was aborted, got status = HAILO_SHUTDOWN_EVENT_SIGNALED(57)
[2026-01-07 11:01:22.658] [2649] [HailoRT] [info] [queue_elements.cpp:1131] [execute_deactivate] enqueue() in element MultiPushQEl0YOLOX-Post-Process was aborted, got status = HAILO_SHUTDOWN_EVENT_SIGNALED(57)
[2026-01-07 11:01:22.658] [2649] [HailoRT] [info] [queue_elements.cpp:1131] [execute_deactivate] enqueue() in element MultiPushQEl0YOLOX-Post-Process was aborted, got status = HAILO_SHUTDOWN_EVENT_SIGNALED(57)
[2026-01-07 11:01:22.658] [2649] [HailoRT] [info] [queue_elements.cpp:1131] [execute_deactivate] enqueue() in element MultiPushQEl0YOLOX-Post-Process was aborted, got status = HAILO_SHUTDOWN_EVENT_SIGNALED(57)
[2026-01-07 11:01:22.658] [2649] [HailoRT] [info] [queue_elements.cpp:1131] [execute_deactivate] enqueue() in element MultiPushQEl0YOLOX-Post-Process was aborted, got status = HAILO_SHUTDOWN_EVENT_SIGNALED(57)
[2026-01-07 11:01:22.658] [2649] [HailoRT] [info] [queue_elements.cpp:1131] [execute_deactivate] enqueue() in element MultiPushQEl0YOLOX-Post-Process was aborted, got status = HAILO_SHUTDOWN_EVENT_SIGNALED(57)
[2026-01-07 11:01:22.658] [2649] [HailoRT] [info] [queue_elements.cpp:570] [execute_deactivate] enqueue() in element PushQEl3yolov6n/input_layer1 was aborted, got status = HAILO_SHUTDOWN_EVENT_SIGNALED(57)
[2026-01-07 11:01:22.658] [2649] [HailoRT] [info] [queue_elements.cpp:570] [execute_deactivate] enqueue() in element EntryPushQEl0yolov6n/input_layer1 was aborted, got status = HAILO_SHUTDOWN_EVENT_SIGNALED(57)
[2026-01-07 11:01:22.658] [2649] [HailoRT] [info] [queue_elements.cpp:46] [~BaseQueueElement] Queue element EntryPushQEl0yolov6n/input_layer1 has 0 frames in his Queue on destruction
[2026-01-07 11:01:22.658] [2649] [HailoRT] [info] [queue_elements.cpp:46] [~BaseQueueElement] Queue element PushQEl3yolov6n/input_layer1 has 0 frames in his Queue on destruction
